event_id,person_id,name,role
0004b188-1234-46c6-9c38-825624189ede,7b6aa3d147af,Aiko Dai,host
0004b188-1234-46c6-9c38-825624189ede,294eb23191ad,Avik Sethia,speaker
0004b188-1234-46c6-9c38-825624189ede,96e24e0f62f6,Bohan Sun,host
0004b188-1234-46c6-9c38-825624189ede,0eee9cc45556,Dalton Omens,speaker
0004b188-1234-46c6-9c38-825624189ede,1932e04d77c4,Hokin Deng,host
0004b188-1234-46c6-9c38-825624189ede,b4264514525d,Jesse Allardice,speaker
0004b188-1234-46c6-9c38-825624189ede,1e0a4e7e7a98,Jieneng Chen,speaker
0004b188-1234-46c6-9c38-825624189ede,3ed8fb434dd4,Lvmin Zhang,speaker
0004b188-1234-46c6-9c38-825624189ede,1629185b3c79,Noam Malali,speaker
0004b188-1234-46c6-9c38-825624189ede,cf1e52e76625,Randall Balestriero,speaker
0004b188-1234-46c6-9c38-825624189ede,f9e64ecbd8f0,Yanpei Cao,speaker
0004b188-1234-46c6-9c38-825624189ede,c12f3ce925b8,Yilun Du,speaker
0027a0ca-c6e9-4d90-87ea-52e4aacbce25,80f1e3c4469d,Chris Messina,speaker
0027a0ca-c6e9-4d90-87ea-52e4aacbce25,ea9c43e11516,Edward Chang,speaker
0027a0ca-c6e9-4d90-87ea-52e4aacbce25,2c3d7f4fc9fa,Henry Kang,speaker
0027a0ca-c6e9-4d90-87ea-52e4aacbce25,9b1adb1dd64c,Holly Zheng,speaker
0027a0ca-c6e9-4d90-87ea-52e4aacbce25,470800ab8f53,Li Zhang,speaker
0027a0ca-c6e9-4d90-87ea-52e4aacbce25,f2994d4da7e2,Ruichao Ren,speaker
002e72b8-c3af-4bf0-9f2d-dedd5e2f84d4,5d4c12511c9d,Benjamin Haskell,panelist
002e72b8-c3af-4bf0-9f2d-dedd5e2f84d4,4590cc4ea20a,Chjango,panelist
002e72b8-c3af-4bf0-9f2d-dedd5e2f84d4,cf294c0dd817,Cody Zazulak,panelist
002e72b8-c3af-4bf0-9f2d-dedd5e2f84d4,7ffd11a3b2c1,Gerry Vannuffelen,panelist
002e72b8-c3af-4bf0-9f2d-dedd5e2f84d4,0e6ef3e659d0,Kanav Hasija,panelist
002e72b8-c3af-4bf0-9f2d-dedd5e2f84d4,199259414e2d,Kelly McCarthy,panelist
002e72b8-c3af-4bf0-9f2d-dedd5e2f84d4,d48cc4c302e7,Michael Finocchiaro,panelist
002e72b8-c3af-4bf0-9f2d-dedd5e2f84d4,0804946a9126,Natalie Pan,host
002e72b8-c3af-4bf0-9f2d-dedd5e2f84d4,4db2612ad6a4,Nikhil Choudhary,panelist
002e72b8-c3af-4bf0-9f2d-dedd5e2f84d4,801bd3bea2a8,Noah Weber,panelist
005b0c7c-4dc6-4bd9-bd16-3231b8fe8bec,39e02931c610,Alesia S.,invited workshop speaker
005b0c7c-4dc6-4bd9-bd16-3231b8fe8bec,9cc40385ed29,Alesia Siarzhynskaya,speaker
005b0c7c-4dc6-4bd9-bd16-3231b8fe8bec,f44e5873417b,Artem Vysotsky,host
00978ebe-9a4f-4a4b-9e9f-779aab6143dd,dff60e4a2829,Jason Brown,host
00978ebe-9a4f-4a4b-9e9f-779aab6143dd,eeca7c28b47c,Michael Crumley,host
00e476c1-4cee-42b7-9790-2ef3571b3d4b,f9fb0b2c5436,Tracy Massaro,host
012c079b-0a00-42cd-920b-5b7457cba424,baa49c56092e,Keith Belanger,speaker
012c079b-0a00-42cd-920b-5b7457cba424,45b9e9466e65,Yuliia Voichuk,host
015436c2-6534-4658-b817-e524a2496a78,570ba8560599,Jaiya Gill,host
01549725-6396-4518-b31e-c10ad5bb2cab,2b2276a60b6b,Erin Lashbrook,host
01549725-6396-4518-b31e-c10ad5bb2cab,d694825a6147,Isabelle Rena,host
01549725-6396-4518-b31e-c10ad5bb2cab,346bc22366eb,Ryan Phipps,host
01549725-6396-4518-b31e-c10ad5bb2cab,4f17799176df,Stan Xie,host
01b4fb99-876e-48a1-8b15-1418b49d7a7a,b46b85d436d0,Kimberlee Hayashi,speaker
01b4fb99-876e-48a1-8b15-1418b49d7a7a,d81b2a172b90,Mariana Ortiz,host
01b4fb99-876e-48a1-8b15-1418b49d7a7a,755d98a83e21,Matthias Wagner,speaker
01b4fb99-876e-48a1-8b15-1418b49d7a7a,93a50e5affa3,michael raspuzzi,host
01b4fb99-876e-48a1-8b15-1418b49d7a7a,a91549ec7e1d,Miguel Villafuerte,host
01b4fb99-876e-48a1-8b15-1418b49d7a7a,9f5f0e402861,Saba Khalilnaji,speaker
020c1c27-f554-4c07-8569-e010d7e30a8b,fc2d4bbd2c89,Aadi Shah,host
020c1c27-f554-4c07-8569-e010d7e30a8b,e50939317eaf,Andrew Beaumont,host
02212e17-ef70-412f-b782-60c916adcd56,a8ebdb2957e0,Murray Newlands,host
02212e17-ef70-412f-b782-60c916adcd56,f0663cc9a711,Paulina Xu,host
02212e17-ef70-412f-b782-60c916adcd56,ed124ea120ae,Yvonne,host
0238a79e-1905-43c8-8405-f037155223dd,056ee38bbf9e,Donna Te,host
025ad488-7938-4eae-9211-260942b5e664,d7d25ea092a1,Adam Bittlingmayer,host
025ad488-7938-4eae-9211-260942b5e664,03bce7287ea9,Cecilia Yalangozian,host
025ad488-7938-4eae-9211-260942b5e664,67d7c80a7749,Shivali Goel,host
029dc280-acf6-45f3-a53f-199c2a87c5a2,b6c06ea554c9,Claire Park,host
029dc280-acf6-45f3-a53f-199c2a87c5a2,4d94188636e6,Emily Kramer,coach
029dc280-acf6-45f3-a53f-199c2a87c5a2,119117d1435e,Jiaona Zhang,coach
029dc280-acf6-45f3-a53f-199c2a87c5a2,0af706d3fd41,Samantha Quist,host
02bd75fc-b5eb-44f0-beb6-385b9890a7e6,060686195c2f,Ian Barrett,host
02bd75fc-b5eb-44f0-beb6-385b9890a7e6,f618c446f484,Tyler Marques,host
031320ff-c3de-46cf-a814-c05212edef72,8de3c19d7c43,Chris Russo,host
031320ff-c3de-46cf-a814-c05212edef72,48a2c2fbc98e,Kirsten Mullen,speaker
031320ff-c3de-46cf-a814-c05212edef72,e2a41491f9f4,Sandy Darity,speaker
03675e28-b7b8-4a95-bd99-9087e61ed992,a27f288eefc3,Ankur Sethi,host
036ab2ff-1566-41ee-af53-643c2eaf024f,25214fc195c5,Abhived Pulapak,panelist
036ab2ff-1566-41ee-af53-643c2eaf024f,101c0c973e1e,Andrew Thompson,host
036ab2ff-1566-41ee-af53-643c2eaf024f,16553893efe7,Anurag Patnaik,panelist
036ab2ff-1566-41ee-af53-643c2eaf024f,d96252785c0d,Faraz Siddiqi,panelist
036ab2ff-1566-41ee-af53-643c2eaf024f,1db2d416c533,Hermes Frangoudis,host
036ab2ff-1566-41ee-af53-643c2eaf024f,d22139220d0f,Quinn Favret,panelist
036ab2ff-1566-41ee-af53-643c2eaf024f,2c7bd3cecb4e,Ryan Nelson,panelist
036ab2ff-1566-41ee-af53-643c2eaf024f,0d7f03701805,Victor Ortiz,panelist
03bca804-51c0-4268-bfc4-64ec934c143a,01f089ac9a16,Cassie Bradley,host
03bca804-51c0-4268-bfc4-64ec934c143a,f9730f396d23,Kate Kruizenga,host
03bca804-51c0-4268-bfc4-64ec934c143a,f8bab0b6b3a2,Kate Sargent,host
03d0e8d8-6b9f-4688-a25c-e169e179502c,82c43cd8575a,Lizzie Siegle,host
04e13435-ee1b-47c3-8694-3ed66bf3eb0d,e3e322306235,Ellis Porter - The Immigration Attorneys,host
05f3cf92-3c76-4002-be69-de17ee1186fa,128571b15b2f,Salamata Bah,host
06478c6f-9add-429e-b3b8-49942a9a9de5,605b30d37213,Amanda DiTrolio,host
06478c6f-9add-429e-b3b8-49942a9a9de5,a89cd4149126,Manasa Gummalla,host
0648cb8a-77c4-46b5-b6cb-f008a34d5de1,3f5c7c6c84a5,Aivars M. Lipenitis,host
0678c135-392d-45d0-ad0c-909af94f1791,54518fc15739,Denny Lee,host
0680ba12-3172-42a0-a483-b0caf33991f1,7c09506da2cf,Dongen Bradley Zhou,host
0680ba12-3172-42a0-a483-b0caf33991f1,9d151544fdbf,Firooz Mafakheri,host
06b4a380-50c1-4644-8265-b6369da358ba,11b05efa0bb9,Collin Hickey,host
06b4a380-50c1-4644-8265-b6369da358ba,9000203a62f2,Francesca Malayeri,host
06b4a380-50c1-4644-8265-b6369da358ba,c178107afc64,Simmone Seymour,host
07110910-0e7f-4d03-8f61-d567ceaa373f,22af111bad0c,Aaron Bernstein,host
07110910-0e7f-4d03-8f61-d567ceaa373f,3e2b58233c1d,Merrill Feather,host
07110910-0e7f-4d03-8f61-d567ceaa373f,f7062aaa7f46,Mike Schroepfer,host
073e54c8-21c7-4768-9a82-74d818eacf95,0bcd62756efb,Kacie Armbrust,host
0774a00f-6a52-4c0c-888d-a50c7735224d,6a8e7507be4c,Carly Benson,host
07995aa0-d0be-4e3f-b2fc-b3204b7cfe32,9dffcd1dc6b0,Andrew Smith,public named person
07995aa0-d0be-4e3f-b2fc-b3204b7cfe32,72cc9337fced,Blake Haggerty,opening-remarks speaker
07995aa0-d0be-4e3f-b2fc-b3204b7cfe32,0c0f0cce80de,Nancy Yuan,host
07c0f54a-3461-45bc-b8c8-271d00d538e8,177daaad4f71,Dar Patel,facilitator
07c0f54a-3461-45bc-b8c8-271d00d538e8,0e30352126eb,Erick Davidson,host
07c556e4-0626-4cb0-a7a8-ebdbfa15e807,8de3c19d7c43,Chris Russo,host
07d222f4-3767-435d-ab9a-92066503f3c3,52e943229203,Frank,demo presenter
08391803-64a0-4494-a1ec-7662cc228a58,a94769ca530f,Chelsea Borruano,host
08391803-64a0-4494-a1ec-7662cc228a58,e559d48ea111,Nima Imani,host
08e014cc-1029-4215-b4ca-effaf017df2b,199615294f00,Chris Lee,vc panelist
08e014cc-1029-4215-b4ca-effaf017df2b,96f6c0fc6d08,Kateryna Stepurska,host
08e014cc-1029-4215-b4ca-effaf017df2b,e19fa391e490,Ryan Wang,vc panelist
097fa24c-700e-4b9d-9285-bca7e1bf53dd,b8c53a986158,Anu Bhat,host
0989d004-be12-479d-9bed-586bec0dfa60,1c4a7fe29ef9,Subash R.,host
09d20088-201a-4b46-a2bf-d3870ae83edd,7fc8da8e35ed,Austin Nasso,special appearance
09d20088-201a-4b46-a2bf-d3870ae83edd,4654e2a4c2c1,Jorn Lyseggen,host
09d20088-201a-4b46-a2bf-d3870ae83edd,f6d9651006a3,SoHa Zadeh,host
09d20088-201a-4b46-a2bf-d3870ae83edd,37d117cf4781,Summer Chiu,host
09d20088-201a-4b46-a2bf-d3870ae83edd,8f3679b59445,Suzanne Zadeh,host
0a37a0b3-b629-4f1e-9c37-0a612a5e1790,53ff60a3c8f5,Charlene,host
0a37a0b3-b629-4f1e-9c37-0a612a5e1790,b4fa86c1cb09,Jett W,host
0a37a0b3-b629-4f1e-9c37-0a612a5e1790,b7ff1d864a8a,Justin Li,speaker
0a37a0b3-b629-4f1e-9c37-0a612a5e1790,b1e789620529,Yang Fang,speaker
0a37a0b3-b629-4f1e-9c37-0a612a5e1790,8c0bbb32cedd,Zheng Xu,speaker
0a533181-e9ea-47ca-90b4-c1e63589a0b1,07cec254a56d,Jennifer Joy Pawlitschek,host
0a61c61c-2492-4ed6-8b8d-7f4a55af2832,5a07d7f746a4,Eric Klein,host
0a61c61c-2492-4ed6-8b8d-7f4a55af2832,4deb1dda59bb,Pritesh Kumar,host
0a6d4153-20bd-489b-bbd4-cc69b953c9ce,3e95349e87ec,Demi,host
0a700cda-261b-43cc-93ef-82ecfbdc05e6,71c0ff580fbe,Abiodun Johnson,host
0a700cda-261b-43cc-93ef-82ecfbdc05e6,9f206fedccda,Peter Salib,host
0aa5aafa-c5c8-4fef-8f30-f8409034e511,8ffcc9e8e708,Simone Singh,host
0b0ee004-6b32-4699-8c72-aba2b9aafcb6,6c6a67665738,Alina Knobloch,host
0b0ee004-6b32-4699-8c72-aba2b9aafcb6,987164b0c767,Anna Naidis,host
0b0ee004-6b32-4699-8c72-aba2b9aafcb6,d1fd6b13597e,Dean Shapero,speaker
0b0ee004-6b32-4699-8c72-aba2b9aafcb6,58ee5d4e39a2,Igor Sheremet,speaker
0b0ee004-6b32-4699-8c72-aba2b9aafcb6,19db421c6f5a,Ryan Green,host
0bfde2ee-0ea1-4cf0-a783-773e9a5aa994,a9238e271159,Rob Zuber,speaker
0c1f6f75-268c-45a5-a335-5bc91b13e711,3b3c8fa424b2,Jordan Butler,host
0cc0320c-8cfe-4193-8bb6-8a9848ba2d61,7232d7caef86,Osama F Rama,host
0d2e6948-6470-4f44-9e47-0a24a9f6623a,59148658c812,Igor Fil,host
0d2e6948-6470-4f44-9e47-0a24a9f6623a,b89ec75235b4,Itzik Paz,host
0d2e6948-6470-4f44-9e47-0a24a9f6623a,8fcbd801a0e2,Sathya Balakrishnan,host
0d627aef-77d9-4131-bfb7-0abb7aaa0773,cbb6e6e0a1c7,Good Machine,host
0d66d5d9-a38b-46e2-b90e-812e0e31e705,5428690da33b,Keo Buenpacifico,host
0d66d5d9-a38b-46e2-b90e-812e0e31e705,8d8ebc9820ba,Lauren Spalding,host
0d907dc8-b081-4311-ab83-db4851a5f3a2,48d750aa9882,Allen Smith,fireside chat guest
0d907dc8-b081-4311-ab83-db4851a5f3a2,649d52e225ab,Jerusalem Darkera,host
0d907dc8-b081-4311-ab83-db4851a5f3a2,c8289a76484e,Lydia Idem,fireside chat featured speaker
0d907dc8-b081-4311-ab83-db4851a5f3a2,131e85acf6d1,Nora Dockery,host
0e07c33a-5ffd-424b-9908-95159fd556e5,55bfa860adf7,Brigitte Kawaguchi,facilitator
0e07c33a-5ffd-424b-9908-95159fd556e5,9f37745937ef,Chris Riley,host
0e07c33a-5ffd-424b-9908-95159fd556e5,89687b2919e7,Chris Strom,host
0e07c33a-5ffd-424b-9908-95159fd556e5,9331acce416c,Jennifer Nixon,host
0e07c33a-5ffd-424b-9908-95159fd556e5,17a1a598fe26,Robyn Naragon,facilitator
0e07c33a-5ffd-424b-9908-95159fd556e5,2fed0bbc5d80,Sarah Jane (sj) Morris,host
0e197dea-1093-4d9a-a715-df5ccdeb8cc2,fe664818a63c,Alina Knobloch,host
0e197dea-1093-4d9a-a715-df5ccdeb8cc2,52bf168e2c47,Mo Tregenza,host
0e197dea-1093-4d9a-a715-df5ccdeb8cc2,6412270b028a,Rob Tregenza,host
0e20bedf-2fbb-4673-bcf6-e6c72ebf9e6e,edb086772d5e,Mark Liu,speaker
0e2a2278-d557-4652-9e44-0639f3cc9db5,f938b89e697b,Jaki Williams,host
0ea0e2f1-a6da-4730-9be8-7f438e269f9c,57bf3d9d0304,Karim Guessous,host
0eec0946-8d89-4f30-9980-5b6778c5b09c,18775f2db574,Ankur Tyagi,host
0eec0946-8d89-4f30-9980-5b6778c5b09c,0444f7bd5160,Court Lorenzini,keynote speaker
0eec0946-8d89-4f30-9980-5b6778c5b09c,dc051f2694a2,Viktoriia Bezushko,host
0f08c9da-7a71-4074-989d-2b7e364e7bf7,648b1397ff42,Mustafa Türksavaş,workshop leader
0f49b20f-71d2-4605-918a-f8ae7acf4dee,b8ca26bab5b5,Aaron Brown,panelist
0f49b20f-71d2-4605-918a-f8ae7acf4dee,77a284c73fed,Anu Triveti,keynote panelist
0f49b20f-71d2-4605-918a-f8ae7acf4dee,c27b684c8380,Chenxi wang,host
0f49b20f-71d2-4605-918a-f8ae7acf4dee,c97dadbd656f,Girish Chandrasekar,panelist
0f49b20f-71d2-4605-918a-f8ae7acf4dee,a2c8f4e74020,Keith Stewart,panelist
0f49b20f-71d2-4605-918a-f8ae7acf4dee,c17bbfc2292f,Mark Kraynak,keynote panelist
0f49b20f-71d2-4605-918a-f8ae7acf4dee,4d0b193cc97b,Saša Zdjelar,keynote panelist
0f49b20f-71d2-4605-918a-f8ae7acf4dee,284e2a0f36d5,Snehal Antani,panelist
0f49b20f-71d2-4605-918a-f8ae7acf4dee,df06621abba4,Stephanie Cherrin,moderator
0f8ed9b2-953d-4c1c-b349-a30e1cd1e742,fb8cc20079b9,Hayeon Y.,host
0f8ed9b2-953d-4c1c-b349-a30e1cd1e742,49c5c6936815,Jan Liphardt,presenter
0f8ed9b2-953d-4c1c-b349-a30e1cd1e742,1d12fc4e0866,Prachi Sethi,host
0f8ed9b2-953d-4c1c-b349-a30e1cd1e742,b2a5520f5b93,Terence Bennett,host
0fc2fa4d-aba7-4b1e-bd3f-e17d115924df,4553d8c9d1ea,Ogunjubee Ifedolapo,host
0fd36a9a-410e-4a8c-ab1f-4f290e9d1c76,5dbcf279a6d6,Mateusz Jagodzinski,host
0fd36a9a-410e-4a8c-ab1f-4f290e9d1c76,33509324c809,Mateusz Masiczak,host
104b50cb-f03c-4118-a98d-405ef18a47de,c9e327e78cad,Amada Echeverría,host
104b50cb-f03c-4118-a98d-405ef18a47de,2e163aa5de34,Andrew Hinh,host
104b50cb-f03c-4118-a98d-405ef18a47de,97a98c5c1fd6,Grace Hua,host
104b50cb-f03c-4118-a98d-405ef18a47de,63e18bc49a65,Steven Do,host
107b708b-9b7e-4b05-b281-6ed6401f97eb,d262b7e5d121,Charly Levers,speaker
107b708b-9b7e-4b05-b281-6ed6401f97eb,de5172f6a3d5,Dan Zhang,speaker
107b708b-9b7e-4b05-b281-6ed6401f97eb,90508dbdde0e,Joe Kauffman,speaker
10bf5803-a5b3-41cd-86f7-6176d1573fc0,ec5dfeb11043,Nikhil Tayal,host
10bf5803-a5b3-41cd-86f7-6176d1573fc0,fcbe46e9adb8,Peter Lee,host
10f17797-d76c-4a99-89b2-13f9e090d8b6,dfc6b44f4402,Fable Security,host
10f53fd3-f3d7-40d3-b486-8bd4867fc017,8431821de6ee,Richard Trinh,host
10fd7bb3-b761-44bc-b3b6-a4e990ea6b5d,dba46c641036,Anna Yuan,host
10fd7bb3-b761-44bc-b3b6-a4e990ea6b5d,1d881088bebd,Lukas Holzer,host
10fd7bb3-b761-44bc-b3b6-a4e990ea6b5d,386bf18ce62c,Victor Kovalev,host
11826192-52e1-455c-9a7f-3869665f3086,4e224ac2bab7,Janet Gehrmann,host
11d8c75e-39aa-416a-91f4-0234c914849b,ff68496b1051,Aaron Wu,showcase presenter
11d8c75e-39aa-416a-91f4-0234c914849b,44837d3cddba,Anya Cheng,showcase presenter
11d8c75e-39aa-416a-91f4-0234c914849b,bbea49096207,Austin Hwang,speaker
11d8c75e-39aa-416a-91f4-0234c914849b,06d17a68aff2,Chen-Ping Yu,showcase presenter
11d8c75e-39aa-416a-91f4-0234c914849b,18fbbc2e9b63,Chih-Yu “Wretch” Chien,speaker
11d8c75e-39aa-416a-91f4-0234c914849b,e9affbff04bb,George Hsu,showcase presenter
11d8c75e-39aa-416a-91f4-0234c914849b,abe1addac989,I-Chien Jan,host
11d8c75e-39aa-416a-91f4-0234c914849b,b4b61704551f,Ian Chou,showcase presenter
11d8c75e-39aa-416a-91f4-0234c914849b,71ffe01f35a0,Jenny,host
11d8c75e-39aa-416a-91f4-0234c914849b,6bd20a94f535,Paul Hung,speaker
11d8c75e-39aa-416a-91f4-0234c914849b,c6e71a16e2f7,Pepper Yen,showcase presenter
11d8c75e-39aa-416a-91f4-0234c914849b,c49a02943e15,Ping Yeh,showcase presenter
11d8c75e-39aa-416a-91f4-0234c914849b,aab574302888,Poseidon Ho,speaker
11d8c75e-39aa-416a-91f4-0234c914849b,4a6056d53deb,Sean Hong,showcase presenter
11d8c75e-39aa-416a-91f4-0234c914849b,da1577c183b8,Steve Wu,speaker
11d8c75e-39aa-416a-91f4-0234c914849b,4a7f332b249d,Terry Hsiao,speaker
11d8c75e-39aa-416a-91f4-0234c914849b,6ad2ab4013c4,Timothy Chen,speaker
11d8c75e-39aa-416a-91f4-0234c914849b,e22d0590dbdf,Uly Su,host
12126bc5-12f5-4977-9e71-f3d1cd80563d,a8f7e748184f,Nina Korfias,host
12258871-018d-4101-a886-983b8b756ede,9f33b64c40f3,Joe Wyatt,moderator
12258871-018d-4101-a886-983b8b756ede,c811afa77d53,Peter Buckland,fireside guest
12258871-018d-4101-a886-983b8b756ede,1246a94ebf3e,Scott James,fireside guest
1233b68b-a38c-487e-ad20-0084a37e2673,b0cb65ec1c50,Akio Kurata,moderator
1233b68b-a38c-487e-ad20-0084a37e2673,e5d73c04590e,Chris Earley,moderator
1233b68b-a38c-487e-ad20-0084a37e2673,dc5f5fc06742,Doug Barry,panelist
1233b68b-a38c-487e-ad20-0084a37e2673,3a683b60ff5e,Mica Eades Mayo,panelist
1233b68b-a38c-487e-ad20-0084a37e2673,31077ab83688,Niraj Saran,panelist
1233b68b-a38c-487e-ad20-0084a37e2673,9a475ba7cd2c,Pablo Grodnitzky,panelist
1233b68b-a38c-487e-ad20-0084a37e2673,9a358f7645f6,Pushpendre Rastogi,panelist
1233b68b-a38c-487e-ad20-0084a37e2673,4a7103aca328,Richard Rabbat,panelist
1233b68b-a38c-487e-ad20-0084a37e2673,b016ac179eb4,Ronald Croen,panelist
127962b4-dae0-4537-b42a-a8b9698d48cd,d8ce94d17105,ben smith,host
127962b4-dae0-4537-b42a-a8b9698d48cd,233fd91ee6ad,Cat Goetze,host
131971dc-fee5-468c-a25f-e02447486c2a,05634135e667,Sam OD,host
136e2595-a176-4968-b943-00e0df2c9433,af785ca85a4e,Annabel Pemberton,host
136e2595-a176-4968-b943-00e0df2c9433,78d23c8266cd,Livia Mlcochova,host
13a2ec19-9de1-40c6-a735-0ed7e3b4c6d3,9b8bc3bec318,Carrie 'Ms. NFTy' Lyn,host
13a2ec19-9de1-40c6-a735-0ed7e3b4c6d3,94b2dade0873,The Future of Tech,host
14564b88-2af8-4e2a-a42a-524f2526d5c5,8c74e9d5d66c,Bella Rozes,host
14564b88-2af8-4e2a-a42a-524f2526d5c5,408fbeee5f28,Harrison Porter,host
14564b88-2af8-4e2a-a42a-524f2526d5c5,67a0c1e24a07,Jonathan Heit,featured activity leader
14564b88-2af8-4e2a-a42a-524f2526d5c5,9aa34cbe99b6,Lauren Nadel,host
145cde4f-86a5-4495-b676-afe12beca48f,120ac8bc541f,Michael Dressler,host
145e36cf-c8b3-41fb-a2de-198a59ad0844,0ae394a30278,Jay Sahnan,speaker
145e36cf-c8b3-41fb-a2de-198a59ad0844,53ad8ad58cb4,Lavanya Shukla,speaker
145e36cf-c8b3-41fb-a2de-198a59ad0844,7dab3f8720fa,Lukas Bekr,named speaker
145e36cf-c8b3-41fb-a2de-198a59ad0844,5b2551b54c95,Mika Sagindyk,host
14a6b782-3385-4652-9ba8-aaad5ba9307f,49249df7f691,Alex Higby,host
14a6b782-3385-4652-9ba8-aaad5ba9307f,03c89320a8a5,J-Ro,host
14b112b1-0d4f-4b12-8274-d7bdd7bac8f6,4ffba9c19260,Frances Schendle,host
14c55a80-7035-4c1b-864e-afeeadc5ebb9,9dce5857fbc6,Millen Paschich,host
14c55a80-7035-4c1b-864e-afeeadc5ebb9,9b09345979dd,Sina Saffari,speaker
14c55a80-7035-4c1b-864e-afeeadc5ebb9,1dfcd99d4fdd,Thomas Neel,speaker
14f841b6-445a-42ca-9222-27fb6786f935,b8c53a986158,Anu Bhat,host
150a3957-0be3-42d6-bac3-81bb8437f404,d3ece129a3fd,Dasha Cronin,host
150a3957-0be3-42d6-bac3-81bb8437f404,992f18460de4,Jean Kang,speaker / invited conversation participant
150a3957-0be3-42d6-bac3-81bb8437f404,e8dbd8a5876b,Kylee Hayden,host
150a3957-0be3-42d6-bac3-81bb8437f404,8a369092f65e,Larissa Gerlach,speaker / invited conversation participant
150a3957-0be3-42d6-bac3-81bb8437f404,413d9306cb74,Nisha Garg,host
15421286-50d9-466b-a9e2-a35951e928bb,835ef096e6d2,Cristina Soltesz,host
15421286-50d9-466b-a9e2-a35951e928bb,b1f0a42f7b38,Michael Lee,host
1542ad74-d670-45c4-8546-62e7add901ea,1ab5ca5a909b,Kevin Mello,host
154cfa37-9c87-4156-a75f-be0c46cf93e5,ff6933f54256,Eduardo Candela,host
154cfa37-9c87-4156-a75f-be0c46cf93e5,369100f2c7fc,Mariana Aristizabal,host
15a5f70b-7d48-4891-b874-7aa2d170a9b4,b220e7e9e4f7,Material Album,host
15f08877-91f7-4284-959e-58004295ff9a,2c8046b6cfc9,Alexander Graebe,host
15f08877-91f7-4284-959e-58004295ff9a,03f6fa192303,Eli Schleifer,host
16130ed2-dd9c-4c65-859f-1021a23381ad,a41022e3d344,Brent Chase,host
162857b6-c026-4513-b276-4917befa3ac8,2899c8d9667d,Buu Duong,host
162857b6-c026-4513-b276-4917befa3ac8,207e5c950aac,Envision Blueprint,host
16482ccc-d51a-4628-833c-fce210d6f7b4,e9ac4a737693,Alan Aqrawi,panelist
16482ccc-d51a-4628-833c-fce210d6f7b4,4403a28de5a5,Anna Maria Brunnhofer-Pedemonte,host
16482ccc-d51a-4628-833c-fce210d6f7b4,637492fa6fa6,Arian Abbasi,panelist
16482ccc-d51a-4628-833c-fce210d6f7b4,e0183e0b7b5d,Luis Tong,panelist
16482ccc-d51a-4628-833c-fce210d6f7b4,7e2fc342d36c,Mario Schlener,panelist
16482ccc-d51a-4628-833c-fce210d6f7b4,75924babac1a,Melanie Rosenberg,panelist
16951ece-b81d-426e-8b84-6a825dcb37a1,94434d45b582,Matt Schober,host
16d56763-74b6-4610-95e6-53466f9c5330,cf0eb665b5f5,Cecily Mak,public named person
16d56763-74b6-4610-95e6-53466f9c5330,0eb14c6b4857,Jessica Karr,public named person
16d56763-74b6-4610-95e6-53466f9c5330,201f7c0094bd,Lauren M. Taylor,public named person
16d56763-74b6-4610-95e6-53466f9c5330,22844131e843,Liz Hartley,public named person
16d56763-74b6-4610-95e6-53466f9c5330,88b46a24607e,Monique Barbanson,public named person
16d56763-74b6-4610-95e6-53466f9c5330,e0cbc0b6129d,Nmachi Jidenma,fund manager introduced at event
16d56763-74b6-4610-95e6-53466f9c5330,5af5f2538a52,Rachel Chalmers,public named person
16d56763-74b6-4610-95e6-53466f9c5330,113960ef2149,Ruby Bolaria Shifrin,public named person
16f9b290-b738-41fc-944d-b12552766236,d2e7392266ae,Adam Seligman,executive panelist
16f9b290-b738-41fc-944d-b12552766236,ecfeee3d0363,Emily Fang,host
16f9b290-b738-41fc-944d-b12552766236,90b1b0d3c301,Kayla Hamahashi,host
16f9b290-b738-41fc-944d-b12552766236,6a277978acd1,Nnenna Ndukwe,panel moderator
16f9b290-b738-41fc-944d-b12552766236,28d04ece9161,Priti,keynote speaker
16f9b290-b738-41fc-944d-b12552766236,de2204351d17,Ravi Madabhushi,executive panelist
16f9b290-b738-41fc-944d-b12552766236,9115b45d5be9,Shri Mithran,host
16f9b290-b738-41fc-944d-b12552766236,464c0f677a4d,Tamilselvi Ramasamy,host
171221ac-166f-4167-8338-f60152108b56,1e3074817f89,Mayank Kejriwal,host
171221ac-166f-4167-8338-f60152108b56,dea135fbb5ec,Sabrina Sun,host
173d3b04-910b-403d-ace6-8d8a0b29febd,ff08969d65e1,Josh Darron,host
173d3b04-910b-403d-ace6-8d8a0b29febd,52e104f4645b,Mansi More,host
177aaa7e-b2d1-4fcb-b73c-46ddbd2a1ed5,75a92559e465,Eli Willis,host
177ffec4-b963-412c-85bf-d3a424bb14e6,f0663cc9a711,Paulina Xu,host
1783552f-6f3a-4d16-8f55-f1168c579176,34fbc2e6e653,Mariane Bekker,host
1783552f-6f3a-4d16-8f55-f1168c579176,234429c6023d,Nikita Khandheria,host
181c7fe3-ab4a-4a40-b178-7d3f1fad009f,9b2968989061,CHI Lounge,host
181c7fe3-ab4a-4a40-b178-7d3f1fad009f,8560c75e6cdd,Lauren Becherer,host
181c7fe3-ab4a-4a40-b178-7d3f1fad009f,e0b75d2713b5,Ly Pham,host
181c7fe3-ab4a-4a40-b178-7d3f1fad009f,63ace12a3a81,Traci Tucker,host
181c7fe3-ab4a-4a40-b178-7d3f1fad009f,8d4b2f5b4c8a,Xchange Fashion,host
182f7c4e-c15c-4d4e-872d-6bd8f4a6b181,f07c93cc5df4,Jan Kirschke,host
183b5100-5586-45e4-b6a6-14d2fb51bf75,944756b26089,Matt Forsman,host
185b6fd1-c0d1-4030-9360-aa7785317ec0,d3f8ded2eeef,Cynara Lilly,host
188597a1-3bec-4d6a-b207-f1c2b79fe477,6ee9c96ecba4,UGLY TALK - AMY,host
18e1f83c-42a1-4555-982d-7596154cc48c,2fbbb1cc550e,Jade Nangah,host
191f7886-e75c-4f3c-a7c9-427e00fb0429,b0af3f7295e2,Amanda Ritchey,host
191f7886-e75c-4f3c-a7c9-427e00fb0429,12ada195ce3c,Andrew Peek,speaker
191f7886-e75c-4f3c-a7c9-427e00fb0429,013fe1eb1ab5,Brian Roberts,speaker
191f7886-e75c-4f3c-a7c9-427e00fb0429,933d194303c8,Honey Gonzaga,host
191f7886-e75c-4f3c-a7c9-427e00fb0429,44e5f4646bcb,Jen Wallner,host
191f7886-e75c-4f3c-a7c9-427e00fb0429,999fa70f63e7,Sameer Shirsekar,speaker
195254bb-5efc-496e-8623-0cd7932c0c1d,83bc2e37cafb,Startup Valley,host
19aabe19-bf95-4993-b7a0-f658c5ae0441,11ae34f4717a,Angelique Strauss,host
1a16a0cc-3bb7-42e3-aacb-7e65f92bfcd3,4febd299c2ea,Adelina Martiniuc,host and speaker
1a16a0cc-3bb7-42e3-aacb-7e65f92bfcd3,e4c4036d93c2,Julian Weisser,speaker
1a2a5077-9d33-4dbc-b444-07e4044951b0,32d1d05334c6,Danil Kislinskiy,host
1a83ad8b-6dc0-421b-abcb-9b175b44fd31,e923ecbf2f33,Alesya MacWaters,host
1a83ad8b-6dc0-421b-abcb-9b175b44fd31,dd55f5f517a4,Emily Iscoff-Daigian,dinner guest speaker
1a83ad8b-6dc0-421b-abcb-9b175b44fd31,5f87c50817fb,Stacy Pavlyshyna,dinner guest speaker
1aa23671-7270-42bf-a46e-9805f14ac4c5,8cc7fc2a8837,Connie Koh,host
1aa23671-7270-42bf-a46e-9805f14ac4c5,349578b12ea2,Jane Ge,host
1aa3beea-03e6-4cae-83c1-f731dfa509d5,eba54c5ba72b,Aayush Jain,host
1aa3beea-03e6-4cae-83c1-f731dfa509d5,1132aee3a77c,Kelley Lawson,host
1aa3beea-03e6-4cae-83c1-f731dfa509d5,2baef349381c,Kirsten Green,judge
1aa3beea-03e6-4cae-83c1-f731dfa509d5,bfc2c1ea741b,Mariam Naficy,judge
1aa3beea-03e6-4cae-83c1-f731dfa509d5,f3768bd63995,Noah Lin,host
1aa3beea-03e6-4cae-83c1-f731dfa509d5,0f070f741835,Tuvana Soronzonbold,host
1ae3d5a2-d6a5-4290-b573-dbc2a4f8f006,3b8548cfd0bc,Aakash Suresh,host
1ae3d5a2-d6a5-4290-b573-dbc2a4f8f006,b23ceab6127e,Evan Yen,host
1ae3d5a2-d6a5-4290-b573-dbc2a4f8f006,693167321fe1,Michelle Wang,host
1b9417cb-89fd-445e-928b-bd8df865ef7c,df8953dc937a,Anyon Computing,host
1b9417cb-89fd-445e-928b-bd8df865ef7c,d72bb32ce7c9,Po-Hsin Huang,host
1bae81af-61c5-4285-bd89-6a9c9d722169,94ec1eafa8a4,Coco Cao,host
1bde761d-4705-4e2e-9c66-ff8f02022ff0,21c5c4e5863a,Adrian Andersson,panelist
1bde761d-4705-4e2e-9c66-ff8f02022ff0,5749e8e9ac68,Henrik Bergström,panelist
1bde761d-4705-4e2e-9c66-ff8f02022ff0,82608a29559b,Jesper Jolma,panelist
1bde761d-4705-4e2e-9c66-ff8f02022ff0,545298e51a10,Max Andåker,panelist
1bde761d-4705-4e2e-9c66-ff8f02022ff0,aef46aeccb8f,Nuné Zadoyan,moderator
1bde761d-4705-4e2e-9c66-ff8f02022ff0,ac740c9f2909,Viktoria Elman,panelist
1c23a335-0897-444f-a6c2-98b6c7397695,120721bdc325,Viktoriia Bezushko,host
1c3e2ea9-089a-4320-ab2e-0f0ec071a792,7ca68f4ce2a9,Aniket Agrawal,host
1c3e2ea9-089a-4320-ab2e-0f0ec071a792,efcd872c432c,Arun Raj,host
1c6c2d42-6e5e-4baa-97da-4637ae580f00,f9455c4e3853,Dustin Callif,moderator
1c6c2d42-6e5e-4baa-97da-4637ae580f00,2a4ebdf510bc,Tony Pu,speaker
1c6c2d42-6e5e-4baa-97da-4637ae580f00,5c8538ab621f,Yannik Marek,speaker
1c8269fe-6273-4abb-bbae-6e7ae25f1e44,c66b187e61d7,Amelia Salter,host
1c8269fe-6273-4abb-bbae-6e7ae25f1e44,f37bbe8e7432,Anita Khamvongsa,host
1c8269fe-6273-4abb-bbae-6e7ae25f1e44,f8801bffbf5c,Ethan Gillman,host
1c8269fe-6273-4abb-bbae-6e7ae25f1e44,b3dfb7c95580,Gautam Krishnamurthi,host
1c8269fe-6273-4abb-bbae-6e7ae25f1e44,8ec72f9dfe34,Lilliana Robinson,host
1c8269fe-6273-4abb-bbae-6e7ae25f1e44,dc5772fb59c7,Sunil Grover,host
1c8269fe-6273-4abb-bbae-6e7ae25f1e44,aab8708aab31,Vik Ghai,host
1c84ca2d-559a-4e81-b400-b14cfe5cb168,18af8a65b893,Charlie Steinbaum,host
1cb6bb41-698c-4632-a92a-65f8c59a347d,08464b280395,Massimo Moretti,host
1cb6bb41-698c-4632-a92a-65f8c59a347d,6642190a6ff9,Yasmine Turki,host
1d7cdf13-f131-43c5-b5c3-bd6987f9c713,ca33b88eeb39,Doug Griffin,host
1d7cdf13-f131-43c5-b5c3-bd6987f9c713,1ce46553e087,George Wu,host
1d7d4ac6-38a3-4bc5-96c6-0d2add523293,f0663cc9a711,Paulina Xu,host
1d9a3249-500f-41af-afc9-38eb52eeffc2,e0df837bacf3,Aloe Blacc,speaker
1d9a3249-500f-41af-afc9-38eb52eeffc2,bff0847def9f,Luz Luevano,host
1d9a3249-500f-41af-afc9-38eb52eeffc2,47612bf9bd2b,Sahir Ali,speaker
1da3d300-7ab1-408f-9e81-12cd7ad61acf,b7d3568d6674,Danylo Borodchuk,host
1da3d300-7ab1-408f-9e81-12cd7ad61acf,ea47d76bce44,Leo Kayali,speaker
1da3d300-7ab1-408f-9e81-12cd7ad61acf,5d77cc750afb,Uli Golub,moderator
1db9d624-1b20-4386-91b5-2722dd0703a1,642c67a8f4ca,Gokul Rajaram,fireside chat speaker
1db9d624-1b20-4386-91b5-2722dd0703a1,923b2f5c8f35,Kate Shepherd,host
1db9d624-1b20-4386-91b5-2722dd0703a1,6aa16a1f48b5,Ken Narita,host
1db9d624-1b20-4386-91b5-2722dd0703a1,7b8252109094,Nami Baral,fireside conversation speaker
1dcec8b4-e4bc-4c3d-9f7c-3506bcd5bede,9821466df2bf,Albi Zhulali,host
1dcec8b4-e4bc-4c3d-9f7c-3506bcd5bede,7d8a5c49b69f,Alex Harper,panel participant
1dcec8b4-e4bc-4c3d-9f7c-3506bcd5bede,08e8e9fc6048,Javed Maqsood,host
1e4bd0a4-3b03-4064-a766-ce16f6105597,f270c1dd6533,Mateusz Jagodziński,host
1e4bd0a4-3b03-4064-a766-ce16f6105597,33509324c809,Mateusz Masiczak,host
1e8ab954-dfe0-42d3-9208-a30f52d88334,4a67bea29dd6,Chelsea Zou,speaker / panelist
1e8ab954-dfe0-42d3-9208-a30f52d88334,e7616551c989,Peijun Liu,host
1e8ab954-dfe0-42d3-9208-a30f52d88334,55ac46f28578,Preston Burnes,speaker
1e8ab954-dfe0-42d3-9208-a30f52d88334,723eb70a7e29,Shar Zou,speaker / panelist
1e8ab954-dfe0-42d3-9208-a30f52d88334,28dbde863c42,Tian Lan,host
1e9a7f17-73c3-4f14-9d3c-7321baee1ffc,23f0e0be284a,Derek Thach,speaker
1e9a7f17-73c3-4f14-9d3c-7321baee1ffc,abd32dc9c476,Jakub Kopecky,speaker
1e9a7f17-73c3-4f14-9d3c-7321baee1ffc,40d651c84423,Josh Wadinski,speaker
1e9a7f17-73c3-4f14-9d3c-7321baee1ffc,ca3f23a39f99,Lukas Bekr,host
1e9a7f17-73c3-4f14-9d3c-7321baee1ffc,d7c7526019cb,Matej Hamas,speaker
1e9a7f17-73c3-4f14-9d3c-7321baee1ffc,a8a510c6f088,Rayyan Zahid,speaker
1e9cbabf-2d1a-4e9f-ac24-6fa652f35ab4,c1485de2a0e5,Kevin  Yu,host
1ea195c8-fa8d-4c66-b133-6816ff9d8df6,a56d71746e7f,Christopher Carew,host
1ea195c8-fa8d-4c66-b133-6816ff9d8df6,136d9c6e4634,Dr. Josh Elmore,moderator
1ea195c8-fa8d-4c66-b133-6816ff9d8df6,c4788f67e99e,Dr. Pierre Bouquet,featured speaker
1ea195c8-fa8d-4c66-b133-6816ff9d8df6,5e0a67e6e750,Matheus Pagani,host
1ea195c8-fa8d-4c66-b133-6816ff9d8df6,1c5f05354477,Rami A,host
1ea97531-4da2-4ad1-81cb-2cf4f0b59a42,ae94c00ea030,Adyan Tanver,host
1ea97531-4da2-4ad1-81cb-2cf4f0b59a42,26d83570eb92,Aurélie Dupont,host
1ea97531-4da2-4ad1-81cb-2cf4f0b59a42,d96576056a16,Bailee Esposito,host
1ea97531-4da2-4ad1-81cb-2cf4f0b59a42,9000203a62f2,Francesca Malayeri,host
1ea97531-4da2-4ad1-81cb-2cf4f0b59a42,8a09bc8146f2,Sarina Regehr,host
1ea97531-4da2-4ad1-81cb-2cf4f0b59a42,4723cc03cb83,Wyatt Thompson,host
1ebc84d0-0201-403b-9736-51d250d64555,c7cdef969fb9,Jeffrey Martinez,host
1ee0a2e5-80d3-4d58-b78d-8662c18e560c,0781bac4b8b7,Angèle Sahraoui,public named person
1ee0a2e5-80d3-4d58-b78d-8662c18e560c,1d0c525a4dcc,Bing Li,public named person
1ee0a2e5-80d3-4d58-b78d-8662c18e560c,7a0bd40d50d6,Keith Adams,public named person
1ee0a2e5-80d3-4d58-b78d-8662c18e560c,6725ddf33661,Nicole Levin,host
1ee0a2e5-80d3-4d58-b78d-8662c18e560c,f1284e3bec3c,Pamela Vagata,public named person
1ee0a2e5-80d3-4d58-b78d-8662c18e560c,401d6f95a46f,qianwen chen,public named person
1ee0a2e5-80d3-4d58-b78d-8662c18e560c,da964e69b8da,Tammie Siew,public named person
1ee0a2e5-80d3-4d58-b78d-8662c18e560c,a9c734934ae8,Vikram Venkat,investor judge
1f3b8829-0ab7-4675-8f89-0e2cfdd7b6aa,f4cbcf97d399,Bob Ippolito,host
1f3b8829-0ab7-4675-8f89-0e2cfdd7b6aa,25fc82d15f20,Christina Ortega,host
1f3b8829-0ab7-4675-8f89-0e2cfdd7b6aa,095813ffabd4,Ellen Z.,host
1f3b8829-0ab7-4675-8f89-0e2cfdd7b6aa,a1f9c0725cc8,Isabella Hill,host
1f3b8829-0ab7-4675-8f89-0e2cfdd7b6aa,2ca4ee1dfc42,Johnny Lin,host
1f3b8829-0ab7-4675-8f89-0e2cfdd7b6aa,7f4a1d649f08,Tatiana Sanchez,host
1f86742f-713e-4c18-bac1-5ad51dc4aaff,85448ad0fc4e,Aniket Naravanekar,host
1f86742f-713e-4c18-bac1-5ad51dc4aaff,18775f2db574,Ankur Tyagi,host
1f86742f-713e-4c18-bac1-5ad51dc4aaff,cfe946afe672,Sahil Sorathiya,host
1fcdedbc-efbf-4776-9de6-e36dd3d55184,220b8563bb7f,Anne Pham,host
1fcdedbc-efbf-4776-9de6-e36dd3d55184,9cf8e8ec3b80,Bin Liu,host
1fcdedbc-efbf-4776-9de6-e36dd3d55184,cd723ead4f0f,Jake Moran,host
1fcdedbc-efbf-4776-9de6-e36dd3d55184,fce2ef49da3a,James Russo,host
1fe9a88b-7186-4108-9065-330ee0a86a46,d0af2ac2b245,Pablo Peniche,host
1fe9a88b-7186-4108-9065-330ee0a86a46,52a85dc43578,Sam Sykes,host
2006e8ee-f8da-4d75-b009-a040305cb7a5,38608f833e67,David Shao,host
2006e8ee-f8da-4d75-b009-a040305cb7a5,81623516a918,Nicole Huang,host
201f4170-2cbc-4eca-8a36-d740dfd9788a,4559191bc20d,Ascent Valley,host
2184d8d8-d242-444e-8fa6-240c8d41a1f9,89b8e42d8082,John Weston,host
2184d8d8-d242-444e-8fa6-240c8d41a1f9,d8132097ccbe,Shrey Gosalia,host
2191cf74-01da-41b2-869a-6e87864c42e4,702aba837288,Michelle Z.,host
21972644-b917-4105-8976-63e9723fab84,6f578cef67bb,Ilias Anwar,host
21b86a7c-a26c-420c-9008-39c54c6985b4,0303b0aef943,Erin Lashbrook,host
21b86a7c-a26c-420c-9008-39c54c6985b4,e2af2380f1ad,Rachel Tsui,host
21b86a7c-a26c-420c-9008-39c54c6985b4,b1cdcfce7d7d,Vanessa Samaniego,host
21b88d5b-0c41-4a2d-9239-6f2c2ee6234c,b63734fb793e,Naveen Rao,host
21de4a77-11cc-433a-a888-a134e38bce34,0abbd82f7532,Derek Andersen,host
21de4a77-11cc-433a-a888-a134e38bce34,cad2146694db,James Gee,host
21de4a77-11cc-433a-a888-a134e38bce34,ab075af0241f,Kasey Johnson,host
21df8b80-4998-4038-80dc-4ff8e9acaeb8,a5be0484f89f,Lesya Arnold,host
21df8b80-4998-4038-80dc-4ff8e9acaeb8,08798701c782,Sarah Romanko,host
21ee60e3-759f-457c-ac41-9fd156a14ad8,b5d2d4f23b6e,Billy Blanks,workout instructor
21ee60e3-759f-457c-ac41-9fd156a14ad8,c919bc14a8fa,Jeanine Clare,host
21ee60e3-759f-457c-ac41-9fd156a14ad8,329107056dc5,Katie Parkes,host
221b8c9d-dfad-4bfc-8a49-bd62ce28c117,c0eb94beac4c,Chris Ma,judge
221b8c9d-dfad-4bfc-8a49-bd62ce28c117,bc1fe003bfa4,Jocelin Zheng,host
221b8c9d-dfad-4bfc-8a49-bd62ce28c117,74d38fcec330,Megan Groves,judge
221b8c9d-dfad-4bfc-8a49-bd62ce28c117,492a1d90df92,Ram Rajagopalan,judge
222c22ee-4b29-4a56-b86e-7002bd4edc38,0c6e1e6c822a,Devinder Sodhi,host
222c22ee-4b29-4a56-b86e-7002bd4edc38,789e1ecefb6d,Emily Fang,host
222c22ee-4b29-4a56-b86e-7002bd4edc38,7a2e75969bb7,Serephina Ha,host
2290ac73-f846-4aee-ad3e-c0e86a6e74f5,d79123f8650a,Katie Eggers,host
22a2a88b-6e09-44f1-b2aa-e73214a68378,9f486b816b60,Chenoa Farnsworth,host
22a2a88b-6e09-44f1-b2aa-e73214a68378,d528b2c3d957,David Holt,host
22a2a88b-6e09-44f1-b2aa-e73214a68378,bb031f84a160,Zack Hernandez,host
22b0a0f2-32fa-49be-bfb6-97dd95724eb0,919d23f38d48,Daniel Ospina,moderator
22b0a0f2-32fa-49be-bfb6-97dd95724eb0,37410a69f591,Ivan Montoya,panelist
22b0a0f2-32fa-49be-bfb6-97dd95724eb0,722768fcbcad,Julian Nuñez,panelist
22b6da7d-f8bc-44ed-8e2e-6e278b18fc7d,9a3b6b7b1b79,Vivian Lei,host
22cd6615-5b9c-474b-bdd6-fb50a85ee2ee,00fa2b460c9e,Ahmer Inam,host
22e96063-41ee-4482-b8d3-bf95464b057f,5a07d7f746a4,Eric Klein,host
22eb5208-ca3b-4daf-93e1-65b4689f038b,1c221b2c3bb6,Hendrik Krack,host
232ed354-7c00-4efa-bb9e-a8e70cdaa4b2,c39b20ba9285,Phil Roselli,host
23524c63-8b6a-4aed-9905-4ab2146dc3cd,898f06b0ea66,Deon Nicholas,speaker
23524c63-8b6a-4aed-9905-4ab2146dc3cd,2f02c9cb9fe9,Tom Eggemeier,speaker
23914995-7ee0-45d4-901a-348ff72cc0da,394010135d7e,Julian Alberts,host
23dffd4a-626b-4967-a52c-888584100892,dafbc85096db,Amy Crook,panelist
23dffd4a-626b-4967-a52c-888584100892,a0d9390803d6,Christine Hill,panelist
23dffd4a-626b-4967-a52c-888584100892,f4273fcc4fe4,Erin Todus,panelist
23dffd4a-626b-4967-a52c-888584100892,eb993a0c0c58,Jenna Ferrua,panelist
24390fcb-aac9-424a-957d-b0bf8642cc98,f8d2b976c823,Ajay Yadav,host
24390fcb-aac9-424a-957d-b0bf8642cc98,c59fee6a7590,Kartikey Jandial,host
243d4369-0c3b-42e6-8a50-bd3789456345,6324bac5703c,Joyce Chen,host
2443f09e-154b-45e8-be74-b70d8b6a9ce2,60fc0aa6d89a,Liang Song,host
24c02020-e862-4f35-8af7-f69ef6a44493,5c37b970e1f3,Theresa Anoje,host
257cae77-5518-43ba-943e-43d2cf344d64,032185162c19,Alex Oberg,panelist
257cae77-5518-43ba-943e-43d2cf344d64,188f4891dbda,Sam Sabin,moderator
257e316c-4742-4936-aa18-2a77121ceb6d,f3051917eac8,Alder Riley,host
25e5e905-2587-4a00-8261-288ea1069d6b,e42d0033db7a,Monique Johnson,host
25e5e905-2587-4a00-8261-288ea1069d6b,aa365b9cb3cf,Natalie Mueller,host
25e5e905-2587-4a00-8261-288ea1069d6b,d626c8de6af1,Samantha Jenkins,host
25f92110-af73-478c-b0fb-998446c1d0e5,9e32b8a07f29,Bill Liu,fireside panelist
25f92110-af73-478c-b0fb-998446c1d0e5,671be280550b,Haley Margolin,host
25f92110-af73-478c-b0fb-998446c1d0e5,5d4a5951da85,Kathryn Wu,fireside panelist
25f92110-af73-478c-b0fb-998446c1d0e5,7687e6949243,Katy Stover Fox,fireside chat participant
25f92110-af73-478c-b0fb-998446c1d0e5,dd15bc790505,Kayla Kavanaugh,host
25f92110-af73-478c-b0fb-998446c1d0e5,4be5285e5fad,Nick DiRienzo,fireside panelist
26107a87-99b0-4d3f-8c88-37199b5129fe,5966feb52b3b,Hebberly Ahatlan,host
26205a13-4380-4a07-ab8d-cef1e08245d0,17827b4777a3,McDermott Will & Schulte,host
266e8516-f0f2-43cf-80ab-634a63342877,73082272874e,Diarra Bousso,speaker
266e8516-f0f2-43cf-80ab-634a63342877,c0446594364b,Krisztan Fockter,speaker
266e8516-f0f2-43cf-80ab-634a63342877,2fcedc56da51,Melissa Dulanto,speaker
266e8516-f0f2-43cf-80ab-634a63342877,8ce4749df1cd,Reina montenegro,host
266e8516-f0f2-43cf-80ab-634a63342877,5eee00950881,Sarina Campanella,host
266e8516-f0f2-43cf-80ab-634a63342877,8b3880d5e82b,Trisha Hoy,speaker
269d6768-ae2b-4616-8fc3-e35ed384b58c,b8a7d8feb62c,Lindsay Keane,host
269d6768-ae2b-4616-8fc3-e35ed384b58c,4f4b3d757792,Nancy Chauhan,speaker
269d6768-ae2b-4616-8fc3-e35ed384b58c,3196f6f44232,Nolwenn Godard,moderator
269d6768-ae2b-4616-8fc3-e35ed384b58c,c31fffe03eca,Susannah Hill,speaker
269d6768-ae2b-4616-8fc3-e35ed384b58c,ea00a7dd465a,Valeriya Azarova,speaker
26d84245-e472-4fd5-b867-456576198af3,440900f91faf,Arianna Simpson,expert session speaker
26d84245-e472-4fd5-b867-456576198af3,778a12c36cae,Lawrence Azerrad,expert session speaker
26d84245-e472-4fd5-b867-456576198af3,da4568c62411,Sara Mauskopf,expert session speaker
26d84245-e472-4fd5-b867-456576198af3,2dace40aeb5a,Siqi Chen,expert session speaker
26e6e46b-ed47-4ed1-bf2a-15badb783afb,2a1487d999bb,Tharshan T.,host
27009109-1ef9-45a2-a2e1-4a94d579605f,30b2b9432dcb,Databricks for Startups,host
27009109-1ef9-45a2-a2e1-4a94d579605f,54518fc15739,Denny Lee,host
272d2be8-d2ab-4112-9ab3-741d00d664e0,677a540f287d,Adil Ajmal,public named person
272d2be8-d2ab-4112-9ab3-741d00d664e0,b5575f4d673e,Bobby Gupta,public named person
272d2be8-d2ab-4112-9ab3-741d00d664e0,18cb57f1ab5c,Buddy Brewer,public named person
272d2be8-d2ab-4112-9ab3-741d00d664e0,fc40c8fb5c19,Cheryl Kieliszewski,public named person
272d2be8-d2ab-4112-9ab3-741d00d664e0,841c0baf6149,Chris McClean,public named person
272d2be8-d2ab-4112-9ab3-741d00d664e0,b3f5d37c8e7b,Christina Ellwood,public named person
272d2be8-d2ab-4112-9ab3-741d00d664e0,c7717e10f850,Christopher Caen,public named person
272d2be8-d2ab-4112-9ab3-741d00d664e0,50efe37ff8d3,Ian Livingstone,public named person
272d2be8-d2ab-4112-9ab3-741d00d664e0,c60c9e6238e6,Madhav Chinta,public named person
272d2be8-d2ab-4112-9ab3-741d00d664e0,89724b86275d,Maher Hanafi,public named person
272d2be8-d2ab-4112-9ab3-741d00d664e0,b7d79e2ac1b2,Mike Gorback,public named person
272d2be8-d2ab-4112-9ab3-741d00d664e0,bc02f4061dce,Vasanth Chandra,public named person
272d2be8-d2ab-4112-9ab3-741d00d664e0,d13699c83df5,Victor Chang,public named person
272d2be8-d2ab-4112-9ab3-741d00d664e0,e55b602f5f96,Vidhi Agrawal,public named person
272d2be8-d2ab-4112-9ab3-741d00d664e0,0f2ca6bdb938,Vikram Godbole,public named person
2743fb01-e001-4ee1-89ec-07038cdeb083,9eac3c7ebe5c,Aadit Narayanaswamy,investor and judge panelist
2743fb01-e001-4ee1-89ec-07038cdeb083,77397e58a60d,Andrea Garau,host
2743fb01-e001-4ee1-89ec-07038cdeb083,def9775c3969,Ben Narasin,investor and judge panelist
2743fb01-e001-4ee1-89ec-07038cdeb083,3a1dfb9fa4da,Benjamin Torrero,investor and judge panelist
2743fb01-e001-4ee1-89ec-07038cdeb083,ab37a2ac6f50,Karishma Raj,investor and judge panelist
2743fb01-e001-4ee1-89ec-07038cdeb083,f79f61d31b00,Rocket Mixer,host
2743fb01-e001-4ee1-89ec-07038cdeb083,68000172fce4,Rohan Gupta,investor & judge panelist
2743fb01-e001-4ee1-89ec-07038cdeb083,eb941b7e42a8,Sarah Romanko,investor and judge panelist
2743fb01-e001-4ee1-89ec-07038cdeb083,164c973d290b,Vinit Bhansali,investor and judge panelist
27a2f074-41ac-4e6a-8c3e-05e233afc135,41729ef6bf26,Cory Boller,host
27b9865e-dd1f-4f9f-a82b-31bd72666cca,b67ed7a37b8e,Claire Liu,host
27b9865e-dd1f-4f9f-a82b-31bd72666cca,2aac72d89131,IP2 Scale Out Program,host
27b9865e-dd1f-4f9f-a82b-31bd72666cca,e22d0590dbdf,Uly Su,host
27b9865e-dd1f-4f9f-a82b-31bd72666cca,8ce431b49de4,Yu Jen Chang,host
28aacdc5-7853-48c0-8f31-c688072e9771,6360ce38d232,Austin Wang,host
28aacdc5-7853-48c0-8f31-c688072e9771,6ea884a6b5d8,Carrick Rogers,panelist
28aacdc5-7853-48c0-8f31-c688072e9771,d1cccc4329ee,Felix Meng,panelist
28aacdc5-7853-48c0-8f31-c688072e9771,a7295d1b55ad,Tristan Chen,host
28f4b1e1-ade8-4b22-8d45-260e83fece77,525dc46ae166,Katherine Duan,host
28f4b1e1-ade8-4b22-8d45-260e83fece77,6f4ff62d5b9f,Lulu Huang,host
2902a590-e5eb-4f86-a1cb-316971914999,7a2e75969bb7,Serephina Ha,host
2913e013-9cd0-41ca-8403-ce53c2da7db4,881703c36002,Sahil Manocha,host
29410668-2ddb-4413-8860-27ef1833054c,d9840d3c573c,Aaron Brown,speaker
29410668-2ddb-4413-8860-27ef1833054c,c75ecc9529ab,Fiona Turko,speaker
29410668-2ddb-4413-8860-27ef1833054c,f88431a02b90,Kira Chong,speaker
29410668-2ddb-4413-8860-27ef1833054c,b48666aff9ef,Priscilla Tina,speaker
29410668-2ddb-4413-8860-27ef1833054c,6c27a81bef1d,Scarlett Wan,public named person
2972f559-d986-47a8-be00-7eda54aebcca,e6683694109d,Umar Rama,host
297d7b09-ae57-4174-b84f-cabacbc04087,d16af83cca65,Avee Dey,host
297d7b09-ae57-4174-b84f-cabacbc04087,981779813165,Megha Agarwal,host
298e4880-7a9c-414f-bb18-3d2c018f97c0,b0af3f7295e2,Amanda Ritchey,host
298e4880-7a9c-414f-bb18-3d2c018f97c0,a65021fc7138,Jen Wallner,host
298e4880-7a9c-414f-bb18-3d2c018f97c0,e5ad24bf3c80,Monalisa Chakraborty,host
29c59aba-8047-4ef8-aec8-d68657849dbc,c5ff32b57f94,Izza Vivo,host
29c59aba-8047-4ef8-aec8-d68657849dbc,a1303ecc754d,Viren Tellis,host
29e05d4a-647c-469c-8959-a5c271f6be6b,66707cf5482f,Sharif Abdelrazeq,host
29e4c92e-397e-4905-b452-5a4a335ef136,d38aef5292ba,Dj Teo,host
29e4c92e-397e-4905-b452-5a4a335ef136,57184479f5cc,Will Leonard,host
29f4e589-fa0c-41a2-a399-b38db8b123c0,d67fad9fa816,Carol Liang,panelist
29f4e589-fa0c-41a2-a399-b38db8b123c0,cdfd4e2dcd39,Claire Barthelemy,moderator
29f4e589-fa0c-41a2-a399-b38db8b123c0,32296ec1bd0a,Elif Nisa Polat,panelist
29f4e589-fa0c-41a2-a399-b38db8b123c0,9692560be0c8,Jesh de Rox,panelist
29f4e589-fa0c-41a2-a399-b38db8b123c0,d07a24070c57,John Gillen,panelist
29f4e589-fa0c-41a2-a399-b38db8b123c0,5e0a67e6e750,Matheus Pagani,host
29f4e589-fa0c-41a2-a399-b38db8b123c0,277ab3c51c37,Matt Abate,panelist
29f4e589-fa0c-41a2-a399-b38db8b123c0,7443eba58cb9,Max Thoeny,panelist
29f4e589-fa0c-41a2-a399-b38db8b123c0,9831f605b96c,Morgan McKenney,panelist
29f4e589-fa0c-41a2-a399-b38db8b123c0,ff087984d58b,Rob Fajardo,moderator
29f4e589-fa0c-41a2-a399-b38db8b123c0,e67cde4119d3,tejas ravindra,host
2a140f1b-c415-429d-988e-6fa695c93e11,fc6d56d658c1,Brian Wong,host
2a140f1b-c415-429d-988e-6fa695c93e11,ac152e09dff0,Chris Cranston,host
2aaf3862-27ec-4f89-9d6d-972e6da4cf9b,af88fcf51a13,Chris Pease,host
2af5b5d3-33b9-4568-be3c-14ea942961fe,049f27a67459,Benjamin Brand,moderator
2af5b5d3-33b9-4568-be3c-14ea942961fe,8cc2061ab379,Henry Ward,fireside guest
2b041302-6d8e-406f-b403-22dee47ac191,5592be95de9b,AJ Thomas,speaker
2b041302-6d8e-406f-b403-22dee47ac191,cbb9195e9a56,Alice Brooks,speaker
2b041302-6d8e-406f-b403-22dee47ac191,fe664818a63c,Alina Knobloch,host
2b041302-6d8e-406f-b403-22dee47ac191,0abbd82f7532,Derek Andersen,host
2b041302-6d8e-406f-b403-22dee47ac191,cad2146694db,James Gee,host
2b041302-6d8e-406f-b403-22dee47ac191,1b33dd0c106d,Mike Heller,speaker
2b041302-6d8e-406f-b403-22dee47ac191,61166a82541a,Rio Hodges,speaker
2b1c05ed-2178-4cc1-99e5-0c417cadbf5a,d96d5e94a993,Shawn Jackson,host
2b537215-8964-41f4-b50f-ac3466a78b0f,0f366194a88d,Joerg Schad,speaker
2bd10698-76a1-4d81-a429-a23c90370362,cf861f7e45ac,Anishka Agarwal,host
2bdb80da-df0f-4a90-9cba-d9329ca39fdb,b39c346ff65d,Joseph Ciccolo,host
2bdb80da-df0f-4a90-9cba-d9329ca39fdb,2a269a205442,Michael Hollerich,host
2c679219-0875-4219-ac48-4753e98ed5d5,4b699eac1679,Moonsun Kim,talk leader
2c9bce40-f00a-4552-9ba4-075a193efed9,89b8e42d8082,John Weston,host
2c9bce40-f00a-4552-9ba4-075a193efed9,d8132097ccbe,Shrey Gosalia,host
2ca005c7-2d8a-457d-bbc5-9eef2b7095a9,e91ad08dae80,Bri Harris,host
2ca005c7-2d8a-457d-bbc5-9eef2b7095a9,985f786cd23f,Diyi Zhu,host
2ca005c7-2d8a-457d-bbc5-9eef2b7095a9,9d8f59ec03af,Melissa Kargiannakis,host
2ce5ca8c-c6c1-46eb-8647-058671b9d5a9,861685f25d84,Christine,host
2ce5ca8c-c6c1-46eb-8647-058671b9d5a9,64029567bd7d,Rohan Brown,host
2d0dcc97-4293-4352-b598-a10dba34c98a,0fb9ef45ce25,Justin Kunz,host
2d0dcc97-4293-4352-b598-a10dba34c98a,3f03aeb24172,Katie Riley Mahany,host
2d0dcc97-4293-4352-b598-a10dba34c98a,03cf1d3c4db9,Sophia Mura,host
2d1f1418-f09d-49f4-9a69-914579a7e6fe,e28ee9137c14,Andrea Corry,host
2d1f1418-f09d-49f4-9a69-914579a7e6fe,60e37b45735a,Varun Turlapati,host
2d5968d3-a675-4072-a6be-06c87488a6c6,37785f3f9751,Greta Ernst,host
2d5968d3-a675-4072-a6be-06c87488a6c6,30a2f8f93dfb,Patrick Steyn,host
2d5968d3-a675-4072-a6be-06c87488a6c6,7100c55bb546,Sofia Guzowski,host
2dabea0f-d473-4b25-a3a5-d792bc2c02a2,a49a5d086493,Evangeline Medina,host
2dabea0f-d473-4b25-a3a5-d792bc2c02a2,e2e0c1a07ba4,Heritage Table,host
2dabea0f-d473-4b25-a3a5-d792bc2c02a2,305031f47ec1,Pubali Sen,host
2dce78ae-9cd0-49e8-8da1-9443aac46fb0,5e0a67e6e750,Matheus Pagani,host
2dce78ae-9cd0-49e8-8da1-9443aac46fb0,e67cde4119d3,tejas ravindra,host
2dce78ae-9cd0-49e8-8da1-9443aac46fb0,1dc03f6a2f3b,Vivek Pandit,host
2e0e436b-7dac-4732-8a3d-1141805648ee,fcbee7d995c6,Anna Joo Fee,speaker opening remarks
2e0e436b-7dac-4732-8a3d-1141805648ee,9156321437e5,Nico Bonatsos,speaker
2e0e436b-7dac-4732-8a3d-1141805648ee,afc8c6da383c,Pramod Sharma,speaker
2e0e436b-7dac-4732-8a3d-1141805648ee,e2b0cc9450ec,Viraj Ala,moderator
2e659926-adb7-45d9-b3e4-04e09ce29922,311804256065,Darin Swanson,host
2e659926-adb7-45d9-b3e4-04e09ce29922,d9298c5c622b,Kaleana Quibell,host
2e659926-adb7-45d9-b3e4-04e09ce29922,bf774f53a370,Kate Kruizenga,host
2e659926-adb7-45d9-b3e4-04e09ce29922,5a50db670010,Renee Lynn Frojo,host
2e9c7b57-fe5f-470f-9512-5afe44ca215f,7ca50dad95a0,Benoît Koenig,speaker
2e9c7b57-fe5f-470f-9512-5afe44ca215f,faf28df44fc0,Chongxi Lai,speaker
2e9c7b57-fe5f-470f-9512-5afe44ca215f,fe9e287e8631,Jerry Huang,host
2e9c7b57-fe5f-470f-9512-5afe44ca215f,9c9773ab877d,Jordan Larot,speaker
2e9c7b57-fe5f-470f-9512-5afe44ca215f,63b4b61cf58f,Paul Fang,host
2ea9ffb9-d4c2-410f-b45c-94eab588be96,c1523fff4add,Abel Dagne,mentor
2ea9ffb9-d4c2-410f-b45c-94eab588be96,2eabf0692390,Alspencer Omondi,mentor
2ea9ffb9-d4c2-410f-b45c-94eab588be96,3d84bebdae73,Ana Yoon Faria de Lima,mentor
2ea9ffb9-d4c2-410f-b45c-94eab588be96,f14d49446e4f,Anthea Guo,mentor
2ea9ffb9-d4c2-410f-b45c-94eab588be96,9c712737a68a,Dani Kaye,host
2ea9ffb9-d4c2-410f-b45c-94eab588be96,6d5ffbee0f14,Gal Dayan,mentor
2ea9ffb9-d4c2-410f-b45c-94eab588be96,ff5b9c4809f0,Kieran John Keenan,mentor
2ea9ffb9-d4c2-410f-b45c-94eab588be96,0a0945c02d4f,Nick Walter,mentor
2ea9ffb9-d4c2-410f-b45c-94eab588be96,b556819b5294,Omri Ben Shoham,mentor
2ea9ffb9-d4c2-410f-b45c-94eab588be96,13534bfba4ef,Ore Segal,host
2ea9ffb9-d4c2-410f-b45c-94eab588be96,30a2f8f93dfb,Patrick Steyn,host
2eb9a48b-499f-4d6f-ad2d-565a7a9de39c,e2a6f21a09fe,Walker Harden,host
2ef476e1-55f9-4f4d-b818-fdf0b3b421f6,6186e603c56e,Colm O'Brien,presenter
2ef476e1-55f9-4f4d-b818-fdf0b3b421f6,b353115eb9d4,martha blanchfield,host
2f2748da-ef8f-4144-9b92-bc082311f9fe,f9181e22ea99,Dominic Davies,presenter
2f2748da-ef8f-4144-9b92-bc082311f9fe,cff82315969d,Reid Jackson,discussion guest
2f7963ec-f719-46ef-ba6b-c3b6cce92f65,b8b488963197,Kathleen Quinn Steeves,host
2fe6e2bb-d17b-42d3-b29b-d2787c17f537,68e2311e90ff,Alistair Bar,host/moderator of roundtable
3094eac4-38a0-43a9-a6b3-ecf4014c2a56,d20b6daa50f6,Hrishikesh Bidwe,host
30b39a74-0947-40a3-9199-6421a861199d,71e4acd1e02e,Adam Abu Ras,host
30b39a74-0947-40a3-9199-6421a861199d,ef4993b9b4ef,Barry Bonds,special guest
30b39a74-0947-40a3-9199-6421a861199d,de95039376e0,Michael Morgenstern,host
30b39a74-0947-40a3-9199-6421a861199d,72f84b5a7178,Oliver Camargo,host
30b39a74-0947-40a3-9199-6421a861199d,777cf88b77da,Rahul Kumar,host
30b39a74-0947-40a3-9199-6421a861199d,d4168f1c02f7,rohit thota,host
30cdae84-8dc4-46e9-903f-0fbf877d6871,fd8c97294e2b,Astro Teller,broader two day program mention
30cdae84-8dc4-46e9-903f-0fbf877d6871,c43cdf52b637,Borna Perak,panelist
30cdae84-8dc4-46e9-903f-0fbf877d6871,e02b0773e9fa,Charles Zedlewski,panelist
30cdae84-8dc4-46e9-903f-0fbf877d6871,50024f90ca0b,David White,broader two day program mention
30cdae84-8dc4-46e9-903f-0fbf877d6871,efb70e6bbef6,Emily Duke,host
30cdae84-8dc4-46e9-903f-0fbf877d6871,7582c076f1f0,Jaclyn Konzelmann,broader two day program mention
30cdae84-8dc4-46e9-903f-0fbf877d6871,189fd68fbc92,Jane Paek,panelist
30cdae84-8dc4-46e9-903f-0fbf877d6871,a413e4a73807,Kathryn Van Nuys,broader two day program mention
30cdae84-8dc4-46e9-903f-0fbf877d6871,edc11480e02d,Paige Bailey,speaker
30cdae84-8dc4-46e9-903f-0fbf877d6871,0b1ae84f1092,Ritika Kalia,panelist
30cdae84-8dc4-46e9-903f-0fbf877d6871,2c7b23c67d90,Sam Crowder,panelist
30cdae84-8dc4-46e9-903f-0fbf877d6871,9515372f0432,Scott Barneson,broader two day program mention
30cdae84-8dc4-46e9-903f-0fbf877d6871,b81b1896f4af,Stephan Bitton,panelist
30cdae84-8dc4-46e9-903f-0fbf877d6871,0d120d243327,Thomas Ning,panelist
315289f7-fbcd-47a7-a68c-58c2b73a38e5,841e90a71e14,Rollins Stallworth,host
3155ddf9-6976-4277-9ef1-b0d5f1d5461f,e8a29e9fc307,Court Lorenzini,speaker
3155ddf9-6976-4277-9ef1-b0d5f1d5461f,6b9373437f10,Dave Hersh,speaker
3155ddf9-6976-4277-9ef1-b0d5f1d5461f,dc051f2694a2,Viktoriia Bezushko,host
317d086c-06d8-4188-bcd9-9abed372f6bf,4189e529c2bc,Eugene Kim,host
317d086c-06d8-4188-bcd9-9abed372f6bf,81bbf46c183b,Joshua Kauffman,of counsel at nanogc
317d086c-06d8-4188-bcd9-9abed372f6bf,e464df277641,Nicholas Agate,speaker
31e0ed3d-7478-4f4f-aeec-dc02e33b2735,313424a152de,Demian Borba,host
32228db4-9900-4214-9964-63cf33d758b3,b676337b4e92,Alfred Chu,host
32228db4-9900-4214-9964-63cf33d758b3,a907a2ef8b11,David Nieh,event invitation signatory
324757e7-ed59-4377-8c67-02fb90ddf3e2,38e24951bd59,Alberto Chalon,host
324757e7-ed59-4377-8c67-02fb90ddf3e2,053f06c38fa2,Andreas Wiele,host
324757e7-ed59-4377-8c67-02fb90ddf3e2,aea76b38fac5,Mauro Marconi,host
324757e7-ed59-4377-8c67-02fb90ddf3e2,cbf35af48c8d,Niraj Pabari,host
32483462-0be5-420f-9a4c-f3a14c6dee29,454168059bd5,Debbie Ellisen,moderator
32483462-0be5-420f-9a4c-f3a14c6dee29,53dd60a29e6d,Jean-Denis Greze,ceo panelist
32483462-0be5-420f-9a4c-f3a14c6dee29,4e05f83bd304,Joe Dunn,coach panelist
32483462-0be5-420f-9a4c-f3a14c6dee29,038547080a69,Scott Dietzen,ceo panelist
32483462-0be5-420f-9a4c-f3a14c6dee29,243a0c4bbbc9,Stephanie Usry,coach panelist
32562153-0fb3-4858-8b46-4aa9e30d9749,708ac65ed3fc,Devon Rule,host
32562153-0fb3-4858-8b46-4aa9e30d9749,82caf83e3e3e,Olivia Baba,host
32562153-0fb3-4858-8b46-4aa9e30d9749,4b981616bb7b,Yidi Campbell,host
3269bc80-67c0-45fa-a7d2-a2d417e2dc27,8c39eae74b5a,austin cai,host
3269bc80-67c0-45fa-a7d2-a2d417e2dc27,1bc1b883b795,Wayne Yang,host
32958dd2-8274-4885-b27b-63c9991b3db6,92bf6c07079e,Jonathan Earle,host
32958dd2-8274-4885-b27b-63c9991b3db6,5821b983b0db,Mackenzie Wild,host
32958dd2-8274-4885-b27b-63c9991b3db6,1f5d99c9e12d,Mary Jacobs,host
32d0675e-c837-491b-9b78-1af045b78e75,cbbb735ae7f1,ying,host
33353f01-3fa5-4089-898a-be766587e7c3,26a96c9403c7,Derek Watson,host
33353f01-3fa5-4089-898a-be766587e7c3,767542c703f9,Jeffrey Zinn,host
33355d2d-ddac-4da6-b087-2cd1744da578,e9871982d945,Gil Acedillo,host
33355d2d-ddac-4da6-b087-2cd1744da578,eb5d97eac1ff,Srinivas Njay,speaker
334f88e2-0ec2-47f1-b2c7-5b2b2ead3e0a,f0663cc9a711,Paulina Xu,host
334f88e2-0ec2-47f1-b2c7-5b2b2ead3e0a,ed124ea120ae,Yvonne,host
33678fbc-dcfc-4019-94a2-0a53f521823c,673e24a6f6d3,Mitchell Wright,host
33678fbc-dcfc-4019-94a2-0a53f521823c,9dc719d78584,Shanyu Thibaut Juneja,host
33807f99-052c-47f2-ac43-1fb4a8fb82c3,7fa40e5ef8b3,Chris Wiegand,host
33807f99-052c-47f2-ac43-1fb4a8fb82c3,3167f2d8f77a,Mark Maravilla,host
33807f99-052c-47f2-ac43-1fb4a8fb82c3,af77fbf13db0,Michael Young,host
33acf3cd-ea43-42df-8d22-9f12e18131d9,b60929d2d1f9,Chase Zhang,host
33bf6790-2dc1-441f-a94a-d75d4445f235,4569cd9166ca,Amanda Martin,speaker
33bf6790-2dc1-441f-a94a-d75d4445f235,e8c0ee99e42d,Bidisa Mukherjee,host
33bf6790-2dc1-441f-a94a-d75d4445f235,34015cc645d2,Homer Wang,speaker
33bf6790-2dc1-441f-a94a-d75d4445f235,de2204351d17,Ravi Madabhushi,speaker
33bf6790-2dc1-441f-a94a-d75d4445f235,c13532514ca1,Shri Mithran,host
33bf6790-2dc1-441f-a94a-d75d4445f235,78b827b4e071,Simon Rohrbach,speaker
33bf6790-2dc1-441f-a94a-d75d4445f235,464c0f677a4d,Tamilselvi Ramasamy,host
341f73e3-6a13-4c14-acf3-718cf5de6998,bad480834ae4,Nick Gilbert,panelist
346a3586-055d-44b1-8ac6-b62158204d75,1ba0373e1f6f,Sacha Ledan,host
346a3586-055d-44b1-8ac6-b62158204d75,36a2c3aae71c,Vasyl Dub,host
34a15801-55f0-4f64-918d-71dfea68aa7b,b9fef6f1c137,Aleksandr Martirosyan,host
34bf869b-95cb-439e-a6fd-77b07a48fe21,7976fb8fde38,Gabriela Kołtun,vocal performer
34bf869b-95cb-439e-a6fd-77b07a48fe21,9f2754a30820,Konrad Zieliński,live demo presenter and lead singer
34bf869b-95cb-439e-a6fd-77b07a48fe21,0b5ddb4f6bbc,UHURA Bionics,host
34bf869b-95cb-439e-a6fd-77b07a48fe21,09b12e8c4b17,Wiktoria Deredas,pianist
34e29213-8711-4f45-9d8e-5552785b5a37,2eec595afb2d,Rissa Cao,host
34e29213-8711-4f45-9d8e-5552785b5a37,597257fd29e2,Trista Taylor,host
35170784-d36b-422e-b3dc-9b20ba4dddc9,5de8c2983ba0,Ann Reidy,host
35170784-d36b-422e-b3dc-9b20ba4dddc9,4711f08261d9,Shane Ray Martin,host
351924c8-bb3b-4f4e-80fd-a887307cea65,81748a17af01,Alexander Zemlyak,host
351924c8-bb3b-4f4e-80fd-a887307cea65,9e3f9024a335,Ihar Mahaniok,host
351924c8-bb3b-4f4e-80fd-a887307cea65,eb941b7e42a8,Sarah Romanko,host
353846ba-0892-419d-96fe-757cfd42300f,ba54ff4fbd14,Dr. Marie-Ange Eyoum Tagne,guest
353846ba-0892-419d-96fe-757cfd42300f,f757fa17fb71,Dr. Michael Taiwo,guest
353846ba-0892-419d-96fe-757cfd42300f,4711f08261d9,Shane Ray Martin,guest
353846ba-0892-419d-96fe-757cfd42300f,5bae3af2693c,Toby Kurth,guest speaker
354cf0a8-c4bb-41ea-b2ec-29314451f357,07cec254a56d,Jennifer Joy Pawlitschek,instructor
355e20c1-645b-4e5b-837d-fc470fbe1e4a,f1af906ea834,Gary Tou,host
355e20c1-645b-4e5b-837d-fc470fbe1e4a,eca27e235e00,Jadan Johnson,host
355e20c1-645b-4e5b-837d-fc470fbe1e4a,41ecaab92161,Melanie Smith,host
35a429fe-5052-4f28-ad85-1b8df708452d,5f42407d5369,Ryan Youhan,host
35a429fe-5052-4f28-ad85-1b8df708452d,7cd321012a48,Zaharit Greenberg,host
35b24bc0-3b37-445b-8d85-53618701a70c,8ea84a93c9a4,Dave Masselink,host
35b24bc0-3b37-445b-8d85-53618701a70c,d97245c88add,Erika Schiller,host
35b24bc0-3b37-445b-8d85-53618701a70c,3196f6f44232,Nolwenn Godard,host
35b24bc0-3b37-445b-8d85-53618701a70c,961484536cca,Pascal Joly,host
35d467e0-b587-4031-8597-bb3f9672a659,501f1507d8ad,Andy Lee,host
35d9ac74-082d-466e-bb46-88ab77fdc2ee,4a6c89a64ba4,British Consulate-General SF,host
35d9ac74-082d-466e-bb46-88ab77fdc2ee,9f635f195748,Scott Howard,host
35d9ac74-082d-466e-bb46-88ab77fdc2ee,dd9bd5b8e15f,Siobhan Nuseibeh,host
360f5d0d-7352-4620-9561-2ba3c7d80310,12a3e8db97f9,Kelsy Milne,host
360f5d0d-7352-4620-9561-2ba3c7d80310,05b0d89435b0,Sydney Singh,host
36394a9d-a700-4d04-b86b-32289c8ef733,1a742d363b88,Ankit Kumar,chair
36394a9d-a700-4d04-b86b-32289c8ef733,f0be35a54da2,Rajveer Singh,host
369e208d-4e87-4e24-9198-6e79bd54aba8,11c5676b78c1,Arushi Bandi,host
37a3b9c5-f774-4aff-8925-30a1531d715f,e8a34ac7e11b,Eric Simons,speaker
37a3b9c5-f774-4aff-8925-30a1531d715f,9bea193b92d0,Gaurav Bhogale,fireside conversation participant
37aafdda-5977-4207-9157-c33584198db1,53e71dc7aaee,Rebecca Cafiero,host
37c95029-065d-44e3-91a1-05d7bc53266e,6ca73781c3a5,Ali Albazaz,speaker
37c95029-065d-44e3-91a1-05d7bc53266e,e5d3e2f8b741,Jonatan von Martens,speaker
37c95029-065d-44e3-91a1-05d7bc53266e,6627abfa2ddf,Jonathan Knight,speaker
37eb6555-7006-4ba2-8345-71fb1d1c366a,89ab742d1c37,April Liu,host
37eb6555-7006-4ba2-8345-71fb1d1c366a,8c3f5eb79fd6,Jeson Lee,host
37eb6555-7006-4ba2-8345-71fb1d1c366a,d2da7469fbae,Max Khalkhali,speaker
37eb6555-7006-4ba2-8345-71fb1d1c366a,593bc63b7aad,Wilson Lin,speaker
380172a3-d196-472e-83f4-1605cfb63e45,8206116baeb7,Igor Fil,host
380172a3-d196-472e-83f4-1605cfb63e45,b89ec75235b4,Itzik Paz,host
380172a3-d196-472e-83f4-1605cfb63e45,8fcbd801a0e2,Sathya Balakrishnan,host
38038f43-5c39-4626-95f9-7e301f8f3c6a,16b0b491ca3e,David Johanson,host
38038f43-5c39-4626-95f9-7e301f8f3c6a,53e3a5fb8bf5,Duy Tran,speaker
38038f43-5c39-4626-95f9-7e301f8f3c6a,f9cdb458e54c,Lilian Chen,panelist
38038f43-5c39-4626-95f9-7e301f8f3c6a,69012bccc938,Mohammed Mohammed,panelist
38038f43-5c39-4626-95f9-7e301f8f3c6a,ff7015580b40,Saurabh Kurjekar,speaker
38038f43-5c39-4626-95f9-7e301f8f3c6a,65553a5668ec,Vinney Chopra,speaker
3899a699-b696-4ec8-86fd-260e67d29f94,6b7a67e76d79,Courtney Cook,host
38e3cf76-7494-4a4e-97d4-023834456c5e,46a004ae1e49,Claudia Schmuckli,speaker
38e3cf76-7494-4a4e-97d4-023834456c5e,85ed1d8dbdf5,Julia Kuhn Mirza,host
38e3cf76-7494-4a4e-97d4-023834456c5e,76088ad869ed,Lucas Hagin,host
38e3cf76-7494-4a4e-97d4-023834456c5e,2d266ef992b1,Sonja Thiel,speaker
38e3cf76-7494-4a4e-97d4-023834456c5e,7fc6992e363f,Toshi Anders Hoo,speaker
3912a566-f0c3-42ed-89c3-c3685718c9b5,1e7e4db4781c,Adhi Bornstein,host
3912a566-f0c3-42ed-89c3-c3685718c9b5,84dfaca25c1c,Eda Topuz,host
3912a566-f0c3-42ed-89c3-c3685718c9b5,fc51c62bea51,ellie jenkins,host
3912a566-f0c3-42ed-89c3-c3685718c9b5,be5c6a1765ba,Luna Aizarani,host
39215bde-0c3d-49c5-9783-835866f98e5f,1ad79b0facd8,Arthur Grijalva,panelist
39215bde-0c3d-49c5-9783-835866f98e5f,5055f0320cec,Austin Sedaghatpour,public named person
39215bde-0c3d-49c5-9783-835866f98e5f,9d803d9d61eb,Malina Johnson,panelist
39215bde-0c3d-49c5-9783-835866f98e5f,d2420c855b92,Nitin Mehta,panelist
39215bde-0c3d-49c5-9783-835866f98e5f,f752e0b9c80a,"Richard G. Moore, Jr.",panelist
39215bde-0c3d-49c5-9783-835866f98e5f,0db814416b38,Tracy Toschi,public named person
39215bde-0c3d-49c5-9783-835866f98e5f,d6d2a693b2c3,Vishal Amin,panel moderator
393a2f37-0181-461b-9bc9-c9a4f3b2bdfc,3ef042fe2fa9,Laura Cruickshanks,host
393a2f37-0181-461b-9bc9-c9a4f3b2bdfc,6a97a43c2a59,Rajoshi Ghosh,host
39bf0b2a-3ea8-4ffb-9091-9ba16108658b,100c97b38d58,Bhavik,host
39dbfc77-661a-4988-8f4d-ccb5a01b2105,b0cb65ec1c50,Akio Kurata,moderator
39dbfc77-661a-4988-8f4d-ccb5a01b2105,bdb51f6d1c4f,Anuradha Dayal,panelist
39dbfc77-661a-4988-8f4d-ccb5a01b2105,c29e2492aa6a,Arnold Lee,panelist
39dbfc77-661a-4988-8f4d-ccb5a01b2105,af632fea5de3,James Huie,sponsor contact
39dbfc77-661a-4988-8f4d-ccb5a01b2105,b2a73d357edc,Matthieu Legrand,moderator
39dbfc77-661a-4988-8f4d-ccb5a01b2105,dbd8a1bfc72a,Miraj Sanghvi,panelist
39dbfc77-661a-4988-8f4d-ccb5a01b2105,26a7eabf75ef,Moriel Vandsburger,panelist
39dbfc77-661a-4988-8f4d-ccb5a01b2105,a9e33fdc5dac,Roberta Lee,panelist
39dbfc77-661a-4988-8f4d-ccb5a01b2105,5a6968e1eede,Sarah Volden,panelist
39dbfc77-661a-4988-8f4d-ccb5a01b2105,a542dad0d24e,Steve Pham,panelist
39dbfc77-661a-4988-8f4d-ccb5a01b2105,82a67b8941a9,Vyoma Gajjar,panelist
39e2de15-42e7-4ac9-9662-4e21308e6c29,8d80a2382f0d,Amanda Levay,panelist
39e2de15-42e7-4ac9-9662-4e21308e6c29,ae8386d1bb91,Azin Radsan van Alebeek,panelist
39e2de15-42e7-4ac9-9662-4e21308e6c29,366ae4d8c746,Brooke Hopkins,panelist
39e2de15-42e7-4ac9-9662-4e21308e6c29,9aae2a8ff91a,James Gee,host
39e2de15-42e7-4ac9-9662-4e21308e6c29,bbfc2a2c38c4,Kristina Cahojova,panelist
39e2de15-42e7-4ac9-9662-4e21308e6c29,7c0e80b9deb2,Laura Moreno Lucas,panelist
39e2de15-42e7-4ac9-9662-4e21308e6c29,451a7c43e902,Lyndi Thompson,moderator
39e2de15-42e7-4ac9-9662-4e21308e6c29,f01590ffab02,Mabel Chan,host
39e2de15-42e7-4ac9-9662-4e21308e6c29,751ad1769f15,Rachel Kim,moderator
39e2de15-42e7-4ac9-9662-4e21308e6c29,32c309597e22,Shaherose Charania,panelist
3a168f42-340a-402a-a5fd-3732c6e61585,31aa10496615,British Consulate-General SF,host
3a168f42-340a-402a-a5fd-3732c6e61585,585711d4d540,Dr. Jade Leung,panelist
3a168f42-340a-402a-a5fd-3732c6e61585,53c5e703cb43,Florence Chaverneff,host
3a168f42-340a-402a-a5fd-3732c6e61585,52b4427ecca2,Hannah Davelman,host
3a168f42-340a-402a-a5fd-3732c6e61585,065a75e63f4e,Isobel Wood,host
3a168f42-340a-402a-a5fd-3732c6e61585,7056b09e4241,Jade Leung,panelist
3a168f42-340a-402a-a5fd-3732c6e61585,35e7921e33b4,Joe Cowen -BCG San Francisco,host
3a168f42-340a-402a-a5fd-3732c6e61585,6421aa8269c5,Saumil Shah,panelist
3a168f42-340a-402a-a5fd-3732c6e61585,9f635f195748,Scott Howard,host
3a168f42-340a-402a-a5fd-3732c6e61585,2bb17f18bc19,Sha Sajadieh,panel moderator
3a168f42-340a-402a-a5fd-3732c6e61585,dd9bd5b8e15f,Siobhan Nuseibeh,host
3a168f42-340a-402a-a5fd-3732c6e61585,d9d99a8fbde7,Sir Christian Turner,keynote speaker
3a168f42-340a-402a-a5fd-3732c6e61585,bd5a6cbf77e4,Tom Blomfield,panelist
3a3b4dfc-bd7b-48bc-b1e9-c8830e04cc7f,d7e1f0c245ca,Nate Benedict,host
3a3b4dfc-bd7b-48bc-b1e9-c8830e04cc7f,57d29417ca9c,Ryan McCarthy,host
3a3d3c40-4ad1-4af9-84f9-2b8db3e04b03,49bb06b99cda,Stacy Anderson,host
3ac63387-2b47-4554-ae3f-582b58bc5234,a16b45103aeb,Dr. Monika Hudson,conversation guest
3ac63387-2b47-4554-ae3f-582b58bc5234,2250b14115a4,Jonathan Padilla,host
3ac63387-2b47-4554-ae3f-582b58bc5234,86e88d2a0dae,Monika Hudson,named discussion contributor
3b61694c-3ed6-4bf8-b54b-c364b66d5934,f9709521f57c,Anthony Bonvino,host
3b61694c-3ed6-4bf8-b54b-c364b66d5934,b01fe4cb2083,Pop Pop Tech,host
3b8fb49a-7cfb-40cc-ac33-81815c23f483,8084d32e99c3,DG Incubation,host
3b8fb49a-7cfb-40cc-ac33-81815c23f483,371da67f456d,Jiwon Song,host
3b8fb49a-7cfb-40cc-ac33-81815c23f483,da61910936a6,Sera Tsutsumi,host
3b8fb49a-7cfb-40cc-ac33-81815c23f483,061b65539dd2,Yoojeong Do,host
3b9cb867-dfaa-4642-9af3-ea75412d40a0,2bd4f0292719,Horacio Rilo,host
3b9cb867-dfaa-4642-9af3-ea75412d40a0,30a2f8f93dfb,Patrick Steyn,host
3bcacf4c-261f-4ace-af44-6ed03fdfd54e,3f4bd6ed378e,Victor Su-Ortiz,host
3c3c230e-6e53-486d-9e24-4ddf1375d45a,fc651b95bbd1,Gunraj Singh,host
3c3c230e-6e53-486d-9e24-4ddf1375d45a,e6280c43bbcd,harsimran kaur,host
3c3c230e-6e53-486d-9e24-4ddf1375d45a,0d18e3503529,Puneet Cheema,host
3c808fd6-9361-4755-bf01-028912ad35cf,1d8844c354d8,Hoi Wong,host
3c808fd6-9361-4755-bf01-028912ad35cf,005df86f6b04,Ilya Klets,host
3cbaa607-16ce-4a4c-8c8e-57d6f43749c7,0003c5f0c225,Malaika Commons,host
3cd6887d-56a3-42ab-869b-742b68330aa2,7ffff1cf6118,Aaron Samuels,host
3cd6887d-56a3-42ab-869b-742b68330aa2,d03dbcaa84ba,Elias Mufarech,host
3cd6887d-56a3-42ab-869b-742b68330aa2,0eb5b202d691,Julian Fainzaig,host
3cd7e854-d1c1-4f5f-a840-4ce189d2bf98,e78eee3e1b96,Adreena Thomas,host
3cd7e854-d1c1-4f5f-a840-4ce189d2bf98,bfe9e0bfedb1,Dave Selinger,speaker
3cd7e854-d1c1-4f5f-a840-4ce189d2bf98,a7352395da74,David Yang,speaker
3cd7e854-d1c1-4f5f-a840-4ce189d2bf98,865902d5529b,Ilya Strebulaev,speaker
3cd7e854-d1c1-4f5f-a840-4ce189d2bf98,02b92506e487,Mirela Dzebic,host
3cd7e854-d1c1-4f5f-a840-4ce189d2bf98,74b3e6c76970,Nick Davidov,speaker
3cd7e854-d1c1-4f5f-a840-4ce189d2bf98,567348da11dc,Vera Shokina,moderator
3cde8a56-71fa-41c3-9c39-a20f9efa772f,36dec9139784,Court Lorenzini,speaker and moderator
3cde8a56-71fa-41c3-9c39-a20f9efa772f,c0c45a66390a,James Win,speaker
3cde8a56-71fa-41c3-9c39-a20f9efa772f,375aae5771cd,Leo Kayali,speaker
3cde8a56-71fa-41c3-9c39-a20f9efa772f,63e0603873d7,Lindsey Simon,speaker
3cf38fec-2621-44ff-a43e-e0577e452f95,559a1187330e,Divyansh Goel,host
3cf38fec-2621-44ff-a43e-e0577e452f95,74484c656800,Kevin Liu,fireside guest
3cf38fec-2621-44ff-a43e-e0577e452f95,c893c4def9e4,Miles Deamer,fireside guest
3cf38fec-2621-44ff-a43e-e0577e452f95,4a64e8b044c2,Shayan Akhtari,host
3d15de19-d981-4456-a9cf-f143e1434292,ec38f3ffe9ff,Devany Williams,host
3dba3667-30af-4ad9-b7e8-a547f484fb78,c650e8813225,Seth Johnson,host
3dff03fe-a608-4f26-8253-161af58b0b52,6b7a67e76d79,Courtney Cook,host
3e12c93d-58d4-49f0-9a3b-0bfbcf4d5c2c,8acc7a70cf3e,Christina Chen,host
3e1eb588-29d7-401f-8037-78f0fbbc954e,420e651bf67b,Cort Larned,host
3e1eb588-29d7-401f-8037-78f0fbbc954e,8506272b029f,Geoff Headington,host
3e1eb588-29d7-401f-8037-78f0fbbc954e,176b21d59e7b,Morgan Headington,referenced instructor
3e1eb588-29d7-401f-8037-78f0fbbc954e,1cda04b04325,Ryan Everton,host
3e5dd632-59cd-4942-b8d8-207cbec2e6e0,74b3d7763bf8,Julia Yelick,host
3e62858c-4273-4e34-b0d7-62adeac47875,9484bd673c72,Adam Cohen Hillel,host
3e62858c-4273-4e34-b0d7-62adeac47875,b4890da36b04,Nir Naamani,host
3f6cac05-1213-452d-a184-704f38b3d96f,4a6c89a64ba4,British Consulate-General SF,host
3f6cac05-1213-452d-a184-704f38b3d96f,f32cfc38eb7c,Giorgia Longobardi,speaker
3f6cac05-1213-452d-a184-704f38b3d96f,c036741d4159,Omar Bakr,speaker
3f6cac05-1213-452d-a184-704f38b3d96f,395a60e6e4f3,Scott Howard,host
3f6cac05-1213-452d-a184-704f38b3d96f,34bbd03dd89f,Siobhan Nuseibeh,host
3fa58238-bba9-49a7-b638-d5b47f7411b0,bea2d94db093,Alex Soojung-Kim Pang,conversation guest
3fa58238-bba9-49a7-b638-d5b47f7411b0,37919ddc46e1,Eli Susman,"author, in conversation"
3fdeb085-da50-4bb8-9656-738863ad2a09,78b15ba311c6,Salma Alkhoudi,fireside guest
401c3842-bac1-46ef-b90f-1cb9a1ba94a6,6ee9c96ecba4,UGLY TALK - AMY,host
4039cb07-1bf6-4e01-a733-c5451b3c53d3,f127fbadc4ab,Olivia Lowe,host
405f903a-54e8-44d4-977d-a3ea9f6688d0,bc3dc8321d96,Amit Vaidya,host
405f903a-54e8-44d4-977d-a3ea9f6688d0,35572ae919ae,Arun Menon,host
405f903a-54e8-44d4-977d-a3ea9f6688d0,aadbdddc763b,Sid Dutta,host
406b649e-24c9-484c-838a-5f3e97d656b3,5635770cbfe8,Alisha Outridge,workshop facilitator
406b649e-24c9-484c-838a-5f3e97d656b3,d2a09d801e60,Alissa Miky,acknowledged founder of beverage sponsor oomee
406b649e-24c9-484c-838a-5f3e97d656b3,468f2f6dd18d,Elizabeth Swaney,host
406b649e-24c9-484c-838a-5f3e97d656b3,0804946a9126,Natalie Pan,host
406b649e-24c9-484c-838a-5f3e97d656b3,0e4b44a21daf,Shircara Stewart,host
409253ae-ff44-45b5-8cc2-e90b8f1c884d,6347346b630b,Brittney Glass,host
409253ae-ff44-45b5-8cc2-e90b8f1c884d,35b1a2ce2195,DJ Cena,dj
409253ae-ff44-45b5-8cc2-e90b8f1c884d,efb70e6bbef6,Emily Duke,host
41761a61-c363-4888-82d4-bb0b364bc1be,b1259865a66d,Bhavya Gupta,moderator
41761a61-c363-4888-82d4-bb0b364bc1be,648b4378a096,Daniel Begimher,speaker
41761a61-c363-4888-82d4-bb0b364bc1be,412bd6b0a45e,Harsh Verma,panelist
41761a61-c363-4888-82d4-bb0b364bc1be,7104f3567f3a,Jack Cable,speaker
41761a61-c363-4888-82d4-bb0b364bc1be,1c52374b4048,Kashish Mittal,panel moderator
41761a61-c363-4888-82d4-bb0b364bc1be,16d34c3c58ab,Matt Wise,fireside guest
41761a61-c363-4888-82d4-bb0b364bc1be,2e6029f6b7fd,Merve Isler,host
41761a61-c363-4888-82d4-bb0b364bc1be,6725ddf33661,Nicole Levin,host
41e1a1a3-04bb-448b-8fd4-b1a534511c9a,a56d71746e7f,Christopher Carew,host
41e1a1a3-04bb-448b-8fd4-b1a534511c9a,f18e5487c040,Crazy Startup Guy,host
4215fdab-7888-4aac-a08d-f3427e65ec4b,8084d32e99c3,DG Incubation,host
4215fdab-7888-4aac-a08d-f3427e65ec4b,dbae104a46bd,Edgar Chiu,mentor
4215fdab-7888-4aac-a08d-f3427e65ec4b,a162985a80ee,Kosuke Yusa,guest mentor
4215fdab-7888-4aac-a08d-f3427e65ec4b,c1f44c858526,Nikos Liodakis,host
4215fdab-7888-4aac-a08d-f3427e65ec4b,831429eeeda4,Sera Tsutsumi,host
42d69013-f345-45e4-a7bf-70c866d08216,0387256e7054,Ged Ossman,host
42fd356a-4285-4759-903e-f5f89bc26dff,3aa8a6add50b,Jay LeBoeuf,panelist
42fd356a-4285-4759-903e-f5f89bc26dff,55ee78736d00,Jo Gruszka,speaker
42fd356a-4285-4759-903e-f5f89bc26dff,0247c0a24bfb,Lisa Mcclure,panelist
42fd356a-4285-4759-903e-f5f89bc26dff,baa105d4c439,Sydney Rutman-Donnally,panel moderator
42fd356a-4285-4759-903e-f5f89bc26dff,8c0473514e10,Taylor Corrado,moderator
4310866b-3340-4391-bde8-579d6d5851d8,2665b1406b04,Tara Montanez,host
432641be-7830-48ba-bb8e-ffec14e906e8,e42d0033db7a,Monique Johnson,host
432641be-7830-48ba-bb8e-ffec14e906e8,aa365b9cb3cf,Natalie Mueller,host
432641be-7830-48ba-bb8e-ffec14e906e8,2eabe9f1f2a9,Samantha Jenkins,host
43491be6-328d-4ece-8ae6-e3a93a7a69fe,d998cbb0b253,Red String OS,host
43532d8d-adb2-4d44-a880-99af93e75e59,b0d33bae11fc,"Goodwin, JLL Spark, and Anderson",host
43ac93db-0868-4e09-b531-adf536a5293d,dd348dafa1a3,Alan Arjona,host
43acab43-494d-42c0-8859-f61fd2829513,378c4ee49a22,Parsa Khazaeepoul,host
43acab43-494d-42c0-8859-f61fd2829513,061d910e7d5c,Tyler Brown,host
440c44f9-beed-495f-88f7-efa9497ac720,9efa8151bac8,[ A ] Growth Agency,host
440c44f9-beed-495f-88f7-efa9497ac720,2b02ce9c9614,Hamlet Azarian,presenter
444952bf-6888-4798-a4a4-18e9c1c8cd90,de95039376e0,Michael Morgenstern,host
444952bf-6888-4798-a4a4-18e9c1c8cd90,777cf88b77da,Rahul Kumar,host
4453e9a0-a6e1-4a37-ae57-1fa31dcf9dd6,476c45c2c680,Dori Yona,speaker
4453e9a0-a6e1-4a37-ae57-1fa31dcf9dd6,bc4aa799d31a,Drew Glover,speaker
4453e9a0-a6e1-4a37-ae57-1fa31dcf9dd6,cd5d5d47e29b,YG Leboeuf,speaker
447223a1-0dc5-4cb1-b7b2-33303505c120,8e163bc456fa,Monica Aguilar,host
450fd0b7-12d3-420c-92dc-0634b984ac92,83cbdfc21737,Jess,host
450fd0b7-12d3-420c-92dc-0634b984ac92,7d8db7a5b356,Renata Quintini,host
45105230-5cdf-43bd-89e7-808df7246f04,e508e267420e,Ahmed Ahres,panelist
45105230-5cdf-43bd-89e7-808df7246f04,7b6aa3d147af,Aiko Dai,host
45105230-5cdf-43bd-89e7-808df7246f04,496f1deac991,Jimei Yang,panelist
45105230-5cdf-43bd-89e7-808df7246f04,788ee0b4a106,Sienna H,panelist
45105230-5cdf-43bd-89e7-808df7246f04,72c3b6a45d3a,Siqi He,panelist
45105230-5cdf-43bd-89e7-808df7246f04,2a4ebdf510bc,Tony Pu,panelist
45105230-5cdf-43bd-89e7-808df7246f04,f9e64ecbd8f0,Yanpei Cao,panelist
45105230-5cdf-43bd-89e7-808df7246f04,90677afadc87,Yi Hua,panelist
45105230-5cdf-43bd-89e7-808df7246f04,f33eef142b22,Yuanchen Guo,panelist
451288e5-c281-4864-9216-9a411f3548de,737806229ada,Craig Flower,speaker
451288e5-c281-4864-9216-9a411f3548de,0242487ae026,Kerty Levy,moderator
451288e5-c281-4864-9216-9a411f3548de,6218448414ce,Kevin Van Gundy,speaker
451288e5-c281-4864-9216-9a411f3548de,143e9a363653,Mohamed Mohamed,speaker
45139b8e-baff-4bd8-ba3a-47f76355378f,bb7f40f6279d,Rhea Lynn Mascarinas,host
45290de3-60b7-4322-a9c2-4b2d6bbe1991,40e915f190da,Jingjing Xu,host
45290de3-60b7-4322-a9c2-4b2d6bbe1991,6bac3f300b14,Lei Zhao,host
45479270-55e5-4958-a6fa-61d37d79814c,5d82774029dd,Allison Ding,speaker and office-hour expert
45479270-55e5-4958-a6fa-61d37d79814c,b4994c6390ab,Christy Bergman,host
45479270-55e5-4958-a6fa-61d37d79814c,e15a13539d37,Lucas Young,breakout instructor
45479270-55e5-4958-a6fa-61d37d79814c,953a99bc6116,Russell Horton,speaker and office-hour expert
45806170-5a4c-404e-ad35-92ef9967e196,eef6ae69d167,Dr. Josel Cabaccan,host
45806170-5a4c-404e-ad35-92ef9967e196,0b3ce899c8b1,Josel Cabaccan,host
45806170-5a4c-404e-ad35-92ef9967e196,bf4e55d56fc5,Nicola Baker,host
45806170-5a4c-404e-ad35-92ef9967e196,a155ea1ed971,Prisca Pan,host
45806170-5a4c-404e-ad35-92ef9967e196,7f912bd6dadc,Tunji Adeniyi-Jones,featured conversation guest
458eed30-b369-4a29-850b-24a5834d5698,37e7ffce1881,YAXIN DUAN,host
45b4cabb-e2ae-4f64-9cc4-95decfce561b,3cfba8ca5881,Chaitanya Hiremath,host
4621c5ca-2c22-4cc4-953e-d929433f5dfa,ba0e2214a7ba,Andy Choi,host
4621c5ca-2c22-4cc4-953e-d929433f5dfa,41fd5bba6e5b,Danae Dost,host
4679acd9-09a6-4139-a528-0418c6f9117b,fa86be26f0f3,Dylan Hecker,host
4679acd9-09a6-4139-a528-0418c6f9117b,ac688ff4c922,Jonathan Earle,host
4679acd9-09a6-4139-a528-0418c6f9117b,5821b983b0db,Mackenzie Wild,host
476bf4b3-196b-481c-8723-314955169d3a,18775f2db574,Ankur Tyagi,host
476bf4b3-196b-481c-8723-314955169d3a,cfe946afe672,Sahil Sorathiya,host
47ba747f-0b50-45e0-b7c3-d5cdebc86d28,ed388b83d7eb,Erika Bracken,host
47ba747f-0b50-45e0-b7c3-d5cdebc86d28,e2f744467354,Ivan Makarov,host
47ba747f-0b50-45e0-b7c3-d5cdebc86d28,db3e99fc82c4,Jake Stergar,host
47ba747f-0b50-45e0-b7c3-d5cdebc86d28,87c4d2620ede,Titus Ebbecke,host
47e215f4-e8f9-4d81-9db5-d885f280dcb6,e1be5f130528,Michael Walker,host
47ecf74f-29dc-4934-88c9-0303b8e467fc,1c00b2512b05,Aamish Ahmad Beg,speaker
47ecf74f-29dc-4934-88c9-0303b8e467fc,771d09d40a82,Abhi Aiyer,speaker
47ecf74f-29dc-4934-88c9-0303b8e467fc,cb75a5bd0998,Ashwin Mudaliar,host
47ecf74f-29dc-4934-88c9-0303b8e467fc,aba71d5be8fc,Tobie Morgan Hitchcock,speaker
481da725-1538-4799-95c2-2ba97a7a92af,c4ffdf67f335,Katherine Naylor Pullman,host
4825cdcc-88bc-4272-bc0e-7af904d0eaff,0383ca469481,Brenden Lee,host
4825cdcc-88bc-4272-bc0e-7af904d0eaff,c0ba4c524402,Dylan Abruscato,speaker
4825cdcc-88bc-4272-bc0e-7af904d0eaff,8320bbde0a2c,Fay Sliger,host
4825cdcc-88bc-4272-bc0e-7af904d0eaff,d53e3ef7538f,Jessica Jensen,speaker
4825cdcc-88bc-4272-bc0e-7af904d0eaff,f1dff33696a6,Jim Louderback,moderator
4825cdcc-88bc-4272-bc0e-7af904d0eaff,f4a1c7ba029f,Joanna Stern,speaker
4825cdcc-88bc-4272-bc0e-7af904d0eaff,b1acaf96026a,Lillian Xu,speaker
4825cdcc-88bc-4272-bc0e-7af904d0eaff,3fbda6536b2d,Olivia Zibaitis,host
4825cdcc-88bc-4272-bc0e-7af904d0eaff,08badb44a996,Ollie Forsyth,host
4825cdcc-88bc-4272-bc0e-7af904d0eaff,b7c5b8a9e390,Sona Iliffe-Moon,speaker
482d2109-af6f-41a4-af8b-ec383b85f59d,b67ed7a37b8e,Claire Liu,host
482d2109-af6f-41a4-af8b-ec383b85f59d,dbae104a46bd,Edgar Chiu,host
482d2109-af6f-41a4-af8b-ec383b85f59d,adddeefd45e2,Mallory Chien,host
482d2109-af6f-41a4-af8b-ec383b85f59d,aa55cbc2ddd2,Regina Lo,host
482d2109-af6f-41a4-af8b-ec383b85f59d,2e731d06ea92,Sunny Hu,host
482d2109-af6f-41a4-af8b-ec383b85f59d,e22d0590dbdf,Uly Su,host
4856389f-4e62-4a67-b135-f2b106a49ceb,ca6a73861bf4,Dylan Toumayan,host
4856389f-4e62-4a67-b135-f2b106a49ceb,c684a5cf1c35,Kristopher Floyd,host
4856389f-4e62-4a67-b135-f2b106a49ceb,9d7399cbd3dc,Nishant Nikhil,host
4856389f-4e62-4a67-b135-f2b106a49ceb,b81e25e1fa78,Shobhit Banga,host
4856389f-4e62-4a67-b135-f2b106a49ceb,d7b879a874d8,Shruti Gandhi,host
485cb9e0-207a-4623-a194-95f7b0cc074d,f5a3753980b2,Julius Ekberg Bretto,host
48871de7-976f-4e2d-acc7-d989c2eee2af,898846c5f154,Basit Bhaila,speaker
48871de7-976f-4e2d-acc7-d989c2eee2af,796251819217,Julia Quon,moderator
48871de7-976f-4e2d-acc7-d989c2eee2af,f4a996201574,Katie Pratt,speaker
48871de7-976f-4e2d-acc7-d989c2eee2af,d084299febf6,Margarita Martinez,speaker
48871de7-976f-4e2d-acc7-d989c2eee2af,fbee79884f56,Mel Marsollier,host
489a2f6c-4aef-4014-9db0-5cf4a9ca4049,34bfade4e00d,Hiro Tien,host
489a2f6c-4aef-4014-9db0-5cf4a9ca4049,62b6932a0b52,Iynna Halilou,host
489a2f6c-4aef-4014-9db0-5cf4a9ca4049,b27ca84e2dd7,Jai Nagarajan,host
489e2863-3202-487f-bee9-b599c6ab1fbf,a336f26a99e0,Aibek Yegemberdin,host
489e2863-3202-487f-bee9-b599c6ab1fbf,fe664818a63c,Alina Knobloch,host
489e2863-3202-487f-bee9-b599c6ab1fbf,18b6b5656e6b,Chi Quach,host
489e2863-3202-487f-bee9-b599c6ab1fbf,e555263aef8f,Ilyssa Yan,host
489e2863-3202-487f-bee9-b599c6ab1fbf,cce9183aaaf4,Joanna Chen,host
489e2863-3202-487f-bee9-b599c6ab1fbf,aabe65031bb9,Mrinali Kamath,host
48d542df-5219-4131-b046-dea0d80a7613,fa6df676c86d,David Yoo,host
491f2d99-080d-4d6c-a95a-e25d2f5f5f8c,66043787f4a7,Judy Breedlove,host
491fd7fb-c105-4e4b-a061-9b581998c531,fc7850bd3b10,Garvita Baldua,host
495129aa-f1b7-4cf0-b9ae-87efedd289ae,0224731a012f,Montana Showalter,host
4982a276-5f6c-4662-8eac-04de3ab0a759,c189eb5c7a01,Z.Y. Terrones,host
4985d894-3f12-4821-9c50-116b26d45750,2a5d490e8b06,Rob Shekoyan,host
498dba8b-4554-4f04-b716-15f58656980e,8b9837a374f6,Alan Watters,host
498dba8b-4554-4f04-b716-15f58656980e,51193a217868,Andrew Dzurak,speaker
498dba8b-4554-4f04-b716-15f58656980e,41d3f5694611,Margaret Donoghue,speaker
498dba8b-4554-4f04-b716-15f58656980e,fefd7f631b9f,Michael Brett,speaker
49906038-af05-40d6-9e3c-87b05a135b45,c69fbdd7235f,Jiayue Wang,host
49997d86-aecc-4fa7-9a02-7c4c299761fd,b47439172e52,Brad Dillon,speaker
49997d86-aecc-4fa7-9a02-7c4c299761fd,9b61a5d74a6c,John Merrill,host
49997d86-aecc-4fa7-9a02-7c4c299761fd,eca08779b3ae,Michel Del Buono,speaker
49997d86-aecc-4fa7-9a02-7c4c299761fd,861faa0b9809,Mindy Isenstein,speaker
49c1a418-409c-4b25-b26c-4c95f7bc746e,92ef1919a427,Anna Wang,panel speaker
49c1a418-409c-4b25-b26c-4c95f7bc746e,8faedb224327,Eric Bahn,host
49c1a418-409c-4b25-b26c-4c95f7bc746e,0261397891d1,Founders Bay,host
49c1a418-409c-4b25-b26c-4c95f7bc746e,b329cc5fbaab,Keshia Theobald-van Gent,panel speaker
49c1a418-409c-4b25-b26c-4c95f7bc746e,34fbc2e6e653,Mariane Bekker,host
49c1a418-409c-4b25-b26c-4c95f7bc746e,6051c7d4a662,Maryanne Liu,panel speaker
49c1a418-409c-4b25-b26c-4c95f7bc746e,ad373be1f0e0,Natoli Farber,panel speaker
49c1a418-409c-4b25-b26c-4c95f7bc746e,20d544b4264c,Patrick Reyes,host
49c1a418-409c-4b25-b26c-4c95f7bc746e,adf3bd2b717c,Sonia Hunt,panel speaker
4a3d4632-9b6d-4f5e-9fc4-e1f74f252ca8,ccc66921dee4,J. Paul Reed,speaker
4a3d4632-9b6d-4f5e-9fc4-e1f74f252ca8,7ca2cbe27877,Jennifer Prendki,speaker
4a3d4632-9b6d-4f5e-9fc4-e1f74f252ca8,9f9b83cfebd0,Matt Lenhard,speaker
4a41e2e2-0ed1-49f0-86ca-4f475a2a9dd6,35bb0f848a0c,Ephraim Sun,host
4a41e2e2-0ed1-49f0-86ca-4f475a2a9dd6,a8e6be72383c,Laura Dang,host
4a41e2e2-0ed1-49f0-86ca-4f475a2a9dd6,7bfc59ef3edc,Skye Lam,host
4a4367a7-9d03-48bf-8f68-ad2a2fe199bf,e9ea2a5b4de4,ally nakamura,host
4a4367a7-9d03-48bf-8f68-ad2a2fe199bf,4ff1a0bd7487,Jane Rhee,host
4a4367a7-9d03-48bf-8f68-ad2a2fe199bf,55c2dd0b11ed,Roshan Swaroop,host
4aa6cc54-6cc7-44a0-9e66-d156be184d7a,c5dcf98c7ff4,Alex Wolfe,host
4ac6d13c-c16f-4c55-bb43-c0c4a19a4e38,b22cd93ae7c0,Josh Douglas,panelist
4ac6d13c-c16f-4c55-bb43-c0c4a19a4e38,e43fa1f440c4,Kwabena Agyeman,panelist
4ac6d13c-c16f-4c55-bb43-c0c4a19a4e38,756e7765c52c,Mike Pica,host
4ac6d13c-c16f-4c55-bb43-c0c4a19a4e38,4e51b11f9a9c,Vivian Qu,panelist
4b142037-d771-4f9d-b6ba-362fa8f33266,dfa71c7e90d1,Anchit Jain,featured guest
4b142037-d771-4f9d-b6ba-362fa8f33266,eef49e92fd2a,Angelina Li,host
4b142037-d771-4f9d-b6ba-362fa8f33266,d9f0d4b5906d,Aryan Honawar,featured guest
4b142037-d771-4f9d-b6ba-362fa8f33266,0998c5f3dfb1,Benjamin Kramer,featured guest
4b142037-d771-4f9d-b6ba-362fa8f33266,a27ddc137a85,Ella Lu,featured guest
4b142037-d771-4f9d-b6ba-362fa8f33266,e7da2e5a79d3,Evelina Lavrova,featured guest
4b142037-d771-4f9d-b6ba-362fa8f33266,4a650949c659,Jose Balbuena,speaker
4b142037-d771-4f9d-b6ba-362fa8f33266,eb21a52c24b7,June Shompa,featured guest
4b142037-d771-4f9d-b6ba-362fa8f33266,b8fbeed29859,Kourosh Adlparvar,public named person
4b142037-d771-4f9d-b6ba-362fa8f33266,8189e2f07aad,Lomit Patel,host
4b142037-d771-4f9d-b6ba-362fa8f33266,eaf31becd0c9,Michael F.,featured guest
4b142037-d771-4f9d-b6ba-362fa8f33266,324c44a67d4d,Phoebe Heseltine,public named person
4b142037-d771-4f9d-b6ba-362fa8f33266,86c1ff9acaee,Pranay Sadani,featured guest
4b142037-d771-4f9d-b6ba-362fa8f33266,e5e516998e0b,Ramin Heydarlaki,featured guest
4b142037-d771-4f9d-b6ba-362fa8f33266,54da9f7add39,Sasha Girodon-Leclerc,featured guest
4b142037-d771-4f9d-b6ba-362fa8f33266,d11b2863a91e,Shailav Shrestha,featured guest
4b142037-d771-4f9d-b6ba-362fa8f33266,3a0da5c72614,Shuqi C.,featured guest
4b142037-d771-4f9d-b6ba-362fa8f33266,b11e932f86c0,Stefanie Lemcke,public named person
4b142037-d771-4f9d-b6ba-362fa8f33266,88a9b5e44fbc,Sujal Choukse,featured guest
4b142037-d771-4f9d-b6ba-362fa8f33266,1cab98d477ec,Tom Capone,featured guest
4b142037-d771-4f9d-b6ba-362fa8f33266,5c1ea4ee7b7a,Xiaowen Zu,host
4b142037-d771-4f9d-b6ba-362fa8f33266,14b279e77d4c,Yasmine Taghi,featured guest
4b287f75-3d81-4a71-8203-270bec7689ff,1cf68e0330b1,Vaishnavi Dhotre,host
4b4d5264-1f94-4fd2-8872-0189a685b793,cb512214158f,Ashley Neville,speaker
4b4d5264-1f94-4fd2-8872-0189a685b793,d99085775183,Christopher C. McKinnon,speaker
4b4d5264-1f94-4fd2-8872-0189a685b793,e4de503ec75b,Gené Teare,moderator
4b4d5264-1f94-4fd2-8872-0189a685b793,addc43512036,Jager McConnell,speaker
4b4d5264-1f94-4fd2-8872-0189a685b793,767d2788c1bb,Ketaki Rao,speaker
4b4d5264-1f94-4fd2-8872-0189a685b793,12cde309d785,Ray Wu,speaker
4b4d5264-1f94-4fd2-8872-0189a685b793,126c4df360dc,Sally Harmon,host
4b506bfb-a8c9-43d4-9af8-98036aa01860,06b5d1047e4e,Anthony Pipia,host
4bb20a7b-2b9b-4b1c-b78e-6fc4de516272,b3ae755cf196,Rhiannon Payne,host
4bb20a7b-2b9b-4b1c-b78e-6fc4de516272,6e8f8ab27644,Shinsuke Kaneko,host
4bd8e729-97fa-4153-821d-8d8eb7fd3f45,dafbc85096db,Amy Crook,host
4be437fb-119b-4531-9ef0-cf70d5258d5a,c86b484e7fd7,Akshaj Jain,host
4c1f943d-c340-406f-888f-046fb733ac2d,72582b75e722,Ashlynn Polini Pericacho,host
4c1f943d-c340-406f-888f-046fb733ac2d,1f33d319df20,Connor Paton,host
4c1f943d-c340-406f-888f-046fb733ac2d,61049e5837df,Ivan Smiljanic,host
4c5014a6-ff3b-4939-a704-6c5bbb9ec49c,267d9d49e590,American Cloud,host
4cd9986e-93f2-4323-a90b-390feab5c233,3834894278fd,Gen Yamazaki,host
4cd9986e-93f2-4323-a90b-390feab5c233,df79f1f9135b,Haruka Saita,host
4cd9986e-93f2-4323-a90b-390feab5c233,143e8b72b068,Ryota Sakoda,host
4cd9986e-93f2-4323-a90b-390feab5c233,df0d12269cf8,Shonosuke Egami,host
4cde2509-52c1-4570-89c4-9a7c5f4e0378,40469b9b55ca,Girts Graudins,host
4d35b3f2-0df3-4da5-98bb-0cc5014c18c7,70e2db3292d1,"Rauhmel Fox, CEO",host
4dcf5f68-2a5a-49f3-8e81-f3717e60ddd1,d6aa355c82e3,amber shen,host
4e35408a-b9a6-481e-ac08-b437bb1e0fb9,5b2579813fa2,Hamza Choudery,host
4e35408a-b9a6-481e-ac08-b437bb1e0fb9,0af706d3fd41,Samantha Quist,host
4e3c4998-9e7b-4140-9de5-2a38af691281,174241187127,Asya Bradley,host
4ec3b0de-a316-4e28-ba8f-eb110c72b0c0,c8b6aed53751,Ben Shen,speaker
4ec3b0de-a316-4e28-ba8f-eb110c72b0c0,6be863210f08,Cristina Cordova,speaker
4ec3b0de-a316-4e28-ba8f-eb110c72b0c0,4aec800bf7f2,Gaby Garcia,speaker
4ec3b0de-a316-4e28-ba8f-eb110c72b0c0,7de45c2dd3f4,Hannah Hughes,speaker
4ec3b0de-a316-4e28-ba8f-eb110c72b0c0,a489cd1b1013,Michael Duane,speaker
4ed309bc-1b59-41f0-8068-af5cbbcc157d,ee6ccb391a8e,Gigi Brett,host
4eedbb6d-a4cf-4358-98ad-2bc9098c4323,61f867e595e7,Dan Zhang,featured participant
4eedbb6d-a4cf-4358-98ad-2bc9098c4323,d24c36a2970b,Joseph Reth,featured participant
4eedbb6d-a4cf-4358-98ad-2bc9098c4323,2648d32c5b80,Mike Mahlkow,featured participant
4eedbb6d-a4cf-4358-98ad-2bc9098c4323,362aabf0e830,Victor Boyd,featured participant
4f2a0e02-ed5e-4f0e-a759-62c7e1bfab03,46453d6cac87,Somnio Software,host
4f43d8a3-fd82-4eb0-ac96-cf4265ae6822,55b277ca2254,Alexander Zemlyak,judge
4f43d8a3-fd82-4eb0-ac96-cf4265ae6822,d5a937f47d01,Eugene Malobrodsky,judge
4f43d8a3-fd82-4eb0-ac96-cf4265ae6822,e384f622cca0,James Gee,host
4f43d8a3-fd82-4eb0-ac96-cf4265ae6822,1f3ae73ebe37,Manan Mehta,judge
4f43d8a3-fd82-4eb0-ac96-cf4265ae6822,8b202e87b360,Mikola (Nick) Bilogorskiy,judge
4f9ffe8b-d0e4-445a-a03d-e18c56b5736e,8c83622dfbd5,Alexa Orent,host
4fb94feb-1b7a-45a5-bc9b-59220f4f736c,6cf12dd3540d,Milo Poplar,host
4fd13c0c-7f75-4fae-9d81-56e867dc1b9b,de30a5fcbb2c,Eraina Ferguson,panelist
4fd13c0c-7f75-4fae-9d81-56e867dc1b9b,202512465ffe,Jesus Moran,panelist
4fd13c0c-7f75-4fae-9d81-56e867dc1b9b,a66552abef10,Kaila Love,panelist
4fd13c0c-7f75-4fae-9d81-56e867dc1b9b,646711fe1d6f,Khalil Adams,panelist
4fd13c0c-7f75-4fae-9d81-56e867dc1b9b,b6eb84e72c4e,Nancy Adams,host
4fefb62c-4136-45f4-85e9-886839240205,9c1cf7c972e3,Alan Zong,moderator
4fefb62c-4136-45f4-85e9-886839240205,8f1e883e0762,Ali Mirzaei,builder showcase demoer
4fefb62c-4136-45f4-85e9-886839240205,cd14a70ba601,Aryan Vij,speaker
4fefb62c-4136-45f4-85e9-886839240205,64080777ed51,Hao Sheng,builder showcase demoer
4fefb62c-4136-45f4-85e9-886839240205,ce07f7b89c9b,Jai Bhatia,speaker
4fefb62c-4136-45f4-85e9-886839240205,dedd9435a9cd,Jaidev Shah,speaker
4fefb62c-4136-45f4-85e9-886839240205,db98a888a681,Kuanze Ma,speaker
4fefb62c-4136-45f4-85e9-886839240205,62b453be7c85,Richard Weiqi Zhang,builder showcase demoer
4fefb62c-4136-45f4-85e9-886839240205,a1c6672a3350,Ruhan,builder showcase demoer
4fefb62c-4136-45f4-85e9-886839240205,09569c6ab41d,Yufei Zhao,speaker
5038b325-a2f0-450b-82b5-ff33238e3a4e,964f18a92ca1,John Whaley,host
5038b325-a2f0-450b-82b5-ff33238e3a4e,e8c115f11e10,Michael Liu,host
5038b325-a2f0-450b-82b5-ff33238e3a4e,34ce85420b16,Mike Morris,host
504235ce-7b66-407a-b1f1-b4012214802f,3de161a7442d,Katie Sieker,host
504235ce-7b66-407a-b1f1-b4012214802f,aebab89e0180,Ryan Youhan,host
505e8e41-5428-4f24-8dc4-ff0bf38bf5af,4590cc4ea20a,Chjango,speaker
505e8e41-5428-4f24-8dc4-ff0bf38bf5af,a24ca97620af,John Rodgers,speaker
505e8e41-5428-4f24-8dc4-ff0bf38bf5af,440aff165e37,Mike McAlister,speaker
505e8e41-5428-4f24-8dc4-ff0bf38bf5af,102059e4ec41,Nate Embry,presenter
505e8e41-5428-4f24-8dc4-ff0bf38bf5af,c739227da57b,Philip Alvelda,presenter
505e8e41-5428-4f24-8dc4-ff0bf38bf5af,a4ff86da709b,Rae Helsel,presenter
505e8e41-5428-4f24-8dc4-ff0bf38bf5af,75047bc57cb6,Ryan Baird,host
505e8e41-5428-4f24-8dc4-ff0bf38bf5af,dda500fdebd6,Ryan Nixon,speaker
507d2559-ad06-4267-8f50-0bd7eaaa33dd,6aff01a90d92,Habeeb Syed,host
5081244b-2b9f-40c1-9fdf-bb411705358a,35d54291f1e9,Bio & Everything,host
5081244b-2b9f-40c1-9fdf-bb411705358a,b5362524437b,Dr. Odessa Yabut,panelist
5081244b-2b9f-40c1-9fdf-bb411705358a,28c2e4376037,Dr. Swetha Garimalla,panelist
50b61cf9-2a0c-4408-98e9-fdd75f96b968,2c11e336ecfd,Adam Lashinsky,conversation participant
50b61cf9-2a0c-4408-98e9-fdd75f96b968,a1e0868d9d30,Arem Duplessis,conversation guest
50b61cf9-2a0c-4408-98e9-fdd75f96b968,dfcd2025428d,Brittany McG,host
50b61cf9-2a0c-4408-98e9-fdd75f96b968,64574f925926,Jenny Wang,conversation guest
50b61cf9-2a0c-4408-98e9-fdd75f96b968,0e5df6803fdc,Jonathan Mildenhall,conversation guest
50b61cf9-2a0c-4408-98e9-fdd75f96b968,2cbe0f55bdb8,Julie Bornstein,conversation guest
50b61cf9-2a0c-4408-98e9-fdd75f96b968,7e19c8547d74,Kevin Delaney,interviewer/moderator of conversation
50b61cf9-2a0c-4408-98e9-fdd75f96b968,dbbd98885c04,Megan Zapala,conversation guest
50b61cf9-2a0c-4408-98e9-fdd75f96b968,f9b18f513a5f,Silicon Foundry,host
50b61cf9-2a0c-4408-98e9-fdd75f96b968,b1743e613aa8,Sven Gerjets,host
50d38cbb-a059-4449-9653-31a205ca14d4,3bd3fa128594,Arvita Tripati,panelist
50d38cbb-a059-4449-9653-31a205ca14d4,478dc077e7e4,Jennifer Gibson,moderator
50d38cbb-a059-4449-9653-31a205ca14d4,201f7c0094bd,Lauren M. Taylor,opening speaker
50d38cbb-a059-4449-9653-31a205ca14d4,1468a995c1d4,Rick Sanchez,panelist
50d38cbb-a059-4449-9653-31a205ca14d4,643742dd603a,RJ Burnham,panelist
50d38cbb-a059-4449-9653-31a205ca14d4,f09e95ec81bb,Roger Kuan,panelist
50d38cbb-a059-4449-9653-31a205ca14d4,170e12a27ec4,Sonia R. Farber,sponsor introduction speaker
516a4887-0451-40db-bc98-b957db8e60e1,2db5b2e4b9f0,Christopher Kotthoff,host
516a4887-0451-40db-bc98-b957db8e60e1,5c4fba6c98e7,Max Giang,host
516a4887-0451-40db-bc98-b957db8e60e1,f5fd381af9b8,Olin Geimer,host
51ab7e94-282c-4a8b-abf2-ee122659720d,001981fed7cb,Brandon Newkirk,growth expert in residence
51ab7e94-282c-4a8b-abf2-ee122659720d,a2e73c2e4115,Christina Karaba,growth expert in residence
51ab7e94-282c-4a8b-abf2-ee122659720d,21110e7d2370,Michael Meo,expert in the room
51ab7e94-282c-4a8b-abf2-ee122659720d,1f34635d0d96,Stuart Martin,expert in the room
52361438-3157-416b-998f-c0aab3335d5a,f94694008577,Alicia Smith,host
52588511-b529-465e-bf96-dd48022966c5,6b413c1dea2b,Robert Harary,host
527d68e3-7bd1-4be2-9748-91c36fc770dc,2e275a267895,Tuljai Parkar,host
52a2161f-3ae0-4a66-9a7f-dfeed7097b87,6e219b785bce,Ayush,host
52a2161f-3ae0-4a66-9a7f-dfeed7097b87,ddd8101465ff,Brett Bunnell,host
52a2161f-3ae0-4a66-9a7f-dfeed7097b87,f01590ffab02,Mabel Chan,host
52a2161f-3ae0-4a66-9a7f-dfeed7097b87,a494d81db7b1,Nikole Hobson,host
52d3d907-4c2f-4335-b2c1-51c908eaa32b,7cb5a74ba5dd,Allen Smith,host
52e18337-9f56-4092-9a0b-733f56da68e3,1c221b2c3bb6,Hendrik Krack,host
52e1fb14-c4ef-4c02-87e1-2d49b8103ffd,4efaa266a105,AC,host
52e1fb14-c4ef-4c02-87e1-2d49b8103ffd,0ea0fd795099,Garvita Baldua,host
53130a27-3a75-474e-a32e-9ea0684865a5,ff279ccd9ca5,Ann Badillo,panelist
53130a27-3a75-474e-a32e-9ea0684865a5,514f66cf6674,Assel Seitova,moderator
53130a27-3a75-474e-a32e-9ea0684865a5,a1f98889aee8,Holly Uber,panelist
53130a27-3a75-474e-a32e-9ea0684865a5,02b92506e487,Mirela Dzebic,host
53130a27-3a75-474e-a32e-9ea0684865a5,955bdcb83eb1,Rachel Chalmers,panelist
53130a27-3a75-474e-a32e-9ea0684865a5,ffadd0086ae3,Shalini Sardana,panelist
53963adf-df19-4c94-a044-fe0996d9bec2,75ad0afcb8f9,Truffle Security,host
53a1276d-2b02-4faf-9b81-4887998a6d4c,96e24e0f62f6,Bohan Sun,host
53a1276d-2b02-4faf-9b81-4887998a6d4c,64e81676ed84,Taylor Hall,workout instructor
542a7958-c50f-49ab-8582-7642d16e6981,61047df95c20,Aleksandra Bury,named roundtable participant
542a7958-c50f-49ab-8582-7642d16e6981,d4778a849206,Łukasz Jaźwa,named roundtable participant
542a7958-c50f-49ab-8582-7642d16e6981,a987672bc7dc,Maciej Teska,named roundtable participant
542a7958-c50f-49ab-8582-7642d16e6981,5dbcf279a6d6,Mateusz Jagodzinski,named roundtable participant
542a7958-c50f-49ab-8582-7642d16e6981,33509324c809,Mateusz Masiczak,host
542e818e-0f2a-46e2-bd8c-b0652402604b,6ee9c96ecba4,UGLY TALK - AMY,host
545278bb-2579-44ae-85ed-4929155bc9e7,4cd00723c877,Inventus Law,host
545278bb-2579-44ae-85ed-4929155bc9e7,0c1b345d558b,Matt Rowett,host
545581d5-474e-4db2-be03-f3c501884eeb,04a305ad1819,Sarah Fu,host
549535eb-e0db-4d3e-9a1a-8cebd6e3f600,9fa61255dd92,Amogh Tiwari,host
552d31a1-6dff-4d7d-ac1a-155d6356c9de,e3010309d049,Loretta TIOIELA,host
554e1bf8-2d19-43a2-b05e-790789a37828,6ca76c59ce0c,Alex Cinovoj,expert builder
554e1bf8-2d19-43a2-b05e-790789a37828,e2729a0797ae,Chris Sheng,speaker
554e1bf8-2d19-43a2-b05e-790789a37828,6e5d9cc64630,Justin Capaldi,host
554e1bf8-2d19-43a2-b05e-790789a37828,649778230883,Lara Bandeira,host
554e1bf8-2d19-43a2-b05e-790789a37828,30aa906c39bc,Petros Hong,speaker
554e1bf8-2d19-43a2-b05e-790789a37828,56ccac70ce58,RJ Moscardon,expert builder
554e1bf8-2d19-43a2-b05e-790789a37828,7e909c704c0d,Tony Yang,host
555a8bb7-37b1-465d-909f-07d778f5d4a4,a011dcf76360,Adrian McDermott,speaker
555a8bb7-37b1-465d-909f-07d778f5d4a4,182468d6009d,Ameya Bhatawdekar,featured speaker
555a8bb7-37b1-465d-909f-07d778f5d4a4,866196a170a0,Mudith Jayasekara,featured speaker
5561cb16-210b-4553-bf82-eb12a77d4584,2fb55f814898,Dominique Vincenti,featured panelist
5561cb16-210b-4553-bf82-eb12a77d4584,557bd66be2f5,Jesse Debban,panel moderator
5561cb16-210b-4553-bf82-eb12a77d4584,e7a7c4aa95a3,Noemie Vauthelin,featured panelist
5561cb16-210b-4553-bf82-eb12a77d4584,a181ba4fd3c3,Oussama Khatib,panelist
557cfa97-4fcd-4dee-93b9-145934c3d624,835ef096e6d2,Cristina Soltesz,host
557cfa97-4fcd-4dee-93b9-145934c3d624,7af44b617aee,Elaine P,host
55d1d827-8edf-44ad-872d-e94590eeb0e7,18775f2db574,Ankur Tyagi,host
55d221e9-89d3-44df-9030-692667ab68bf,6f578cef67bb,Ilias Anwar,host
55d221e9-89d3-44df-9030-692667ab68bf,98441778185f,Sarah Fan,host
562138c0-6556-4e89-8660-d837d6410255,5a5423e77723,Anand Krishna,host
562138c0-6556-4e89-8660-d837d6410255,3f063c1fa1d8,Neha Sanjay,host
562138c0-6556-4e89-8660-d837d6410255,574d35cc6b2d,Rohan Madappa Venkatesh,host
562138c0-6556-4e89-8660-d837d6410255,008c875b562e,Siddharth Srivastava,host
562bf1be-fead-4415-94ba-f82bbf39489d,6eadc9300611,Christine Song,host
562bf1be-fead-4415-94ba-f82bbf39489d,b22d1b375c85,Kathryn Vatt,host
562bf1be-fead-4415-94ba-f82bbf39489d,f159143f7437,Kevin Jurovich,host
566715df-a099-4530-8649-de737d8e328f,619c488ff87d,Kosei Sakuma,special remarks
566715df-a099-4530-8649-de737d8e328f,f4821a07a948,Mai Komizo,host
566715df-a099-4530-8649-de737d8e328f,aa88a878ac1a,Makito Masuyama,host
566715df-a099-4530-8649-de737d8e328f,f8a29ee35749,Minoru Kiuchi,ministerial address
566715df-a099-4530-8649-de737d8e328f,efb3386083ca,Yamato Watanabe,opening remarks
5668acf3-7eac-4cd7-adb6-4bd84def390a,d8986ec3f90d,Ioannis Papamanoglou,host
5668acf3-7eac-4cd7-adb6-4bd84def390a,b767bc281b7f,Moritz Rietschel,host
5674abac-e41b-4fba-9b61-1050677070ab,2a6a52bca904,Marina Piller,host
56d872ca-1487-4933-ad27-517d070f41de,11db9057297b,Tim Hayden-Clark,host
56d9e118-7e7c-46f3-a338-cc7189301a0b,de8f973371c4,Dan Smith,host
56d9e118-7e7c-46f3-a338-cc7189301a0b,610aa4b21cb3,Kellen Casebeer,host
56d9e118-7e7c-46f3-a338-cc7189301a0b,045b82c8e149,Sam Jacobs,host
56d9e118-7e7c-46f3-a338-cc7189301a0b,d001c5021eb3,Shep Maher,host
56f4f9cc-e635-4642-986e-d9fff71138ea,761e2a17e22a,Ash Kumra,host
56f4f9cc-e635-4642-986e-d9fff71138ea,c6800a22396a,Ashish Kakran,judge
56f4f9cc-e635-4642-986e-d9fff71138ea,0c75b2b5385f,Bryan Liu,judge
56f4f9cc-e635-4642-986e-d9fff71138ea,0abbd82f7532,Derek Andersen,"chapter organizer, not a listed judge"
56f4f9cc-e635-4642-986e-d9fff71138ea,7dd0beed4097,Glenn Borok,judge
56f4f9cc-e635-4642-986e-d9fff71138ea,cad2146694db,James Gee,host
56f4f9cc-e635-4642-986e-d9fff71138ea,a9c734934ae8,Vikram Venkat,judge
56f6a4b3-71af-48ba-a24e-08b58750cc58,8eadd6de5871,Nellie - Genspark,host
570ba3f5-2125-4112-a830-bd793e8175d3,d9731c291f15,3i Members,host
570ba3f5-2125-4112-a830-bd793e8175d3,38e24951bd59,Alberto Chalon,host
570ba3f5-2125-4112-a830-bd793e8175d3,053f06c38fa2,Andreas Wiele,host
570ba3f5-2125-4112-a830-bd793e8175d3,da4a8c730cd0,Anthony Nardini,host
570ba3f5-2125-4112-a830-bd793e8175d3,2b6959d753cd,Cissy Hu,host
570ba3f5-2125-4112-a830-bd793e8175d3,aea76b38fac5,Mauro Marconi,host
570ba3f5-2125-4112-a830-bd793e8175d3,cbf35af48c8d,Niraj Pabari,host
5725a277-9b2a-426e-a58b-2be80b0a61b8,de95039376e0,Michael Morgenstern,host
5725a277-9b2a-426e-a58b-2be80b0a61b8,777cf88b77da,Rahul Kumar,host
5763911e-d4f1-4f4c-8eb0-02b584b7f10d,94ddddecdb30,Dennis Chen,host
5763911e-d4f1-4f4c-8eb0-02b584b7f10d,dc1a238397bf,Harsha Vardhan Khurdula,host
5763911e-d4f1-4f4c-8eb0-02b584b7f10d,37263327365f,Yoeven D Khemlani,host
5841da6f-92af-442a-9438-ca9d0bc51e18,22c785de84d8,Rob Stout,host
58b57c85-83f6-4edc-b79a-230dff694e09,e14a892654bb,Ghonhee Lee,speaker
58b57c85-83f6-4edc-b79a-230dff694e09,6e0fe412bcbb,Makena Burns,host
58dc0e34-ffba-459b-8f60-48ad10bcfbe2,25aad9c83930,Sam Shankland,featured guest
58dc0e34-ffba-459b-8f60-48ad10bcfbe2,54c943b46e7b,Thomas Shehadeh,host
590c7daa-231b-4c00-b038-e93d5630db79,a62452c1b65c,Gabe Montague,host
590c7daa-231b-4c00-b038-e93d5630db79,0b6e41520cdc,Gabriela Torres,host
590c7daa-231b-4c00-b038-e93d5630db79,ab646a4efb57,Maria Gorskikh,host
590c7daa-231b-4c00-b038-e93d5630db79,c4f6179d5626,Zoky Zhou,host
59477b42-52da-4aa4-ac2c-f29cebf0a909,6f5ee5f237a6,Eric Yang,panel speaker
59477b42-52da-4aa4-ac2c-f29cebf0a909,73036950af9f,Ken Lawshe,panel speaker
59477b42-52da-4aa4-ac2c-f29cebf0a909,d7b461b195da,Tina Randhawa,panel speaker
5957c8e6-f9ce-4424-9f90-aa21ce8a8699,5ccecf7455a6,Donna Schut,speaker
5957c8e6-f9ce-4424-9f90-aa21ce8a8699,100afa7bc62c,Jessica Ma,speaker
5957c8e6-f9ce-4424-9f90-aa21ce8a8699,a961092de8d9,Kamaka Martin,speaker
5957c8e6-f9ce-4424-9f90-aa21ce8a8699,53609da18315,Lily Jampol,speaker
5957c8e6-f9ce-4424-9f90-aa21ce8a8699,ca0ff9dfc40f,Monet Sommers,speaker
5957c8e6-f9ce-4424-9f90-aa21ce8a8699,8783878cc640,Sadia Raveendran,speaker
5967790b-6b85-4568-9336-8f46b19f7391,452f944360b2,Alvin Kim,host
5967790b-6b85-4568-9336-8f46b19f7391,0425e059dc6a,James Brown,panelist
5967790b-6b85-4568-9336-8f46b19f7391,7dffa0af421e,Jocelyn Kinsey,speaker
5967790b-6b85-4568-9336-8f46b19f7391,bf413e3911cc,Michael Brown,speaker
597ea8ca-ed0b-4da9-828c-3f88caf8f022,72ae02aea183,Casper Sulisz,host
5991a93c-0b25-4a62-96c5-b5ecb224cbf0,56fe4e9bd596,Heiki Riesenkampf,host
5991a93c-0b25-4a62-96c5-b5ecb224cbf0,a8a76cea60b1,Taivo Pungas,host
59aaf67a-611f-44f6-bc5f-c39d24fc18f2,a11dcc44afc7,Lydia Flocchini,host
59aaf67a-611f-44f6-bc5f-c39d24fc18f2,d83033d5d215,Tim Hillison,host
5a16bc06-0925-44d6-9320-6b8a484efbf2,97b6109aaa4e,Matthew Barbieri,host
5a59a0e2-8888-40d5-9929-ed566e79e2fa,57ee220c75bb,Shirin Ketabforoush,host
5a6f0232-f064-49ba-96ee-d079801f22af,5ee926af4994,Jo Lawson,host
5a6f0232-f064-49ba-96ee-d079801f22af,8b57892c458f,Sid Kasbekar,host
5b313ef7-0523-4ea6-a4e3-6a3bce1e30bc,85575c542c75,Jaegyu Lee,host
5b313ef7-0523-4ea6-a4e3-6a3bce1e30bc,1096e8d6ffb1,Sungmin Kim,host
5b511994-e29b-4c6b-91cc-88f485f14e6a,df2c326a8444,Ben Glenney,panelist
5b511994-e29b-4c6b-91cc-88f485f14e6a,13d7131b442b,Jason Wang,panelist
5b511994-e29b-4c6b-91cc-88f485f14e6a,e7e548b9b1b4,Sandra Li,panelist
5b7f0b42-7807-4445-99c0-753692eacaa5,93a35d3dc5d9,Ellen Damaso,host
5b9373e4-e426-42f8-8733-26334b697ea9,28d0c36d7f67,Retail Connections,host
5b9edb5a-cbc2-437a-9610-b17c2c26bbd5,5885342d7cf3,Adarsh Kulkarni,speaker
5b9edb5a-cbc2-437a-9610-b17c2c26bbd5,00594dedd1a4,Adrien Gaidon,speaker
5b9edb5a-cbc2-437a-9610-b17c2c26bbd5,730b76036cc2,Allen Kleiner,speaker
5b9edb5a-cbc2-437a-9610-b17c2c26bbd5,2c2225eff06b,Beth Robertson,speaker
5b9edb5a-cbc2-437a-9610-b17c2c26bbd5,33a913e218e4,Bryan McCann,speaker
5b9edb5a-cbc2-437a-9610-b17c2c26bbd5,e1e95a12cc0f,Caitlin Kalinowski,panelist
5b9edb5a-cbc2-437a-9610-b17c2c26bbd5,d6edc4b79ba9,Daniel Burkhardt,speaker
5b9edb5a-cbc2-437a-9610-b17c2c26bbd5,127ea23f5905,David Rosenthal,speaker
5b9edb5a-cbc2-437a-9610-b17c2c26bbd5,6dcd021384f1,Deeni Fatiha,speaker
5b9edb5a-cbc2-437a-9610-b17c2c26bbd5,9fa35cc3595b,Dustin Healy,speaker
5b9edb5a-cbc2-437a-9610-b17c2c26bbd5,15bddc18acc6,Edgar Sze,speaker
5b9edb5a-cbc2-437a-9610-b17c2c26bbd5,c4ea63318edc,Elena Verna,speaker
5b9edb5a-cbc2-437a-9610-b17c2c26bbd5,0ae0ba29ec8a,Francesca LaBianca,speaker
5b9edb5a-cbc2-437a-9610-b17c2c26bbd5,3a9da8eee6e3,Gaby Wilkerson-Melnick,speaker
5b9edb5a-cbc2-437a-9610-b17c2c26bbd5,291cd0c49b6b,Gagan Bhat,speaker
5b9edb5a-cbc2-437a-9610-b17c2c26bbd5,98e63f5522b1,Ina Chun,workshop speaker
5b9edb5a-cbc2-437a-9610-b17c2c26bbd5,afb52c70da55,Jarred Sumner,speaker
5b9edb5a-cbc2-437a-9610-b17c2c26bbd5,53dd60a29e6d,Jean-Denis Greze,speaker
5b9edb5a-cbc2-437a-9610-b17c2c26bbd5,1f4abad2c338,Jonah Cool,speaker
5b9edb5a-cbc2-437a-9610-b17c2c26bbd5,83e141b54b09,Joon Sung Park,speaker
5b9edb5a-cbc2-437a-9610-b17c2c26bbd5,65badbac82da,Lauren Reeder,speaker
5b9edb5a-cbc2-437a-9610-b17c2c26bbd5,c5ff1fa6e9ff,Lenjoy Lin,speaker
5b9edb5a-cbc2-437a-9610-b17c2c26bbd5,1ecadbe541f8,Matt Biilmann,speaker
5b9edb5a-cbc2-437a-9610-b17c2c26bbd5,b52b7fd7562b,Mike Krieger,speaker
5b9edb5a-cbc2-437a-9610-b17c2c26bbd5,8d635be8e254,Murali Joshi,speaker
5b9edb5a-cbc2-437a-9610-b17c2c26bbd5,8d79ba822946,Ron Li,speaker
5b9edb5a-cbc2-437a-9610-b17c2c26bbd5,7e58a8f3b632,Sebastian Duesterhoeft,speaker
5b9edb5a-cbc2-437a-9610-b17c2c26bbd5,cb51f718618f,Tim Glaser,speaker
5b9edb5a-cbc2-437a-9610-b17c2c26bbd5,21eaebc51e3c,Travis Zack,speaker
5ba58d5d-3ed9-4a40-b530-63e036964499,6ff0a50eeb98,Chris Kelly,host
5ba58d5d-3ed9-4a40-b530-63e036964499,125b32d4f491,Lauren Louie,host
5c00d9ff-222f-49fd-a60b-ce589c95c2fc,1fc7406ed277,3rd + Taylor Agency,host
5c00d9ff-222f-49fd-a60b-ce589c95c2fc,2cfdbbb44baa,Carter Bridges,host
5c00d9ff-222f-49fd-a60b-ce589c95c2fc,7d28b21232a0,Tiffany Nwahiri,host
5c463b61-9262-40a5-8cc2-539f01bb1ebe,abbef3bcb30f,Vanessa Galarneau,host
5c9801a4-49aa-44ad-9b48-703dd04be400,a10c93bf2cf4,Annie Wright,host
5c9801a4-49aa-44ad-9b48-703dd04be400,bb18e2016b87,Mara Larson-Richard,host
5c9801a4-49aa-44ad-9b48-703dd04be400,e0a9ca0e0ccb,Sam Chung,host
5ca73c40-439b-40a3-8ad0-9d69cbcb9747,86c59116ade3,Chaitanya (CK) Khot,host
5ca73c40-439b-40a3-8ad0-9d69cbcb9747,1abc2e658af5,Jordan Ruppert,host
5ca73c40-439b-40a3-8ad0-9d69cbcb9747,f9abec522063,Juliana Chyzhova,host
5cc37b73-b83c-40cc-9f8a-7891712a0393,caf1bf86e2ab,Eric Oldrin,co-founder
5cc37b73-b83c-40cc-9f8a-7891712a0393,0f5dc5a837a9,Kaylan Young,host
5cc37b73-b83c-40cc-9f8a-7891712a0393,c21362bc5afe,Original Model,host
5cc37b73-b83c-40cc-9f8a-7891712a0393,7f28a5fc5681,Siara Nazir,host
5ccd23ec-afbe-4206-99a0-3208dd443476,98e338c952a7,Amin Jaber,speaker: causal structure across environments from observational data
5ccd23ec-afbe-4206-99a0-3208dd443476,576f067f63dd,Dr. Amin Jaber,speaker
5ccd23ec-afbe-4206-99a0-3208dd443476,4a604176669f,Jingwei Lu,moderator
5ccd23ec-afbe-4206-99a0-3208dd443476,9cd69aeaa2fd,Linda Guo,host
5ccd23ec-afbe-4206-99a0-3208dd443476,43df9a2ccf8a,Yingzhen Yang,speaker: task-aware data enhancement
5ce29494-7e92-4296-bcd1-b27b93965a83,fb391ed429fe,sabrina ☁️,host
5cee9a63-aa02-410d-b3fe-a1ce0d7c2d4d,f7588049a93d,Kim Ruvolo,host
5cee9a63-aa02-410d-b3fe-a1ce0d7c2d4d,428934dee93d,Pragna Gaddam,panelist
5cee9a63-aa02-410d-b3fe-a1ce0d7c2d4d,484e8989d127,Rob Demillo,panelist
5cee9a63-aa02-410d-b3fe-a1ce0d7c2d4d,d6f5a926d501,Space Happy Hour,host
5cee9a63-aa02-410d-b3fe-a1ce0d7c2d4d,a75d7d0d7f42,Steven Shepard,panelist
5cee9a63-aa02-410d-b3fe-a1ce0d7c2d4d,15199deb4846,Tim Hsia,host
5d0f3579-8f52-427c-ab29-739c9b80e775,7322bb962fcc,Dr. Twisha Anand,workshop instructor
5d0f3579-8f52-427c-ab29-739c9b80e775,9f4855e7c121,Twisha Anand,host
5d10297e-64f9-4e0a-9658-4ad4fb66a6e0,acaf35a63624,Abhishek Babu,host
5d10297e-64f9-4e0a-9658-4ad4fb66a6e0,2c2f6745bb7c,Ellie Lupo,host
5d10297e-64f9-4e0a-9658-4ad4fb66a6e0,2fd07870f491,James Chong,host
5d10297e-64f9-4e0a-9658-4ad4fb66a6e0,b2c094121cac,Jenny Chang,host
5d10297e-64f9-4e0a-9658-4ad4fb66a6e0,61c3cf9572e5,Visv Shah,host
5d1da472-a930-46dd-9840-82b08a10acbe,ed2498437e58,Alina Blyzniuk,host
5d1da472-a930-46dd-9840-82b08a10acbe,1c45abca29c1,Davide Zhang,speaker
5d1da472-a930-46dd-9840-82b08a10acbe,8ec0e5822ee6,Jacqueline Adami,host
5d1da472-a930-46dd-9840-82b08a10acbe,271c3d962281,Liudmyla Voinalovych,host
5d1da472-a930-46dd-9840-82b08a10acbe,230eb1ba6dc7,Nazar Gulyk,host
5d1da472-a930-46dd-9840-82b08a10acbe,d11640a64619,Oleksandra Kviatkovska,host
5d1da472-a930-46dd-9840-82b08a10acbe,78ca2656ce33,Seamus Thomson,speaker
5d5d234f-d9c9-49e3-a375-6b4192b64122,f53b7ee3966a,Beatriz Puente,host
5d5d234f-d9c9-49e3-a375-6b4192b64122,db178f874add,Chandler Carney,host
5d5d234f-d9c9-49e3-a375-6b4192b64122,95166ecd6c96,Leticia Souza (Jumpstart),host
5d5d234f-d9c9-49e3-a375-6b4192b64122,4d4bc49c5e83,Mo Salah,host
5d7c8abc-18de-432f-9874-2ed8d1d2e5e3,79ebf4b88fd6,Skye Zhou,host
5d8063ab-dca1-4370-a6ea-9fd69c093d48,de95039376e0,Michael Morgenstern,host
5d8063ab-dca1-4370-a6ea-9fd69c093d48,777cf88b77da,Rahul Kumar,host
5dad520f-748f-4ea0-a404-0bcde65484be,8b3cb530f4e4,Stephanie Bowker,host
5db16a82-bd38-4846-8844-1c092b7ac7ec,c9f8ef85b198,Almog Hillel,moderator
5db16a82-bd38-4846-8844-1c092b7ac7ec,af601583ae2a,Anthony Goldbloom,speaker
5db16a82-bd38-4846-8844-1c092b7ac7ec,fad8683c5626,Ari Haber,speaker
5db16a82-bd38-4846-8844-1c092b7ac7ec,77fc94c5886f,Avidan Ross,speaker
5db16a82-bd38-4846-8844-1c092b7ac7ec,7b1cb98acf1b,Camilla Matias,speaker and moderator
5db16a82-bd38-4846-8844-1c092b7ac7ec,e06bcbfb541c,Col. (Res) Ryan Gity,speaker and moderator
5db16a82-bd38-4846-8844-1c092b7ac7ec,3ed390c66309,Dr. Roy Nissim,speaker
5db16a82-bd38-4846-8844-1c092b7ac7ec,d7db00360c91,Dr. Yair Adato,speaker
5db16a82-bd38-4846-8844-1c092b7ac7ec,c243e8d22db9,Elana Lian,speaker
5db16a82-bd38-4846-8844-1c092b7ac7ec,c852629defb7,Eran Ashkenazi,speaker
5db16a82-bd38-4846-8844-1c092b7ac7ec,cc2737ce1d04,Evyatar Ben Asher,speaker
5db16a82-bd38-4846-8844-1c092b7ac7ec,11535960ef8b,Eyal Niv,moderator
5db16a82-bd38-4846-8844-1c092b7ac7ec,04644be0d3a8,Gil Elbaz,speaker
5db16a82-bd38-4846-8844-1c092b7ac7ec,543a0cfb2c78,Gili Guri-Mill,speaker
5db16a82-bd38-4846-8844-1c092b7ac7ec,49ad53de1695,Hagay Lupesko,speaker
5db16a82-bd38-4846-8844-1c092b7ac7ec,f632783935c9,Itai Zadok,speaker
5db16a82-bd38-4846-8844-1c092b7ac7ec,018ca3c0ae1e,Josh Sirota,speaker
5db16a82-bd38-4846-8844-1c092b7ac7ec,20cd956652bc,Lee Jacobs,moderator
5db16a82-bd38-4846-8844-1c092b7ac7ec,e98ca6585983,Lior Alexander,moderator
5db16a82-bd38-4846-8844-1c092b7ac7ec,de95039376e0,Michael Morgenstern,moderator
5db16a82-bd38-4846-8844-1c092b7ac7ec,a2aead7ff504,Nancy Wang,speaker
5db16a82-bd38-4846-8844-1c092b7ac7ec,68d4da673a41,Nick Shalek,speaker
5db16a82-bd38-4846-8844-1c092b7ac7ec,1d2602f922e7,Nir Naamani,opening and closing remarks
5db16a82-bd38-4846-8844-1c092b7ac7ec,51370d87c377,Reah Miyara,speaker
5db16a82-bd38-4846-8844-1c092b7ac7ec,f728fdee44aa,Ron Kimchi,speaker
5db16a82-bd38-4846-8844-1c092b7ac7ec,89bbcba619d7,Ron Miasnik,speaker
5db16a82-bd38-4846-8844-1c092b7ac7ec,9b6f94f778ce,Sam Feldman,speaker
5db16a82-bd38-4846-8844-1c092b7ac7ec,25058f9065bf,Seth Rosenberg,speaker
5db16a82-bd38-4846-8844-1c092b7ac7ec,6cb02bfe6359,Shir Chorev,speaker and moderator
5db16a82-bd38-4846-8844-1c092b7ac7ec,4195d45ba8c7,Shuly Galili,speaker
5db16a82-bd38-4846-8844-1c092b7ac7ec,560db7f30ab1,Tamar Bercovici,speaker
5db16a82-bd38-4846-8844-1c092b7ac7ec,dfa55f321122,Yaron Singer,speaker
5db16a82-bd38-4846-8844-1c092b7ac7ec,81db55a1731c,Zachary Potter,speaker
5de175e0-a7e5-4103-a691-0c563a196d12,7232d7caef86,Osama F Rama,host
5e06a23e-7004-4464-bcb9-a5d1429894eb,1d2602f922e7,Nir Naamani,host
5eb547b9-616d-43e2-aecc-a11592c62293,42c9b4a2bce6,Egregora Global,host
5f22db48-7dfc-4271-b142-61e11ef6ddf1,fe664818a63c,Alina Knobloch,host
5f22db48-7dfc-4271-b142-61e11ef6ddf1,8c1852c51b23,Helen Park,host
5f22db48-7dfc-4271-b142-61e11ef6ddf1,c75ba88f2d1f,Jackie Pruter,host
5f22db48-7dfc-4271-b142-61e11ef6ddf1,a242283335d1,Kaila Lim,host
5f22db48-7dfc-4271-b142-61e11ef6ddf1,37183b051de8,Nate Blanchard,host
5f22db48-7dfc-4271-b142-61e11ef6ddf1,16aa16bc75dc,Ryan Green,host
5f323f6c-ab98-474e-acc4-f894b0475f61,bed13798f1f8,Jack Clark,host
5f323f6c-ab98-474e-acc4-f894b0475f61,fd6729c4559a,Jorge Armenta,host
5f323f6c-ab98-474e-acc4-f894b0475f61,5cf351404ace,Meg Hildreth,host
5f448a00-1ff4-4abc-9cf5-9a7ccc1e4ffc,71badf70511f,Angelo Nipay,host
5f448a00-1ff4-4abc-9cf5-9a7ccc1e4ffc,631904bd83fd,Capri Wheaton,host
5f448a00-1ff4-4abc-9cf5-9a7ccc1e4ffc,83b15eb1e6f4,Deirdre Mahon,host
5f56d6f1-a4c4-4b55-a647-f25d349c27c9,f917041c1273,Logan Burchett,fireside chat participant
5f56d6f1-a4c4-4b55-a647-f25d349c27c9,db1fdc01ad6c,Ryan Nash,fireside chat participant
5f56d6f1-a4c4-4b55-a647-f25d349c27c9,48c10139f27f,Steven Plappert,fireside chat participant
5fbe7eee-b493-46c6-8460-6aced885a483,a3051b5a5720,Astrid Arias,host
5fbe7eee-b493-46c6-8460-6aced885a483,88a4b6e161cf,Garrison Gowens,host
5fbe7eee-b493-46c6-8460-6aced885a483,0b0d7acd304f,Sophie Reynolds,host
5ff98b0e-4d5d-4596-a92f-50dc38839501,e189c6d36546,Lin Cheng,host
6034eb61-e13f-40d4-b679-c2d342def921,1700e573779b,Amitesh Gargapati,host
6034eb61-e13f-40d4-b679-c2d342def921,42ac3c726e43,Arushi Agastwar,host
6034eb61-e13f-40d4-b679-c2d342def921,ef4d954b07fd,Avishi Agastwar,host
6034eb61-e13f-40d4-b679-c2d342def921,11f70196bb90,Bryant McCombs,featured panelist
6034eb61-e13f-40d4-b679-c2d342def921,088115b3f771,Clark Barrett,featured panelist
6034eb61-e13f-40d4-b679-c2d342def921,282da596fee4,Kiana Jafari,opening talk speaker
6034eb61-e13f-40d4-b679-c2d342def921,6dc0f21dd413,Sarath Swaminathan,featured panelist
6034eb61-e13f-40d4-b679-c2d342def921,fbf0800bcfdf,Wesley Deng,panelist
6034eb61-e13f-40d4-b679-c2d342def921,13461e8cfef1,Wesley Hanwen Deng,panelist
60a85fe7-bc78-4541-a1eb-b2993c291e6a,8b167400609c,Mohini,host
60b5e68e-9441-4223-b10e-adf122352229,b1904e486822,Adeel Ali,speaker
60b5e68e-9441-4223-b10e-adf122352229,7a8f6887748f,Ameer Hassan,host
60b5e68e-9441-4223-b10e-adf122352229,08c9a65c8c8e,Usman Asim,speaker
60cc9915-b520-4e90-934f-6f1c4312b28b,1fc7406ed277,3rd + Taylor Agency,host
60cc9915-b520-4e90-934f-6f1c4312b28b,7d28b21232a0,Tiffany Nwahiri,host
60ef53d3-31ba-4d33-9052-a40332e7c808,e2729a0797ae,Chris Sheng,speaker
60ef53d3-31ba-4d33-9052-a40332e7c808,649778230883,Lara Bandeira,host
60ef53d3-31ba-4d33-9052-a40332e7c808,7e909c704c0d,Tony Yang,host
6109843b-341a-4dbb-93bb-99cb9cf35251,62192032da6c,John Bohlmann,host
6109843b-341a-4dbb-93bb-99cb9cf35251,7735dc50b8b0,Ogunjubee Ifedolapo,host
6109843b-341a-4dbb-93bb-99cb9cf35251,4711f08261d9,Shane Ray Martin,host
6109843b-341a-4dbb-93bb-99cb9cf35251,9a3b6b7b1b79,Vivian Lei,host
6128a86e-87e2-493d-a724-2ceb1148e454,2cf60d01796e,Bartu Varol,host
6128a86e-87e2-493d-a724-2ceb1148e454,527984972e6a,Eftal Yurtseven,host
6179eec0-9bc9-4839-812e-773e128cde9d,468f2f6dd18d,Elizabeth Swaney,host
6183e5cd-91d1-42ea-a3fc-19fe66b6f8f1,ecc5306b993b,Filip Pietraszkiewicz,host
6183e5cd-91d1-42ea-a3fc-19fe66b6f8f1,2385f11c4d2c,Sophie Salmon,host
620fc85a-6db8-4654-90f6-c0cd958bc033,57ee885690f4,Autumn Moss Peñaloza,host
620fc85a-6db8-4654-90f6-c0cd958bc033,1e2745f5321f,Caroline Gomes,host
620fc85a-6db8-4654-90f6-c0cd958bc033,a770a0b61bbf,Christine Farrier,host
620fc85a-6db8-4654-90f6-c0cd958bc033,1a08c94c3c2f,Chrystal Price,host
620fc85a-6db8-4654-90f6-c0cd958bc033,1d6925324862,Rachel Sunderland,host
6211dd65-48d1-48f9-bde5-6b51174fe3cc,a7c1f019f70c,Ed Ludlow,conversation guest
6211dd65-48d1-48f9-bde5-6b51174fe3cc,76e1a3671874,Edelman SF,host
6211dd65-48d1-48f9-bde5-6b51174fe3cc,9fc5f2b317d5,Harry McCracken,conversation guest
6211dd65-48d1-48f9-bde5-6b51174fe3cc,f98109319abc,Kate Walter,host
6211dd65-48d1-48f9-bde5-6b51174fe3cc,e9f4caccc38d,Kif Leswing,panelist
6211dd65-48d1-48f9-bde5-6b51174fe3cc,fc20e11064ab,Liz Foster,host
6211dd65-48d1-48f9-bde5-6b51174fe3cc,b28ed34e8047,Madi Ciampi,host
6211dd65-48d1-48f9-bde5-6b51174fe3cc,09496ef0b19b,Margot Edelman,conversation moderator
6211dd65-48d1-48f9-bde5-6b51174fe3cc,e2715b1dd1f8,Max Cherney,conversation guest
6211dd65-48d1-48f9-bde5-6b51174fe3cc,d08496ba087b,Rachyl Jones,conversation guest
6211dd65-48d1-48f9-bde5-6b51174fe3cc,49f61e6a0eb8,Robin Fletcher,host
6211dd65-48d1-48f9-bde5-6b51174fe3cc,34b5ad8a8f86,Stephen Council,conversation guest
6226690d-1f17-47e6-8669-2b2a5ad336b1,40a647f3fcdd,Chris Messina,moderator
6226690d-1f17-47e6-8669-2b2a5ad336b1,3ef042fe2fa9,Laura Cruickshanks,host
6226690d-1f17-47e6-8669-2b2a5ad336b1,6a97a43c2a59,Rajoshi Ghosh,host
6226690d-1f17-47e6-8669-2b2a5ad336b1,ce7394e6412b,Shawn Wang,panelist
6226690d-1f17-47e6-8669-2b2a5ad336b1,bdad1486831b,Tanmai Gopal,panelist
624c074a-22c8-43f6-9a8c-1dcf8abb0b65,9f5ad52dfb82,Mike Williams,host
6288fb3c-1d2e-4c72-b8db-d9847f76dfa4,452f944360b2,Alvin Kim,host
6288fb3c-1d2e-4c72-b8db-d9847f76dfa4,601582984baa,C.C. Gong,fireside/panel participant
6288fb3c-1d2e-4c72-b8db-d9847f76dfa4,e1c7c4ddf20e,Haomiao Huang,fireside chat guest
6288fb3c-1d2e-4c72-b8db-d9847f76dfa4,e1e8007b8104,Kyle Stanford,moderator
6288fb3c-1d2e-4c72-b8db-d9847f76dfa4,76244c9716ba,Mohit Gupta,fireside chat guest
6288fb3c-1d2e-4c72-b8db-d9847f76dfa4,ab2a9d800e43,Robert Wachen,fireside chat guest
630262eb-c0fc-4eaa-9780-c1e853ee87be,5e0a67e6e750,Matheus Pagani,host
630262eb-c0fc-4eaa-9780-c1e853ee87be,e67cde4119d3,tejas ravindra,host
63139f37-7264-4f5c-a601-80cd50a68bf7,6cb02bfe6359,Shir Chorev,host
6325877a-f5ae-4598-b13e-9c41d8376209,32569eea98f0,Autumn-Kyoko Cushman,host
6325877a-f5ae-4598-b13e-9c41d8376209,977c538de0f7,Haddon Pereira,judge
6325877a-f5ae-4598-b13e-9c41d8376209,b371817e0259,Marlon Saunders,judge
6325877a-f5ae-4598-b13e-9c41d8376209,b42a2c0c7be2,Owen,judge
6325877a-f5ae-4598-b13e-9c41d8376209,554c2e38c536,Samantha Gardner,host
6325877a-f5ae-4598-b13e-9c41d8376209,7d1a9616a55c,Talmage Johnson,mc
6362745d-c66c-4b5c-8c93-261421dd4c9f,042e166f60ec,April Liu,host
6362745d-c66c-4b5c-8c93-261421dd4c9f,7b1fa7e2952d,Jason Ma,named speaker in public description
6362745d-c66c-4b5c-8c93-261421dd4c9f,8c3f5eb79fd6,Jeson Lee,host
6362745d-c66c-4b5c-8c93-261421dd4c9f,769e2ae8abde,Moritz Schiebold,host
636ba891-6258-4634-9c68-163a360b0c4f,bfc4134df66e,Durva Mathure,host
636ba891-6258-4634-9c68-163a360b0c4f,9258bee37132,Grace Ling,panelist
636ba891-6258-4634-9c68-163a360b0c4f,1ec110efcf26,Julia Pintar,panelist
636ba891-6258-4634-9c68-163a360b0c4f,b9a124df9deb,Priya Ganguly,host
636ba891-6258-4634-9c68-163a360b0c4f,5eee00950881,Sarina Campanella,panelist
636ba891-6258-4634-9c68-163a360b0c4f,d605777823a3,Vidya Narayanan,panelist
6463bb9f-bbd8-40bd-8960-5ad81ead32c6,797939b8383c,Andie Steinberg,host
6463bb9f-bbd8-40bd-8960-5ad81ead32c6,4534838bb01e,Andy Slavitt,featured town hall ventures team speaker
6463bb9f-bbd8-40bd-8960-5ad81ead32c6,7f74fd2be08b,Catherine Olexa-Meadors,featured town hall ventures team speaker
6463bb9f-bbd8-40bd-8960-5ad81ead32c6,e0903cf325d3,Laura Walk,host
6463bb9f-bbd8-40bd-8960-5ad81ead32c6,bed26e581134,Meera Mani,featured town hall ventures team speaker
6485ba6e-b2c5-43bd-b776-816d23b7961c,d9f674e79227,Dipan Pal,host
64cfaf77-0fbe-4cd5-9327-55bae5535b76,46da9d5033dc,Brant Meyer,host
64cfaf77-0fbe-4cd5-9327-55bae5535b76,5771ad24ef64,Kevin Li,host
64d5c54f-8128-4d8b-913a-5fcbd9bcc14e,122cbfb70640,Jessica Maez,host
64e7a451-d7a4-41c6-89d7-cf31802d3a88,64a5a6a626c6,tiffany,host
65184cb1-3275-48ac-b2e5-0ba35e1fb7f5,ada1bb9f75aa,Charlotte Harris,host
65184cb1-3275-48ac-b2e5-0ba35e1fb7f5,35aacc02898b,Lisa Hayashi,host
65184cb1-3275-48ac-b2e5-0ba35e1fb7f5,a8f7e748184f,Nina Korfias,host
65285e58-85bd-45af-b021-d567c8f05fd4,c0eae264e6a0,Lee Greene,host
6543efbe-22a0-4d35-94cc-776c25a6f7fe,3ae48771c1ea,Oliver Henry,host
6543efbe-22a0-4d35-94cc-776c25a6f7fe,d696b3317fb4,Zoe Van Den Bol,public named person
6572e520-931c-400a-af4c-5ffdedd01f07,24c6e250befc,Megha Bhattacharya,host
660a92d8-c75c-4d55-bbd7-303324f154c7,2aba17a85d59,Danny Crichton,host
660a92d8-c75c-4d55-bbd7-303324f154c7,3ac122cec76a,Laurence Pevsner,host
660a92d8-c75c-4d55-bbd7-303324f154c7,b2abfc0925fc,Pranav Ashok,host
660c5570-7330-489d-ad84-5490b10af846,67986be582fe,Ted Helfrich,host
660f1d12-67f7-4bf0-abb6-38c9cea23a85,3a323d98146d,Kahlil Lalji,sauna-side chat speaker
660f1d12-67f7-4bf0-abb6-38c9cea23a85,2baef349381c,Kirsten Green,fireside chat guest
662a8942-386d-4d4a-bbc9-e268301913c3,6b6af182af07,Lottie O'Brien Gore,host
662a8942-386d-4d4a-bbc9-e268301913c3,3bb98ee83c3a,Phil Lorenz,host
662a8942-386d-4d4a-bbc9-e268301913c3,952910e992b0,Valerio Pereno,host
666889fd-e176-4947-9d09-03692060e676,96b0ba9bdbf3,Felix,host
666889fd-e176-4947-9d09-03692060e676,ab17863c3336,Matt S,host
666889fd-e176-4947-9d09-03692060e676,e644bd3cb5e3,Sophie Jacobson,host
6684f7a8-9346-438c-afeb-2097d5ac0690,dab818c803da,Ainur N.,judge
6684f7a8-9346-438c-afeb-2097d5ac0690,ed2498437e58,Alina Blyzniuk,host
6684f7a8-9346-438c-afeb-2097d5ac0690,9aaced84805e,Anand Lalwani,speaker
6684f7a8-9346-438c-afeb-2097d5ac0690,89ab742d1c37,April Liu,host
6684f7a8-9346-438c-afeb-2097d5ac0690,02670badbdce,Daniel Ho,judge
6684f7a8-9346-438c-afeb-2097d5ac0690,8ec0e5822ee6,Jacqueline Adami,host
6684f7a8-9346-438c-afeb-2097d5ac0690,8c3f5eb79fd6,Jeson Lee,host
6684f7a8-9346-438c-afeb-2097d5ac0690,47c722347647,Justin Wasserman,speaker
6684f7a8-9346-438c-afeb-2097d5ac0690,557f9a9b4d78,Katherine Scott,speaker and judge
6684f7a8-9346-438c-afeb-2097d5ac0690,c3c305b2b35e,Meghna Gummadi,judge
6684f7a8-9346-438c-afeb-2097d5ac0690,d11640a64619,Oleksandra Kviatkovska,host
6684f7a8-9346-438c-afeb-2097d5ac0690,bc663d1a5963,Ryan McCrackan,judge
6684f7a8-9346-438c-afeb-2097d5ac0690,c18376eed8d3,Varad Mohod,judge
6719988b-c875-472f-9ff7-f903de34eeb7,9b6ddbb54553,Ari Tulla,host
67289882-3a09-49ee-a43c-73a02aefe3fe,d6caeab8af72,Briana B,public named person
67289882-3a09-49ee-a43c-73a02aefe3fe,b6af0789de45,Charlotte Harris,host
672d61ab-7c0c-48d6-b916-c2755c9f107e,23aea4d392d3,Charleston Wong,host
672d61ab-7c0c-48d6-b916-c2755c9f107e,ecfeee3d0363,Emily Fang,host
672d61ab-7c0c-48d6-b916-c2755c9f107e,854c81d44f99,Fiona Bao,speaker
672d61ab-7c0c-48d6-b916-c2755c9f107e,84542dee81be,Gurkanwal (GK) Brar,speaker
672d61ab-7c0c-48d6-b916-c2755c9f107e,0abd087946ad,Jay Park,speaker
672d61ab-7c0c-48d6-b916-c2755c9f107e,b4fc0ab6dba9,Kaya Deng,speaker
672d61ab-7c0c-48d6-b916-c2755c9f107e,fc5eec28fbdd,Samantha Lee,host
673b2b19-8362-45db-b6ee-2f31e2635ae9,c9bfdfaef128,Caleb Rhee,host
673c42fe-72bd-45c5-b00d-10c2568f9609,2f8c81e90f08,Colton Kaplan,host
673c42fe-72bd-45c5-b00d-10c2568f9609,a240098245d4,Manny Duenas,host
6746cc61-3b97-47ae-b55a-cc2697b2eb0d,272c48af5fee,Chef Brandon Jew,speaker
6746cc61-3b97-47ae-b55a-cc2697b2eb0d,9e43d0949f67,Mark Levy,event host and remarks speaker
6746cc61-3b97-47ae-b55a-cc2697b2eb0d,228c09a90b6d,Niles Xi’an Lichtenstein,event host and remarks speaker
67c375ce-c97a-4eb5-b689-882345bbf375,16dab4cb60d1,Calvin Zhou,speaker
67c375ce-c97a-4eb5-b689-882345bbf375,6f7f9a6f11b3,Maggie Tan,speaker
67c375ce-c97a-4eb5-b689-882345bbf375,5f94847b3e6d,Rachel Cheung,host
67c375ce-c97a-4eb5-b689-882345bbf375,5ebc516e781d,Tess Hau,speaker
67d242e7-e874-40e9-9e08-7fbaedbc7175,57ed2dc07300,Philip Braddock,host
67d242e7-e874-40e9-9e08-7fbaedbc7175,cc2e2de6bfae,Steph Toh,host
67fb566b-912e-4e9c-982d-db9de125ee77,03da27ca303e,Matthäus Schweisgut,public partner event contact
67fb566b-912e-4e9c-982d-db9de125ee77,6afc6b0dc1ec,Michael Dobersberger,host
67fb566b-912e-4e9c-982d-db9de125ee77,c8f8dd0b07da,Naida Vikalo,host
6836c3a2-4a51-44df-9a64-15e45544281f,4f10ff05f9ad,Zemen Berhe,host
68527b84-fac7-4d1f-9b5d-9a78e57097aa,749b627e2096,Chao Victor Gao,host
68527b84-fac7-4d1f-9b5d-9a78e57097aa,3d6d595859cb,Steve Hoffman,special guest speaker
68527b84-fac7-4d1f-9b5d-9a78e57097aa,36cc2adf9143,Vina Li,host
6853479d-2f6f-441b-9b3b-f87a26982349,aa889da6a371,Samantha Quist,host
6853479d-2f6f-441b-9b3b-f87a26982349,ff4019e72a1c,sarah ramos,host
68859d40-1b70-4252-9d50-235fb0d56972,7afd65a50e10,Joffroy Louchart,host
68859d40-1b70-4252-9d50-235fb0d56972,1c996e89d427,Lauren Schmidt,host
68b228b2-3fb1-40df-9eff-c5784aa91d95,a176bd46e657,Graham Siegel,panelist
68b228b2-3fb1-40df-9eff-c5784aa91d95,c72e0181e3f8,Lindsey Mignano,host
68b228b2-3fb1-40df-9eff-c5784aa91d95,04861cb80289,Makell Morrill,host
68b228b2-3fb1-40df-9eff-c5784aa91d95,76e8ee33a6a4,Nick Tooker,moderator
68b228b2-3fb1-40df-9eff-c5784aa91d95,cd1022f12943,Ryan Donato,host
68b562e2-bc9c-4e4f-956e-cfec150925bf,0cac42295c99,Arshan Ahmad,moderator
68b562e2-bc9c-4e4f-956e-cfec150925bf,137d5d53fcb4,Milad Alucozai,speaker
68c22a9b-6695-443c-a609-b8c4f9ad4cbe,82f692fc52b0,Claudia Natasia,host
68dc9889-df52-4e4b-849c-9655a1f5849c,40313d759e0b,Russ Yapparov,conversation guest
6960d444-3d75-4cbd-a349-58b7094506d3,0cfa782a3214,Jordynn Johnson,host
696ff346-641d-411f-96ae-544bfa08d5c3,f0663cc9a711,Paulina Xu,host
696ff346-641d-411f-96ae-544bfa08d5c3,ed124ea120ae,Yvonne,host
69731eb0-cbb1-49e0-9baf-fb9880d85bd8,868a06529127,Evelyn Mora,panelist
69731eb0-cbb1-49e0-9baf-fb9880d85bd8,0285b3d8d3ce,Giselle Ebrat,host
69731eb0-cbb1-49e0-9baf-fb9880d85bd8,59963bca241c,Stacy Salvi,panelist
69731eb0-cbb1-49e0-9baf-fb9880d85bd8,4e5a8a2a683c,Taarika Bangalore,panelist
698150c2-96e2-4234-b120-4505d01d3dbd,97562aa98b89,Laura Gravley,host
69930041-ba35-4b54-b27c-5e425ffdd938,d285c9a6c64e,Darion Jefferson,panelist
69930041-ba35-4b54-b27c-5e425ffdd938,61c40ecb2e2c,Grandmaster Bey,panelist
69930041-ba35-4b54-b27c-5e425ffdd938,b043c542ad40,Malika Mays,panelist
69930041-ba35-4b54-b27c-5e425ffdd938,bf4f5e007e94,Michael Banerjee,panelist
69930041-ba35-4b54-b27c-5e425ffdd938,252bdcd13feb,Stacie McClam,facilitator
6a3b2f3f-a9f3-4f36-8837-dad1b3157288,476c45c2c680,Dori Yona,speaker
6a3b2f3f-a9f3-4f36-8837-dad1b3157288,33aca0b9a2a9,Jad Jawad,speaker
6a3b2f3f-a9f3-4f36-8837-dad1b3157288,21e13bce1ab8,Shannah Johnson,speaker
6aba4204-6414-422f-b661-7bb5a2c9968c,48d750aa9882,Allen Smith,host
6ad9316f-0502-48ac-8fa5-c8e39b7a3827,8a3d99d1c9d5,Francis Osifo,host
6af2450b-d398-4c13-bd54-ce3dfb120630,1d2602f922e7,Nir Naamani,host
6ba21209-762e-42e8-abb2-606b6c676d40,85448ad0fc4e,Aniket Naravanekar,featured presenter
6ba21209-762e-42e8-abb2-606b6c676d40,120721bdc325,Viktoriia Bezushko,host
6bfd2bde-9216-49a7-baaa-6d5e1b4ab022,dc2dc7183ab4,Alice Leung,host
6c0631f8-f8d3-4ea6-a566-e37b88d26d20,bc4c418e7e7c,Khannan S.,speaker
6c0631f8-f8d3-4ea6-a566-e37b88d26d20,f27c44ade14e,Shi Dong,speaker
6c0631f8-f8d3-4ea6-a566-e37b88d26d20,3f4bd6ed378e,Victor Su-Ortiz,host
6c0631f8-f8d3-4ea6-a566-e37b88d26d20,be47ef41bec6,Yi Su,speaker
6c2add39-ee57-43da-aa57-fb1e3bbc833f,18322554c6d0,Bruce Scheer,host
6c2add39-ee57-43da-aa57-fb1e3bbc833f,2907f0078ce7,Sandy Yu,host
6c515f8b-3549-4477-97f5-febb46ebf9cf,9a2a4e1f1cc6,Annelize Venter,host
6c515f8b-3549-4477-97f5-febb46ebf9cf,d9f8b93fdfc9,Jonathan Storper,host
6c515f8b-3549-4477-97f5-febb46ebf9cf,ab57760b3b40,LNB Accounting,host
6c515f8b-3549-4477-97f5-febb46ebf9cf,39cb7e700929,Marie Csech,host
6cc96305-7884-4961-b261-499e896a93ce,e1651038b12f,Alexander Medvedev,host
6cc96305-7884-4961-b261-499e896a93ce,d9d900e1ba06,Riley Lin,host
6d29c986-677b-4611-ab8b-f642e656e6f9,204a05253e71,Dima Khanarin,host
6d7e15d5-5eaa-40ce-8590-d6a89a8fe23e,b9295844f9ca,Chief Legal X,host
6d7e15d5-5eaa-40ce-8590-d6a89a8fe23e,63bf3eec7be0,Eunice Kim,speaker
6d7e15d5-5eaa-40ce-8590-d6a89a8fe23e,77b3733d1a1e,Kathy Zhu,speaker
6d7e15d5-5eaa-40ce-8590-d6a89a8fe23e,2111948d1199,Ron Bell,speaker
6d7e15d5-5eaa-40ce-8590-d6a89a8fe23e,ef26fc95dfeb,Ty Lim,speaker
6d918f11-e65a-40a7-bdd4-0c084321527e,bb19f8304173,Ananya,host
6d918f11-e65a-40a7-bdd4-0c084321527e,06ab1a3fc2cc,Anastasia,host
6ded5b14-4c1c-4f53-90b8-604da14fb789,be4d5f87b39c,Founders & Funders,host
6ded5b14-4c1c-4f53-90b8-604da14fb789,0d41b79ff2d3,Jeff Erickson,host
6e2948e0-e577-4f23-9639-3947f02655cc,0285b3d8d3ce,Giselle Ebrat,host
6e3aedaa-7178-44ba-a37d-bedffda30f5a,3c2f2fe78026,Jordynn Johnson,host
6e44ce68-7428-456e-8adc-362014021ac4,84e63e1cc11d,Laura Burkhauser,opening speaker
6e44ce68-7428-456e-8adc-362014021ac4,fec2f675190c,Natalie Estrada,host
6efc3e1b-2f60-4e09-a1b8-b48918cc39ea,bfc4134df66e,Durva Mathure,host
6efc3e1b-2f60-4e09-a1b8-b48918cc39ea,82ee44b08b96,Yujian Yao,speaker
6f480915-3c98-401d-9312-4ebf8ac89458,f358eeab4e28,Amobi Okugo,panelist
6f480915-3c98-401d-9312-4ebf8ac89458,57774be6a0ca,Ashanti Abdullah,panelist
6f480915-3c98-401d-9312-4ebf8ac89458,de6ca4d91208,Brandon Rutley,panelist
6f480915-3c98-401d-9312-4ebf8ac89458,e0c96f9b6db5,Brianna Salvatore Dueck,panelist
6f480915-3c98-401d-9312-4ebf8ac89458,ada9227f5a13,Caitlin Glazebrook,host
6f480915-3c98-401d-9312-4ebf8ac89458,7f3122dea6ca,Cristal Guzman,host
6f480915-3c98-401d-9312-4ebf8ac89458,e737895e6006,Cristina Pimentel,host
6f480915-3c98-401d-9312-4ebf8ac89458,0e26a6e7ff1b,Sahar Arshad,panelist
6f57acfb-f027-404b-a953-f09a9803a5e0,b4b3d7cfdea0,Brandon CB,host
6f57acfb-f027-404b-a953-f09a9803a5e0,ddba68074d15,Paul Finney,workshop facilitator
6f57acfb-f027-404b-a953-f09a9803a5e0,5dc8670660e7,Praneet Dutta,host
6f57acfb-f027-404b-a953-f09a9803a5e0,ccf84a985035,Shalaka Kulkarni,workshop facilitator
6f5ed47f-7b55-4390-bcdc-e7a60060e6ff,929fea573268,AnnMargaret Haines,host
6f5ed47f-7b55-4390-bcdc-e7a60060e6ff,5edae4fcb087,Felicia Coco,host
6f5ed47f-7b55-4390-bcdc-e7a60060e6ff,2652d6d58faa,Lani Nguyen,host
6f6e72da-4649-47e2-870f-9655d9821e13,ebdfd843d736,Anna Shimafuji,host
6f6e72da-4649-47e2-870f-9655d9821e13,9f7799431609,Fuma Hayashi,host
6f6e72da-4649-47e2-870f-9655d9821e13,32327f695720,Pam Luna Mallea,host
6f7a7c87-3eb7-47fd-928c-13fbea0ea158,5c01e559ee69,Jona Naqo,host
6f7a7c87-3eb7-47fd-928c-13fbea0ea158,989a2157bffc,Liliana Guerrero,guest facilitator
6f7a7c87-3eb7-47fd-928c-13fbea0ea158,4b699eac1679,Moonsun Kim,facilitator
6f85c526-c7b3-4700-b2bd-6f9356ba6a18,42e9f0df0ee3,Dylan Lisle,host
6f85c526-c7b3-4700-b2bd-6f9356ba6a18,2ddb80e54bac,Joanne Hoang,host
6f85c526-c7b3-4700-b2bd-6f9356ba6a18,b8fbeed29859,Kourosh Adlparvar,host
6fbee01c-dda1-4850-a678-80997234da54,75a92559e465,Eli Willis,host
6fc3df8c-bb52-4477-9fe8-5508a7f968d4,e28ee9137c14,Andrea Corry,host
6fc3df8c-bb52-4477-9fe8-5508a7f968d4,f5af74abe5e3,Cythika Hiwin Bopearachchi,host
6fc3df8c-bb52-4477-9fe8-5508a7f968d4,062253363533,Varun Turlapati,host
709035c9-e76f-42bc-8960-b6ad78a230f6,20a1782e86b4,Brittney Glass,host
709035c9-e76f-42bc-8960-b6ad78a230f6,6445665362bc,David Dorfman,public named person
709035c9-e76f-42bc-8960-b6ad78a230f6,efb70e6bbef6,Emily Duke,host
709035c9-e76f-42bc-8960-b6ad78a230f6,4748ef892c94,Madison Jenkins,host
709035c9-e76f-42bc-8960-b6ad78a230f6,31a870ca5da8,Melodee Gates,host
70a5aa9b-5ce6-4d17-a83e-91539de23043,7cf24843f9de,Cassidy McDonnell,host
70a5aa9b-5ce6-4d17-a83e-91539de23043,43ba3a88c9da,Ilana Arbisser,performer
70a5aa9b-5ce6-4d17-a83e-91539de23043,807fa6e5a3ef,Priya Shekar,performer
70bc842c-d350-4dc4-bca9-738388b8f106,e3e322306235,Ellis Porter - The Immigration Attorneys,host
70cf0dc6-ec61-4f2e-bbee-0666ebb4150c,d1bd4e2febb0,General Legal,host
70cf0dc6-ec61-4f2e-bbee-0666ebb4150c,f304a55efce6,Saurav Bubber,host
70cf0dc6-ec61-4f2e-bbee-0666ebb4150c,a38d7e757364,Zeyad Genena,host
70d0ef29-54cf-42dd-9716-5372c691c2b7,5a3c79c7072c,Carl Fudge,speaker
70d0ef29-54cf-42dd-9716-5372c691c2b7,f5d98611654c,Vinod Paniker,host
70d0ef29-54cf-42dd-9716-5372c691c2b7,d979f0050381,Viri Aguilar,host
70e18f89-1c12-4203-87d1-10cd0cec6462,dafbc85096db,Amy Crook,host
70f099de-8067-4950-946f-b736e334d33b,7ccd39127fb7,Samir Patel,workshop host
71114bbd-fa79-4788-9f64-4cbf64ac18ff,38f60723392e,Chinat Yu,host
71114bbd-fa79-4788-9f64-4cbf64ac18ff,914a8ede6f16,Debanjan Nayak,host
71114bbd-fa79-4788-9f64-4cbf64ac18ff,78c6b4408114,Susmit Roy,host
71bce0fe-f239-4803-9092-55ace31e71df,98fd3ee14739,Bill Hoppin,speaker
71bce0fe-f239-4803-9092-55ace31e71df,42adcebaa70d,Megan Hartwick,host
71bce0fe-f239-4803-9092-55ace31e71df,ad6cf080f38b,Sam Fok,speaker
71e4f513-2c6c-4af3-a3c5-f76a322af8b8,ab646a4efb57,Maria Gorskikh,host
71ebf84f-2632-43fe-9dee-9f8d96295882,e28ee9137c14,Andrea Corry,host
71ebf84f-2632-43fe-9dee-9f8d96295882,f5af74abe5e3,Cythika Hiwin Bopearachchi,host
71ebf84f-2632-43fe-9dee-9f8d96295882,062253363533,Varun Turlapati,host
720e00bd-5a8e-4371-af63-a1fe5fbf93fb,4eb03579582a,Deepak Mishra,host
7263bbf8-e96e-4854-b7cc-31b8617042bc,49bb06b99cda,Stacy Anderson,host
7275f6e2-3186-479d-a7f7-28cb111f207a,f3051917eac8,Alder Riley,host
729327e7-adb9-47b8-b22d-92750c1ea95f,9966f729a1de,bing,host
72f1b647-7110-41ce-8970-50a98f772936,d93ab0c33b4c,Akhil Nallapati,instructor
72f4a99a-95a1-4796-bdf9-8f840e5f2735,e22ca09fd770,Truffle Security,host
7312985f-ea80-43d4-9233-440ed587a4fa,85448ad0fc4e,Aniket Naravanekar,host
7312985f-ea80-43d4-9233-440ed587a4fa,18775f2db574,Ankur Tyagi,host
7312985f-ea80-43d4-9233-440ed587a4fa,d677980265c8,Sahil Sorathiya,host
7323076e-40db-4682-a73d-5c6ac0dfd285,680da09539ec,Filipa Pinto de Carvalho,host
7323076e-40db-4682-a73d-5c6ac0dfd285,ed216694f903,Filipe Ramalheira,speaker
7323076e-40db-4682-a73d-5c6ac0dfd285,b8f3853a823c,Gil Azevedo,speaker
7323076e-40db-4682-a73d-5c6ac0dfd285,025aa8669d7d,Miguel Aguiar,speaker
7323076e-40db-4682-a73d-5c6ac0dfd285,f2bee9cfe23d,Neil Cohen,moderator
7323076e-40db-4682-a73d-5c6ac0dfd285,2c05b667bb40,Pedro Coutinho,host
7323076e-40db-4682-a73d-5c6ac0dfd285,eb845f5d803e,RedBridge Lisbon,host
7325f3b7-b1f6-42b3-ac6a-5d06aeeb18bd,8619236710d9,Enrique Suarez Chalco,host
7325f3b7-b1f6-42b3-ac6a-5d06aeeb18bd,4e5ab3e82b5f,Marcella Gonzales,host
738385a8-dc7c-44e8-aaaa-6a2148ff601b,7d678d648a3c,Lucy Schott,host
738385a8-dc7c-44e8-aaaa-6a2148ff601b,ea6b0cb32a0a,Sunil Casuba,host
738385a8-dc7c-44e8-aaaa-6a2148ff601b,1fd387a2e3c5,Sylvia,host
7392a199-557d-4290-9ef3-2764e0e1784e,3c2f2fe78026,Jordynn Johnson,host
73a0c330-cbd9-4895-93fd-aa55007b3269,415d56883da4,Aakriti Aggarwal,panelist
73a0c330-cbd9-4895-93fd-aa55007b3269,fe850ca393bf,Carmen Ye,panelist
73a0c330-cbd9-4895-93fd-aa55007b3269,415b42587da1,Norah Leibow,panelist
73a0c330-cbd9-4895-93fd-aa55007b3269,f46b7570fdd1,Tiffany Tseng,panelist
73a9ad42-0a4b-4a15-a8fe-088fedc19fcc,fd3ecf84bf56,Ava Bizjak,host
73a9ad42-0a4b-4a15-a8fe-088fedc19fcc,12042708555d,Jody Beavers,tea introduction and brewing demonstration leader
73a9ad42-0a4b-4a15-a8fe-088fedc19fcc,173e9d669bd5,Nikki Ju,yoga session instructor
74261731-764b-4b92-acd7-58e1ad592acb,60e98ef1d2d1,Andre Landgraf,opening-conversation speaker
74261731-764b-4b92-acd7-58e1ad592acb,06f268c19f3a,David Cramer,opening-conversation speaker
74261731-764b-4b92-acd7-58e1ad592acb,5cd7dd08a40d,Hayden Bleasel,opening-conversation speaker
74261731-764b-4b92-acd7-58e1ad592acb,7f1244f6e7a5,Shyam Kumar,opening-conversation speaker
74ad46d7-9b3d-456c-acfd-b294ffe3dbd4,de56a293524e,Blake George,host
74ad46d7-9b3d-456c-acfd-b294ffe3dbd4,a56d71746e7f,Christopher Carew,host
756533ef-ed5b-4c0d-ae21-02df7711684a,e9e4ea263399,Khailee Ng,host
756533ef-ed5b-4c0d-ae21-02df7711684a,fc5eec28fbdd,Samantha Lee,host
756c6377-4781-4d43-8ebf-fc57036e99af,f51821549a49,Joshua James,host
76fc882d-d2e8-43ad-8bda-97b1eef45ccf,2cc070059854,Christian Temath,featured nrw ai delegation member
76fc882d-d2e8-43ad-8bda-97b1eef45ccf,e046339df97a,Henrike Lieder,featured nrw ai delegation member
76fc882d-d2e8-43ad-8bda-97b1eef45ccf,e31fb3e66b4f,Joerg Rose,host
76fc882d-d2e8-43ad-8bda-97b1eef45ccf,2d71efab0191,Leonie Neuhäuser,featured nrw ai delegation member
76fc882d-d2e8-43ad-8bda-97b1eef45ccf,e9086b547fc2,Stephan Hohmann,featured nrw ai delegation member
77257bc9-ac62-4e0d-9f78-9a5427c7df2a,796ddfe7358b,Cottrell Guidry,panelist
77257bc9-ac62-4e0d-9f78-9a5427c7df2a,6fe6c8ea7a35,Ellen Dahlfors,host
77257bc9-ac62-4e0d-9f78-9a5427c7df2a,3be1997b08f9,Emma Anderson,host
77257bc9-ac62-4e0d-9f78-9a5427c7df2a,111117fe1c20,Evelisa Genova,panelist
77257bc9-ac62-4e0d-9f78-9a5427c7df2a,2fac917a330c,Fuad Hawit,panelist
77257bc9-ac62-4e0d-9f78-9a5427c7df2a,d106b08a0331,Jonas Schenström,panelist
77257bc9-ac62-4e0d-9f78-9a5427c7df2a,6dcee0e1eee3,Ludvig Bergström,moderator
77257bc9-ac62-4e0d-9f78-9a5427c7df2a,1ca675018671,Peter Kadin,panelist
77257bc9-ac62-4e0d-9f78-9a5427c7df2a,0bf0b4d19227,Simon Pettersson,panelist
775e9446-e723-4b5b-a74a-57ae50ba8579,4e1e60a7dbdf,Mohit Aron,keynote speaker
77854588-d4a6-42cb-bc27-899b514f0bf8,9992d7a3edcf,Andrew “Drew” Dillon,host
77854588-d4a6-42cb-bc27-899b514f0bf8,7eed0b550309,Stephan,host
77dfbe71-e177-459b-a133-6843e1d0b142,0f0dc88c709c,Briana B,host
77dfbe71-e177-459b-a133-6843e1d0b142,ada1bb9f75aa,Charlotte Harris,host
787b7d4d-75a1-4ae1-bdbe-70dba080d9f8,f118271447b3,John Gannon,host
78cee80d-0533-44c1-a7d8-2202f36e29f0,7c34897121ba,Dan Siwiec,speaker
78cee80d-0533-44c1-a7d8-2202f36e29f0,0a92142244b8,Julien Le Dem,talk speaker
78cee80d-0533-44c1-a7d8-2202f36e29f0,d36376a50ae5,Mislav Ivanda,talk speaker
78e0c424-0832-4156-92f9-544a45335c4f,3dea9279902d,Joshua Levy,host
78e0c424-0832-4156-92f9-544a45335c4f,a68f7055ae22,Mercedes Bankston,host
78e0c424-0832-4156-92f9-544a45335c4f,29ccdb11c27f,Nneka Maduanwusu,host
78e0c424-0832-4156-92f9-544a45335c4f,1c7608fd1a01,Steven Li,host
78e0c424-0832-4156-92f9-544a45335c4f,8b72b165bf72,Wyatt Lovera,host
791a30bf-753e-4452-b3ba-3892e8975d47,3641a6c32c87,Jax Koh,host
79351c6c-b159-43bb-9952-e265041342df,23aea4d392d3,Charleston Wong,host
79351c6c-b159-43bb-9952-e265041342df,15f8fe39b279,Daryl Png,speaker
79351c6c-b159-43bb-9952-e265041342df,4e85a4df7da2,H.E. Tan Sri Muhammad Shahrul Ikram Yaakob,speaker
79351c6c-b159-43bb-9952-e265041342df,e9e4ea263399,Khailee Ng,speaker
79351c6c-b159-43bb-9952-e265041342df,431264423299,Matt van Leeuwen,speaker
79351c6c-b159-43bb-9952-e265041342df,f8664353df9c,Muhammad Shahrul Ikram Yaakob,speaker
79351c6c-b159-43bb-9952-e265041342df,fc5eec28fbdd,Samantha Lee,host
79351c6c-b159-43bb-9952-e265041342df,6ee9c96ecba4,UGLY TALK - AMY,host
795ce7e0-5e78-4673-a9cf-8ac5f5915879,a1e08f5f11d0,Aj (thevibefounder),public named person
795ce7e0-5e78-4673-a9cf-8ac5f5915879,08d0779d9d85,Sana Afreen,host
795ce7e0-5e78-4673-a9cf-8ac5f5915879,8a09bc8146f2,Sarina Regehr,public named person
795ce7e0-5e78-4673-a9cf-8ac5f5915879,d605777823a3,Vidya Narayanan,host
797493aa-2786-4c7b-8bf4-c4a516cd8f7b,30a2f8f93dfb,Patrick Steyn,host
79a58346-8a61-45f8-84ce-cb86b877a7eb,7cdd776523b9,Jhalak Rawat,host
79a58346-8a61-45f8-84ce-cb86b877a7eb,f29ba7712980,Zubin Pahuja,host
79beda58-f8dd-49ef-888b-1940fb127927,712df9af6c06,Bryan Bischof,host
79beda58-f8dd-49ef-888b-1940fb127927,3eafe690e4cc,Kelly Chapelle,host
79cb6cab-ba15-4458-a385-a1d65821d431,dde2ed8d8def,Samir Patel,speaker
7a64696a-47c2-4647-ba6e-010e46adb0c6,747294e7ddc6,Cody J. Landstrom,lightning talk speaker
7a64696a-47c2-4647-ba6e-010e46adb0c6,44712c08dc3c,Gary Fowler,panelist
7a64696a-47c2-4647-ba6e-010e46adb0c6,132b9910784a,Ilya Tabakh,speaker
7a64696a-47c2-4647-ba6e-010e46adb0c6,4e224ac2bab7,Janet Gehrmann,speaker
7a64696a-47c2-4647-ba6e-010e46adb0c6,34fbc2e6e653,Mariane Bekker,moderator
7a64696a-47c2-4647-ba6e-010e46adb0c6,f276c02031a7,Rajani Thakur,speaker
7a64696a-47c2-4647-ba6e-010e46adb0c6,f888f3e64e06,Ryan Hu,speaker
7a64696a-47c2-4647-ba6e-010e46adb0c6,083790989e70,Saurabh Sharma,speaker
7a6d2daa-36c9-4b56-a49b-36768cd631a8,667a7f8fa6b3,Balaji Abhishek,featured guest
7a6d2daa-36c9-4b56-a49b-36768cd631a8,a4b13360d1ed,Bhavana Rana,featured guest
7a6d2daa-36c9-4b56-a49b-36768cd631a8,13f4ef6553bb,Ed IH Tan,featured guest
7a6d2daa-36c9-4b56-a49b-36768cd631a8,315209f18588,Karnika E. Yashwant,featured guest
7a6d2daa-36c9-4b56-a49b-36768cd631a8,78b28c8722f8,Killian Dunne,featured guest
7a6d2daa-36c9-4b56-a49b-36768cd631a8,8189e2f07aad,Lomit Patel,host
7a6d2daa-36c9-4b56-a49b-36768cd631a8,c6458c223683,Sravya Antharam,featured guest
7a6d2daa-36c9-4b56-a49b-36768cd631a8,1966853c0be8,Stacie Chan,featured guest
7a6d2daa-36c9-4b56-a49b-36768cd631a8,ae2dffc4f9b4,Xiaowen Zu,host
7a931646-3861-4a4e-8c20-ca50b1afb716,0bb06237a814,Angel Gambino,host
7a931646-3861-4a4e-8c20-ca50b1afb716,708a42afc7fc,Neal Bloom,host
7a931646-3861-4a4e-8c20-ca50b1afb716,f5e65d1b0e97,Ohad Tzur,host
7a931646-3861-4a4e-8c20-ca50b1afb716,d8c51e093fbe,Rose Bowlus,host
7aa1fee1-e4b1-4abe-99fb-3546bc44e13d,ef5872b6b3e6,Skyler Stein,host
7b65c98f-08da-46d3-8e37-32ef6286cdc0,d37f6c8ee304,Isabella Tomás,opening remarks
7b65c98f-08da-46d3-8e37-32ef6286cdc0,6afc6b0dc1ec,Michael Dobersberger,host
7b65c98f-08da-46d3-8e37-32ef6286cdc0,33e5c8e3dceb,Niko Woischnik,host
7b65c98f-08da-46d3-8e37-32ef6286cdc0,67cf579abc1f,Petr Smid,roundtable moderator
7b65c98f-08da-46d3-8e37-32ef6286cdc0,b0eeedbc6f89,Stanish Gunasekaran,host
7b65c98f-08da-46d3-8e37-32ef6286cdc0,0f5469a7db39,Steve Jacobs,lightning panelist
7b65c98f-08da-46d3-8e37-32ef6286cdc0,f58d16174ded,Victoria Slivkoff,lightning panelist
7b81ad16-6b52-494b-927f-3121472482bc,6ccf2a7e332f,Anna Klepacka,host
7b81ad16-6b52-494b-927f-3121472482bc,fde5daf7357f,Artur Skowronski,host
7b81ad16-6b52-494b-927f-3121472482bc,f546153f8790,Tom Orzechowski,host
7b81ad16-6b52-494b-927f-3121472482bc,85743390f8ef,Weronika Wiernicka,host
7bbb5a06-e6e5-45cf-bfc9-94f5d235ade0,8beb071f363b,Alex Memmi,featured speaker
7bbb5a06-e6e5-45cf-bfc9-94f5d235ade0,c9a484367b15,Ali Ghotbi,featured speaker
7bbb5a06-e6e5-45cf-bfc9-94f5d235ade0,7dd0beed4097,Glenn Borok,host
7bbb5a06-e6e5-45cf-bfc9-94f5d235ade0,28c4bdc60d6d,Jackson Danzig,host
7bbb5a06-e6e5-45cf-bfc9-94f5d235ade0,dd063c8f19aa,Kristofer Martin,host
7bbb5a06-e6e5-45cf-bfc9-94f5d235ade0,e65795d96f74,Marlon Primous,featured speaker
7bbb5a06-e6e5-45cf-bfc9-94f5d235ade0,913a7264efb9,Meera Oak,featured speaker
7bbb5a06-e6e5-45cf-bfc9-94f5d235ade0,885f6829d5ff,Ziad Kayal,featured speaker
7bce0d2c-2422-48a7-9557-c45f3878e5db,5647cc6ebbd9,Abrar Hussain,speaker
7bce0d2c-2422-48a7-9557-c45f3878e5db,d53ce7c1bf2b,Alastair Goldfisher,speaker
7bce0d2c-2422-48a7-9557-c45f3878e5db,598ea51d1838,Dori Yona,speaker
7bce0d2c-2422-48a7-9557-c45f3878e5db,2ddb80e54bac,Joanne Hoang,host
7bce0d2c-2422-48a7-9557-c45f3878e5db,949f7d2e84d2,Rex Salisbury,speaker
7bd8b8cd-ccc8-4ec8-bc10-19a46b7d65fc,0d4176ec9767,Andres Cano,host
7be293b1-dbb0-458b-90be-6ec7e32794f6,49aa9051c702,Hendrix Liu,host
7c1a0718-871b-4d02-a570-f3043a1a0f8c,0bd21780b4c3,Hayley Mortin,featured artist
7c1a0718-871b-4d02-a570-f3043a1a0f8c,28888ac57082,Karyn Nakamura,featured artist
7c1a0718-871b-4d02-a570-f3043a1a0f8c,cecd30653d13,Zelia ZZ Tan,featured artist
7c23afd5-b868-46bb-a6f0-88f1843927b6,942b4de7de56,Caitlin Zotti,host
7c23afd5-b868-46bb-a6f0-88f1843927b6,f0037dd8ca69,Jessica Tulp,host
7c23afd5-b868-46bb-a6f0-88f1843927b6,57ed2dc07300,Philip Braddock,host
7c23afd5-b868-46bb-a6f0-88f1843927b6,0b2201cd86f5,Sahil Arora,host
7cd74927-5b06-4037-94a1-02a39801c1d4,4449cec0537e,José Gazzano,host
7cd74927-5b06-4037-94a1-02a39801c1d4,8b52c02b5555,Temidayo Odusolu,host
7cdab6e8-87dc-4a5a-b38d-d0b99eaba520,c4d098a7ce4c,Naveen Raju,host
7cdab6e8-87dc-4a5a-b38d-d0b99eaba520,11a05b905072,Shabnam Khan,host
7cdab6e8-87dc-4a5a-b38d-d0b99eaba520,743855fa9ed6,Trupti Sharma,host
7cdab6e8-87dc-4a5a-b38d-d0b99eaba520,1cf68e0330b1,Vaishnavi Dhotre,host
7cee02c1-718f-4d33-a3c6-30ff9c592e8a,310e489d77d6,Adam Fishman,panelist
7cee02c1-718f-4d33-a3c6-30ff9c592e8a,c4ea63318edc,Elena Verna,panelist
7cf2950c-e0bb-482c-89ef-6acb9dafea1e,8d2021eed67d,DJ Swear,performer
7cf2950c-e0bb-482c-89ef-6acb9dafea1e,b021df28d8d9,Jay Wu,host
7cf2950c-e0bb-482c-89ef-6acb9dafea1e,0dbd1b9d744a,Sophie Liu,host
7cf2950c-e0bb-482c-89ef-6acb9dafea1e,b24e9c7ae1e0,Sunny Sun,host
7cf4e466-8ea1-4060-875e-57abc7a96078,257337721bbc,Mathieu Metral,host
7d3d9227-ed55-4940-af2a-2119a601f7f6,5cabc985e37c,Eleanor Ketter,special guest
7d3d9227-ed55-4940-af2a-2119a601f7f6,7c5138af4c1c,Kayci Bi,special guest
7d3d9227-ed55-4940-af2a-2119a601f7f6,b339ab0cc58c,xinye lin,host
7d7939cd-9731-4a45-86a7-9fa9b07936da,48cab07356a2,Cody Lin,host
7d7939cd-9731-4a45-86a7-9fa9b07936da,6fe6c8ea7a35,Ellen Dahlfors,host
7d7939cd-9731-4a45-86a7-9fa9b07936da,43bbc773b7a9,Malin Samuelsson,host
7df29c71-1e55-44ef-8828-a9dfc26aa119,0dd54b166828,Sarah Pinto,speaker
7e04a94b-6363-4634-864a-fff596ff099c,4bc73de280c3,Alenka Kyslik,guest speaker
7e04a94b-6363-4634-864a-fff596ff099c,50eaee4637e5,Jasmeet Kaur,host
7e1dc690-372c-41c7-bb7e-ce2afdec3123,f1e72d0db236,Annette Blum Pearson,host
7e79b7f6-2c43-4baf-a8de-a1278c6a7e25,cecf79a2522c,Evan Weiner,host
7e7d3a69-87e4-4307-8050-7ed8bd3f5dd2,1784b124e7ce,Jay Shah,host
7e9444f9-6365-4bd2-9d3a-620c556874c5,6e56460c8a6d,Clara Vydyanath,panelist
7e9444f9-6365-4bd2-9d3a-620c556874c5,5f58e6ed95ab,Eve Denton,panelist
7e9444f9-6365-4bd2-9d3a-620c556874c5,1cff60ecefe2,Rahul Varshneya,host
7e9444f9-6365-4bd2-9d3a-620c556874c5,551428e11ae6,Tim Taylor,host
7e973b20-f0d0-4aa3-8683-cbd886b3993a,5b286ed7336b,Ben Roxborough,speaker
7e973b20-f0d0-4aa3-8683-cbd886b3993a,b1502b06f613,David Brown,speaker
7e973b20-f0d0-4aa3-8683-cbd886b3993a,d33dd8305c19,Emily Londsdale,speaker
7eb977f6-d6b1-40d2-ad02-3f1ad4779419,0a72dd0e3c9b,Daniel Lütgehetmann,panelist
7eb977f6-d6b1-40d2-ad02-3f1ad4779419,45d1fa7aa9f8,Henry Markram,keynote speaker
7eb977f6-d6b1-40d2-ad02-3f1ad4779419,3df05bf7f919,John Robins,panelist
7eb977f6-d6b1-40d2-ad02-3f1ad4779419,85ed1d8dbdf5,Julia Kuhn Mirza,host
7eb977f6-d6b1-40d2-ad02-3f1ad4779419,328449fd16b0,Rebecca Yeung,panelist
7eb977f6-d6b1-40d2-ad02-3f1ad4779419,1db55347e265,Richard Frey,keynote speaker
7eb977f6-d6b1-40d2-ad02-3f1ad4779419,3d838e41e8f8,Sarah BK. Swissnex,host
7eb977f6-d6b1-40d2-ad02-3f1ad4779419,232337bbbf1a,Sven Jaggi,host
7eb977f6-d6b1-40d2-ad02-3f1ad4779419,593e38ac0723,Valerie Bertele,moderator
7f1264fd-10dd-419a-b308-f8fc698736c6,4422226c920c,Miles Deamer,host
7f1d25e8-d95b-4c6f-952d-9557149f5de9,5a324ca2f44b,Apurva Garware,host
7f1d25e8-d95b-4c6f-952d-9557149f5de9,e99065a1e314,John Zhu,host
7f5c84ce-5c89-4eae-993d-6b987a53be5a,763e5d3d87a3,chaehong jeong,host
7f5c84ce-5c89-4eae-993d-6b987a53be5a,3cc681271119,Harry Hong,host
7f5c84ce-5c89-4eae-993d-6b987a53be5a,1b6e3d4ef043,Jongyoun Kim,host
7f5c84ce-5c89-4eae-993d-6b987a53be5a,b622278aca79,Nayoun Kim,host
7f5c84ce-5c89-4eae-993d-6b987a53be5a,eb4aa0db88fa,Sunghwan Kim,host
7f5c84ce-5c89-4eae-993d-6b987a53be5a,cc3bf05d4983,Sungwon Lyu,host
7f7dd660-9084-4f2e-b3ce-7416f635c727,a56d71746e7f,Christopher Carew,host
7f8484eb-0f23-4943-aade-862ffd4bd184,d26b1a17eb7b,Adam Chambers,jury member
7f8484eb-0f23-4943-aade-862ffd4bd184,b56b361ea6b0,Anto Patrex,jury
7f8484eb-0f23-4943-aade-862ffd4bd184,f8d60482ffe5,Bryce Neil,jury
7f8484eb-0f23-4943-aade-862ffd4bd184,59077ef682da,Dhruv Didi,jury
7f8484eb-0f23-4943-aade-862ffd4bd184,3f768510f9a4,Kaveh Vaziri,host
7f8484eb-0f23-4943-aade-862ffd4bd184,257337721bbc,Mathieu Metral,host
7f8484eb-0f23-4943-aade-862ffd4bd184,1170f0a9c9f8,Tony Y. Chan,jury
7f94624b-3af5-4a44-907d-5dc814f0e68f,1e8ab3e84fee,Amandeep Dosanjh,host
7f94624b-3af5-4a44-907d-5dc814f0e68f,e1ee630cd6ec,Daniel Suh,host
7f94624b-3af5-4a44-907d-5dc814f0e68f,991562f41d9a,Maggie Sin,host
7f94624b-3af5-4a44-907d-5dc814f0e68f,4cbd2cd0eb28,Ted Wint,host
7ff6524b-8cf2-4b48-9e3b-9aa9345f6bc9,6f5fb67a7062,Sebastian Waszkis,host
800f210f-7b35-4cfd-913b-9545bfb9547c,d58b8171090d,Alexandra Loomes,host
800f210f-7b35-4cfd-913b-9545bfb9547c,174241187127,Asya Bradley,host
800f210f-7b35-4cfd-913b-9545bfb9547c,d14ae9faf39d,Charlie Pinto,host
800f210f-7b35-4cfd-913b-9545bfb9547c,0aa71bab1811,David Cheng,host
800f210f-7b35-4cfd-913b-9545bfb9547c,6d8e1ef2cb9f,Eric Theis,host
800f210f-7b35-4cfd-913b-9545bfb9547c,f5de72df4584,Mark Anton,host
800f210f-7b35-4cfd-913b-9545bfb9547c,6c932da9518b,Medha Agarwal,host
800f210f-7b35-4cfd-913b-9545bfb9547c,e01fe8ddc058,Rachel Hodes,host
800f210f-7b35-4cfd-913b-9545bfb9547c,b1dc0c3c37e7,Samantha Cooper,host
80362fd8-7547-4c11-972f-a40f3d4f5057,5197e1564c1d,George Urdea,host
80362fd8-7547-4c11-972f-a40f3d4f5057,d8132097ccbe,Shrey Gosalia,host
80362fd8-7547-4c11-972f-a40f3d4f5057,ef004c54264f,Sigurður Ágeir Árnason,host
80455006-362f-4d21-aad1-a11849ee6e49,b99b87d0531c,Scarlett Sun,host
8082086c-c3c1-4f6e-8f62-27aea9339aa6,ca62b64fb43b,Donna Te,host
80b5db9a-ce87-4717-9a28-6c25780ac83f,3874cf41f1ec,Amanda Benaim,workflow presenter
80b5db9a-ce87-4717-9a28-6c25780ac83f,def94d2a1f5d,Ben Weinmann,panelist
80b5db9a-ce87-4717-9a28-6c25780ac83f,036547c1a0ee,Cindy Xu,workflow presenter
80b5db9a-ce87-4717-9a28-6c25780ac83f,bd03eefd78d6,Gary Hsu,moderator
80b5db9a-ce87-4717-9a28-6c25780ac83f,53dd1f22f8b3,Gavin Ni,panelist
80b5db9a-ce87-4717-9a28-6c25780ac83f,a72a4107e67a,Jason Hood,workflow presenter
80b5db9a-ce87-4717-9a28-6c25780ac83f,9c65f0af9616,Jerry Wang,workflow presenter
80b5db9a-ce87-4717-9a28-6c25780ac83f,75aaf1608757,Minh Do,panelist
80b5db9a-ce87-4717-9a28-6c25780ac83f,94c62fd9e1c9,Ziying Zhong,host
80bcc234-03af-4b8c-ab69-02160c96adcf,dc75c933e447,Laura Tovar,host
80bcc234-03af-4b8c-ab69-02160c96adcf,f45ac2fba1fa,Natalie Gil,host
80d77b88-e75c-4d8d-88f9-50348ad5e186,7232d7caef86,Osama F Rama,host
8117f4b4-438d-42c3-8aa2-c4c8464bc72d,e1be5f130528,Michael Walker,host
8117f4b4-438d-42c3-8aa2-c4c8464bc72d,4574b913d76b,Steve Ferman,host
817338a3-77b7-4629-95e6-c083f19089b7,0c16e9588d6e,Adrian Maverick,host
817338a3-77b7-4629-95e6-c083f19089b7,8851729eb483,Filip Balik,host
817e6a24-edcb-40a4-9bf1-927749bf4980,f799cb976260,Duncan Abdelnour,host
817e6a24-edcb-40a4-9bf1-927749bf4980,861c75b59a87,Jibran Hamady,host
817e6a24-edcb-40a4-9bf1-927749bf4980,6189f2cba822,Kivanc Peltek,host
817e6a24-edcb-40a4-9bf1-927749bf4980,cee8567d7702,The Foundry,host
81d1c84c-e743-4bfc-8f4a-4d1bf127d209,696054a6a1ef,Bright Machines,host
81d1c84c-e743-4bfc-8f4a-4d1bf127d209,18f49da42d06,Scott Purcell,host
81e9135e-5790-41b4-b519-dce0e53c973f,1611ac01c112,Adam Cohen Hillel,host
81e9135e-5790-41b4-b519-dce0e53c973f,1dee5143bed9,Sean Robins,host
822c07b7-121d-4ef7-96a7-6611215a75de,2f8c81e90f08,Colton Kaplan,host
822c07b7-121d-4ef7-96a7-6611215a75de,adff3189ffdd,Raquel Fajardo,host
822c07b7-121d-4ef7-96a7-6611215a75de,ca4ea0b1bfa2,Rob Fajardo,host
82574741-ca46-4bb5-8187-0aff4dc31df2,95983a94d006,Jack O’Brien,host
833377bd-072b-4360-a58b-7a88f748d127,aaed359e00d8,Jigisha Bagchi,host
83a51f60-562a-43d6-bb83-1484021d04d5,0f2397926c09,Eden Shabtai,host
83a51f60-562a-43d6-bb83-1484021d04d5,883eda94c975,Ivy Chou,panelist
83c67fd2-8866-4482-a2d3-2a54f89c003b,798ef0dea654,Jenna,host
83d2798e-b7ea-4d56-9308-4eb43d8c9c84,50e9c871fdaa,andrew gaweco,host
83d2798e-b7ea-4d56-9308-4eb43d8c9c84,aaf4cef49e6e,Justin Ziebell,host
83d2798e-b7ea-4d56-9308-4eb43d8c9c84,9a3a0db99600,Kyle Getsiv,host
83f5a954-08d8-410f-8ee9-b87f70c6a4f3,e9871982d945,Gil Acedillo,host
843ca5f6-62dc-47c9-bc35-db6c4f43c0a6,d39743228ba1,Aaron Levie,speaker
843ca5f6-62dc-47c9-bc35-db6c4f43c0a6,36987e03adee,Dhanasree Rao,host
843ca5f6-62dc-47c9-bc35-db6c4f43c0a6,f2ce93053ba4,Sanjit Kotwal,host
843ca5f6-62dc-47c9-bc35-db6c4f43c0a6,d45cd4a828df,Tanay Kothari,speaker
843f4dd8-3971-496e-98de-8d7ab59396fa,7cdd776523b9,Jhalak Rawat,host
843f4dd8-3971-496e-98de-8d7ab59396fa,f29ba7712980,Zubin Pahuja,host
84a3c981-8e08-4a58-aad7-7f420d88be46,856997206f8d,Alyssa A. Frederick,contact
84a3c981-8e08-4a58-aad7-7f420d88be46,b0acf67a6482,Armando Castro,contact
84a3c981-8e08-4a58-aad7-7f420d88be46,c67a7686e4de,Sarah Gore,contact
84e2bba5-917b-4a28-a0a4-33202466927f,b9ff1e5f5aff,Howard Wright,speaker
84e2bba5-917b-4a28-a0a4-33202466927f,be87c48e9c1b,Lindsey Irvine,speaker
84f98375-cccc-4bcc-8a62-458f87a23581,c2a578e38a17,Rianna Zhou,host
84f98375-cccc-4bcc-8a62-458f87a23581,24f0ba7130bb,Shivani Poddar,host
850c6640-0321-4bd4-8650-87f7275fa044,0ab9043d99f7,Rodolfo Santos,host
853cafe3-2707-443e-8f70-0b71236ae0ac,53ad8ad58cb4,Lavanya Shukla,host
853cafe3-2707-443e-8f70-0b71236ae0ac,92e170d67bc3,Zach Magdovitz,public event participant
854e2bad-bacc-4098-885c-19bb771dd62b,6680f03f9756,Donja Couturier,host
854e2bad-bacc-4098-885c-19bb771dd62b,964e9da91e2f,German American Chamber Of Commerce,host
8578f108-1960-497b-9f38-4208877c7016,a33763d6bf7b,Elise Clark,host
858ff6d1-9484-462d-9be1-977e473583a3,63feb61fc3f3,Luis Héctor Chávez,fireside chat guest
858ff6d1-9484-462d-9be1-977e473583a3,f4e7b999288c,Yuliam Carrillo,host
85ba1851-ec51-40cf-904f-edfd4f9a66a8,96343cc9031e,Fred Schott,judge
85ba1851-ec51-40cf-904f-edfd4f9a66a8,55f74199488e,Marissa Phul,judge
85ba1851-ec51-40cf-904f-edfd4f9a66a8,28d40ac0e77c,Sunil Pai,judge
85d82db4-ad3c-401e-8698-eafc43a8ea29,e1f74840f681,Aishwarya Srinivasan,host
85d82db4-ad3c-401e-8698-eafc43a8ea29,495ba95e828f,Zuny Molano,host
85e8e199-ece0-4ac2-a5ec-6f10a65e7be6,b2114eb57744,Akshyae Singh,host
85e8e199-ece0-4ac2-a5ec-6f10a65e7be6,a84308ec11ee,Alanah Joseph,speaker
85e8e199-ece0-4ac2-a5ec-6f10a65e7be6,75482f38e552,Brian Alvey,speaker
85e8e199-ece0-4ac2-a5ec-6f10a65e7be6,a7c6ea73434a,Brooke LeBlanc,speaker
85e8e199-ece0-4ac2-a5ec-6f10a65e7be6,ac7dfd9f98a8,Elena Freeman,speaker
85e8e199-ece0-4ac2-a5ec-6f10a65e7be6,a5ea34f7ea4f,Helen Tsim,host
85e8e199-ece0-4ac2-a5ec-6f10a65e7be6,d23256f229b0,Hyeri Jo,host
85e8e199-ece0-4ac2-a5ec-6f10a65e7be6,46617189d227,Jemin Park,host
85e8e199-ece0-4ac2-a5ec-6f10a65e7be6,970c13dd9aeb,Jiyoon Lim,host
85e8e199-ece0-4ac2-a5ec-6f10a65e7be6,a41973a207b2,Jonathan Hunt,speaker
85e8e199-ece0-4ac2-a5ec-6f10a65e7be6,a1c4008d050b,Judy Zeng,host
85e8e199-ece0-4ac2-a5ec-6f10a65e7be6,32e666076841,Martin Lee,host
85e8e199-ece0-4ac2-a5ec-6f10a65e7be6,f5c1c0e0967f,Ollie Forsyth,host
85e8e199-ece0-4ac2-a5ec-6f10a65e7be6,f6f9f23ab69e,Peter Yang,speaker
85e8e199-ece0-4ac2-a5ec-6f10a65e7be6,facb221ed5d0,Seoyoung Youn,host
85e8e199-ece0-4ac2-a5ec-6f10a65e7be6,1fff1cd139dc,Sierra Lord,host
85e8e199-ece0-4ac2-a5ec-6f10a65e7be6,2342c027dc98,TaeYong Kim,host
85e8e199-ece0-4ac2-a5ec-6f10a65e7be6,e2b0cc9450ec,Viraj Ala,speaker
85ef4e95-c84d-4162-9ad7-e62a5ca00748,ba2a445f6bfd,Alim Uderbekov [Surfaice],host
86103bf1-0d90-41dd-8b63-29b57e4ed7bd,e8da245ae247,Bobby Trickett,host
86125ab1-a65c-4ea6-8726-c422a6cf3e0f,75483415203d,Gil Acedillo,host
8632d880-39cb-4e77-bad9-f4c803f8d7e5,cdcef391cc38,Mitchell Jones,host
865b9b41-54d8-43f0-b060-533722e7e7b5,e67e73ba4b93,Marcelo Angel,host
865b9b41-54d8-43f0-b060-533722e7e7b5,cf9abfd51329,Maximiliano Ariel Dilger,host
865b9b41-54d8-43f0-b060-533722e7e7b5,27e02e787a92,Sebastian Colombo,host
8708e3fd-66f3-4c0f-9937-ea390fd24f5f,06f39d7f3715,Andrew Brackin,speaker
8708e3fd-66f3-4c0f-9937-ea390fd24f5f,ff4f0e7467f7,Clayton Bryan,speaker
8708e3fd-66f3-4c0f-9937-ea390fd24f5f,645c67968658,Clayton Petty,speaker
8708e3fd-66f3-4c0f-9937-ea390fd24f5f,02b92506e487,Mirela Dzebic,host
8741db8a-e986-4d29-8821-dff6c392088a,64e2ce63f3b9,David Newby,host
87608b47-c794-42c5-819c-b98750ce3ba2,0eb5b202d691,Julian Fainzaig,host
8761e121-c7d7-48bd-924d-9de4424093a3,909c152cac30,Sumeyra Ozturk,host
87630d26-46cb-40d7-a53d-7801e90ce952,8e0294fbfc82,Jen Phan,host
87630d26-46cb-40d7-a53d-7801e90ce952,077ffaaad1b4,McCall Turner,host
87630d26-46cb-40d7-a53d-7801e90ce952,384ebe0ac827,Tuongvan Le,host
87630d26-46cb-40d7-a53d-7801e90ce952,3ed7eec663ea,Vera Hanson,host
87ae5c55-e021-4e3c-a6b2-efd3f3cb856e,f215b5765c28,Jeanine,host
87d342d7-7905-4284-a9db-94b650f93a69,bc7433ce39b5,Abhishek (Abhi) Sastri,host
87d342d7-7905-4284-a9db-94b650f93a69,f8bd9f0b4ee3,Darace Rose,host
87d342d7-7905-4284-a9db-94b650f93a69,ebb57ea02dac,Elisabeth Bykoff,host
87d342d7-7905-4284-a9db-94b650f93a69,0d15ff22dfee,Sanita Youree,host
87d342d7-7905-4284-a9db-94b650f93a69,eb941b7e42a8,Sarah Romanko,judge
87d342d7-7905-4284-a9db-94b650f93a69,ab989b1d1b53,Shashwat Shivam,judge
87d342d7-7905-4284-a9db-94b650f93a69,c18376eed8d3,Varad Mohod,host
87f2a2ae-41ff-46a3-8448-a34631dad8b2,df14554d54d4,Isha Mehrotra,host
87f2a2ae-41ff-46a3-8448-a34631dad8b2,0af706d3fd41,Samantha Quist,host
87f2a2ae-41ff-46a3-8448-a34631dad8b2,2dbcc5306652,Tilly McLain,host
880a9bb5-51bd-488e-bdb5-9053e5d94fa9,b3c4339ac6e9,Gabriela Corbera,host
8859ff09-b6a2-4065-85ee-8f55e965ee73,25bda184aa7c,Liz Raigoso,host
88af9295-2ccc-4bf8-bbc5-1eb223817051,f18b09b37343,Alexis Piligian,host
88af9295-2ccc-4bf8-bbc5-1eb223817051,dec61ad7ae11,Gina Namkung,host
88af9295-2ccc-4bf8-bbc5-1eb223817051,30a2f8f93dfb,Patrick Steyn,host
88af9295-2ccc-4bf8-bbc5-1eb223817051,1e2327e2fae3,wania gondal,host
88db3f1c-01aa-4e8d-8c34-fa189d735d83,191b736b82f5,James,host
88db3f1c-01aa-4e8d-8c34-fa189d735d83,3395894c8de8,Julia French,host
8935d66c-654f-4a88-b1b2-4bbfe039844c,a0d80e8c497c,Kevin Miao,host
8945ddb9-466b-4279-9e5d-7263667cf97c,1d2602f922e7,Nir Naamani,host
894f8034-6be3-482e-aeb2-3596cefe04f6,354394084901,Yash Ekbote,host
89ac6f68-7e0a-46df-b3a0-252ee1e11c4f,0698479db48a,Alex Grant,panelist
89ac6f68-7e0a-46df-b3a0-252ee1e11c4f,6301471201d7,Augustin Sayer,host
89ac6f68-7e0a-46df-b3a0-252ee1e11c4f,b7b1d83bb8e1,Aymeric Préveral-Etcheverry,panelist
89ac6f68-7e0a-46df-b3a0-252ee1e11c4f,2e8e8d1cead6,Delian Asparouhov,opening-remarks speaker
89ac6f68-7e0a-46df-b3a0-252ee1e11c4f,54cf230d34d7,Evaline Tsai,host
89ac6f68-7e0a-46df-b3a0-252ee1e11c4f,79f013b004e9,Hooman Reza Nezhad,panelist
89ac6f68-7e0a-46df-b3a0-252ee1e11c4f,9cbb95e745e4,Jackson Switzer,panelist
89ac6f68-7e0a-46df-b3a0-252ee1e11c4f,0ff4310f5c4f,Juan Pablo Soulier,panelist
89ac6f68-7e0a-46df-b3a0-252ee1e11c4f,577fe3648386,Matt Logan,panel moderator
89ac6f68-7e0a-46df-b3a0-252ee1e11c4f,71ce220ffd54,Milo Werner,panelist
89ac6f68-7e0a-46df-b3a0-252ee1e11c4f,bed4337ca514,Rajesh Swaminathan,panelist
89ac6f68-7e0a-46df-b3a0-252ee1e11c4f,f30c2d9f4c38,Ted Feldmann,panelist
89ac6f68-7e0a-46df-b3a0-252ee1e11c4f,2acd23fdf6eb,Thomas Renaudin,host
89ac6f68-7e0a-46df-b3a0-252ee1e11c4f,925f2114c0a9,Thomas Wilson,panelist
89ac6f68-7e0a-46df-b3a0-252ee1e11c4f,31b875c37fd4,Tom Hunt,panelist
89ac6f68-7e0a-46df-b3a0-252ee1e11c4f,563df9899117,Turner Caldwell,panelist
89ac6f68-7e0a-46df-b3a0-252ee1e11c4f,79f69790ebff,Wiles Kase,panelist
89c6b61d-65cb-470d-82da-c3c04b55520f,5e3684f45223,Christina Steinbrecher-Pfandt,moderator
8a16e53a-b118-493d-bfd2-b0893d518417,b299ad41154e,Alina Aeby,host
8a16e53a-b118-493d-bfd2-b0893d518417,8c5e3799e2c5,Andre Ranadive,speaker
8a16e53a-b118-493d-bfd2-b0893d518417,ddd8101465ff,Brett Bunnell,speaker
8a16e53a-b118-493d-bfd2-b0893d518417,9b8bc3bec318,Carrie 'Ms. NFTy' Lyn,speaker
8a16e53a-b118-493d-bfd2-b0893d518417,88e1dc3d06a6,Daniel Kozlov,speaker
8a16e53a-b118-493d-bfd2-b0893d518417,ab3c9dc31aac,Dave Garland,speaker
8a16e53a-b118-493d-bfd2-b0893d518417,286c3cc13a9d,Elodie Masson,international delegate
8a16e53a-b118-493d-bfd2-b0893d518417,1ac0f99b2889,Evelyn Y.K. Lee,speaker
8a16e53a-b118-493d-bfd2-b0893d518417,3f26cdad50c6,Gunjan Talati,speaker
8a16e53a-b118-493d-bfd2-b0893d518417,1375039105a3,Jaz Banga,speaker
8a16e53a-b118-493d-bfd2-b0893d518417,1e13e67cd1de,Jerry Wong,speaker
8a16e53a-b118-493d-bfd2-b0893d518417,8d127f7b7329,Joe Tolzmann,speaker
8a16e53a-b118-493d-bfd2-b0893d518417,8ec7bfd56f71,Jordan Wahbeh,speaker
8a16e53a-b118-493d-bfd2-b0893d518417,25f3b16aa9bb,Karsten Popp,speaker
8a16e53a-b118-493d-bfd2-b0893d518417,840c74b8178e,Ken Mun Wong,international delegate
8a16e53a-b118-493d-bfd2-b0893d518417,b711487171ee,Ken Nim,speaker
8a16e53a-b118-493d-bfd2-b0893d518417,1580edf7a028,Kenneth Hurley,speaker
8a16e53a-b118-493d-bfd2-b0893d518417,77d2d8f64ec5,Kerry Chin,speaker
8a16e53a-b118-493d-bfd2-b0893d518417,7fabbb6b4359,Manveer Sandhu,speaker
8a16e53a-b118-493d-bfd2-b0893d518417,acf9b74cda1c,Matt Snow,speaker
8a16e53a-b118-493d-bfd2-b0893d518417,bab761604783,Melissa Oh,speaker
8a16e53a-b118-493d-bfd2-b0893d518417,74a7d64fff1e,Merc Martinelli,speaker
8a16e53a-b118-493d-bfd2-b0893d518417,2ec5ffb996d5,Preethy Padmanabhan,speaker
8a16e53a-b118-493d-bfd2-b0893d518417,1179ea833f57,Ruby Nahal,speaker
8a16e53a-b118-493d-bfd2-b0893d518417,3f034d2f04d3,Rusmin Lawin,speaker
8a16e53a-b118-493d-bfd2-b0893d518417,6ae2167bbec8,Ryan Ramirez,speaker
8a16e53a-b118-493d-bfd2-b0893d518417,e4b5bb633a6b,Solomon Belette,international delegate
8a16e53a-b118-493d-bfd2-b0893d518417,96c14929ee34,Soniya Ahuja,speaker
8a16e53a-b118-493d-bfd2-b0893d518417,f17537d29a62,Teresa Hung,speaker
8a16e53a-b118-493d-bfd2-b0893d518417,94b2dade0873,The Future of Tech,host
8abb8a3d-2e63-477e-9858-2c2524be47d5,f0370b43e370,Karina Thrasyvoulou,host
8ae83f4c-a85e-44b9-8be9-40de5cb11d1b,d1d01b5d0998,Debbie Senesky,speaker
8ae83f4c-a85e-44b9-8be9-40de5cb11d1b,a49e92817823,Henry Collis,speaker
8ae83f4c-a85e-44b9-8be9-40de5cb11d1b,dbdc635737fd,Leon Garcia,host
8ae83f4c-a85e-44b9-8be9-40de5cb11d1b,1bca9a1ec2c0,Siegfried Glenzer,speaker
8b23a01e-2b74-4710-baa5-a35237b7ec2f,721fce7064fe,Liam Hwang,host
8b23a01e-2b74-4710-baa5-a35237b7ec2f,c6bac40c9235,Lucy Park,speaker
8b23a01e-2b74-4710-baa5-a35237b7ec2f,3e456165ad06,Luke Ahn,speaker
8b23a01e-2b74-4710-baa5-a35237b7ec2f,cb5e877a39e3,Ryan Lee,speaker
8b23a01e-2b74-4710-baa5-a35237b7ec2f,d46122ee73cc,Simon Lee,speaker
8b23a01e-2b74-4710-baa5-a35237b7ec2f,680a1c23fd46,Snow Lee,speaker
8b23a01e-2b74-4710-baa5-a35237b7ec2f,ae8afab6f341,Taeyong Kim,speaker
8b5672e5-5991-4e20-a4a0-b7510d000a49,c2bca89b2b14,Carol Dunn,host
8b60ea40-15ed-4776-bf84-30793de6859e,b99b87d0531c,Scarlett Sun,host
8bb32a87-2055-44a1-80cf-c423f49d2b63,5d5f68aea04e,Eric Spivak,host
8bcd5a49-e3fe-499c-b741-d701ac0907eb,4a302eb7f6c2,Craig Gieringer,panelist
8bcd5a49-e3fe-499c-b741-d701ac0907eb,f8220c70da18,Lin Nease,panelist
8bcd5a49-e3fe-499c-b741-d701ac0907eb,5a8fc9f28d4f,Sabrina Paseman,mc
8bcd5a49-e3fe-499c-b741-d701ac0907eb,b184e9c58198,Sebastian Spitzer,panelist
8bcd5a49-e3fe-499c-b741-d701ac0907eb,eaeffaf24d45,Stefan Faistenauer,panelist
8be0c93b-c667-4c13-8046-0df8854eb59d,8ab6c94320ee,Alexey Dubov,speaker
8be0c93b-c667-4c13-8046-0df8854eb59d,7d43c50ffbd1,Anastasia Totok,host
8be0c93b-c667-4c13-8046-0df8854eb59d,e2034e3698c0,Daria Derkach,speaker
8be8a457-9a12-4c41-aca7-5888616a6d92,f65fe854b862,Caitlin Bigelow,host
8c2925a4-fc7a-47b7-abf0-a65ad1cdcf2f,99b85bdb57f6,Harsh Nigam,judge or mentor
8c2925a4-fc7a-47b7-abf0-a65ad1cdcf2f,e7fbea97fb0c,Joyce Qiao,host
8c2925a4-fc7a-47b7-abf0-a65ad1cdcf2f,45fb1734f4ec,kiana,host
8c2925a4-fc7a-47b7-abf0-a65ad1cdcf2f,6725ddf33661,Nicole Levin,host
8c2925a4-fc7a-47b7-abf0-a65ad1cdcf2f,401d6f95a46f,qianwen chen,host
8c2925a4-fc7a-47b7-abf0-a65ad1cdcf2f,079ff68785a1,Yanhe Chen,judge or mentor
8cde01df-2d93-4984-ab25-9b8c44bc3898,efb70e6bbef6,Emily Duke,host
8ce144f1-43b9-4ce9-ad55-f931cee5f112,d6aa355c82e3,amber shen,host
8ce144f1-43b9-4ce9-ad55-f931cee5f112,206def2b9cec,Claire Rosenfeld,public named person
8ce144f1-43b9-4ce9-ad55-f931cee5f112,0420711960a1,Sarah Volynsky,public named person
8ce3bf3b-4115-41a3-bdc0-dc2151b17c26,b6cbb7d24c9d,Aarti Bharathan,roundtable leader
8ce3bf3b-4115-41a3-bdc0-dc2151b17c26,db06c2792a7b,Christina Hsu,moderator
8ce3bf3b-4115-41a3-bdc0-dc2151b17c26,d73fc393ea52,Jenny Ni,roundtable leader
8ce3bf3b-4115-41a3-bdc0-dc2151b17c26,c9aaf96a5a31,Nicole Dunn,panelist
8ce3bf3b-4115-41a3-bdc0-dc2151b17c26,22757809db9e,Raji Vanninathan,panelist
8ce3bf3b-4115-41a3-bdc0-dc2151b17c26,cc3b5014129d,Vanessa Sauter,panelist
8d0815f7-44a4-4046-a675-a6860655d45e,85b0f54e3281,Cecilia Chen,host
8d0815f7-44a4-4046-a675-a6860655d45e,a8e6be72383c,Laura Dang,host
8d512655-5b9a-47cb-a2fa-30495004337a,f77516a94745,James da Costa,host
8d512655-5b9a-47cb-a2fa-30495004337a,9d7dcf21b686,Joey Malysz,host
8d512655-5b9a-47cb-a2fa-30495004337a,b2abfc0925fc,Pranav Ashok,host
8d512655-5b9a-47cb-a2fa-30495004337a,3527e6b97b26,Sam Lee,host
8d5198fa-6228-49ed-91e6-2ace03e85158,f4aaec3d4eb9,Alexander (Xan) Wesley,host
8d5198fa-6228-49ed-91e6-2ace03e85158,814a32686252,Hugo Stack,host
8d663af9-3ba9-40dd-98a1-485c396a3e55,b762783cde55,Jae Lee,speaker
8d663af9-3ba9-40dd-98a1-485c396a3e55,8c953ae33cb1,Jinyoung,host
8d663af9-3ba9-40dd-98a1-485c396a3e55,777fce7deafd,Namsun Kim,speaker
8d663af9-3ba9-40dd-98a1-485c396a3e55,c534a54c5d65,Sale Kwon,moderator
8d663af9-3ba9-40dd-98a1-485c396a3e55,18a7e5ef3fe0,Tiffany Luck,speaker
8d7c396f-121b-4217-81ca-4a63aaa90d61,e012e96aa5f1,Jason Fielding,speaker
8d7c396f-121b-4217-81ca-4a63aaa90d61,209766682283,Molly Anne Coogan,speaker
8d7c396f-121b-4217-81ca-4a63aaa90d61,e0cbc0b6129d,Nmachi Jidenma,speaker
8d7c396f-121b-4217-81ca-4a63aaa90d61,9e1b0c282543,Taimur Case,speaker
8da92548-9b5b-40aa-b35b-6a5447dd0860,295a93a0a20d,Erick A. Brimen,speaker
8da92548-9b5b-40aa-b35b-6a5447dd0860,6035729409fc,Lucas Russo,public named person
8da92548-9b5b-40aa-b35b-6a5447dd0860,91718fbd8d80,Michelle Bernier,host
8daef8c0-0ae4-478a-b052-bef47aedd314,30a2f8f93dfb,Patrick Steyn,host
8dbde207-dcaf-495c-ab10-53944b372e5e,b3966ca68ca1,Benito Aguila,host
8dbde207-dcaf-495c-ab10-53944b372e5e,7a63912b3c1b,Jay Rughani,speaker listed in event-scoped official homepage speaker section
8dbde207-dcaf-495c-ab10-53944b372e5e,21fdd016e6a8,Tom Hale,speaker listed in event-scoped official homepage speaker section
8df0b590-0426-4cf0-9169-07149ac8a856,edff1967c4d8,Kyle Baker,host
8df0b590-0426-4cf0-9169-07149ac8a856,e379c6cd47ec,Shailesh Sachdeva,host
8e4851c2-90ba-46a0-a4b9-84e6a50cec10,85b0f54e3281,Cecilia Chen,host
8ec76355-98cc-46ac-986c-074a3f2426e5,3ca29343106a,Floyd Ryoo,speaker
8ec76355-98cc-46ac-986c-074a3f2426e5,4e3a0888b1b3,Nick Landolfi,moderator
8ec76355-98cc-46ac-986c-074a3f2426e5,6b5483e5b185,Ronak Malde,speaker
8f37816b-b4ec-480d-bab6-d6de06c18f90,b60929d2d1f9,Chase Zhang,host
8f7d48c9-1e3d-454d-b49c-98b441fe660d,a2189dabf134,Annabel Pemberton,host
8f7d48c9-1e3d-454d-b49c-98b441fe660d,5588c7d94e98,Victoria “Vica” Melnikova,host
8fa982b6-233b-4147-8031-eac11e56a1fd,93203175f8c2,Hojun Choi,host
8fa982b6-233b-4147-8031-eac11e56a1fd,6a85809e92c6,Jacob Chanyeol Choi,host
8fa982b6-233b-4147-8031-eac11e56a1fd,3f7bbf0ba991,John D'Eufemia,host
8fa982b6-233b-4147-8031-eac11e56a1fd,f0a5eacfd886,Katie Duke,host
8fe538bd-390b-4e18-969c-29a8d15e91f2,a562638bef77,Sebastian Spitzer,host
8feca166-f84c-4f41-b3f5-0054c319e71a,0356f5f9dfd6,Anika Mirza,moderator
8feca166-f84c-4f41-b3f5-0054c319e71a,f7e965f7771d,Bhargavi Varma,speaker
8feca166-f84c-4f41-b3f5-0054c319e71a,902d0573e7f3,Brown Girls Money Moves,host
8feca166-f84c-4f41-b3f5-0054c319e71a,a8f9bffb7b5a,Jaya Gupta,fireside panelist
8feca166-f84c-4f41-b3f5-0054c319e71a,a8ccb38f17dd,Maya Shah,moderator
8feca166-f84c-4f41-b3f5-0054c319e71a,79bf800820e5,Priya Kamdar,moderator
9038c3b1-d3d9-4d94-bbd6-0d8ded02ed37,71bbf9a258bc,Adam Chan,host
90ad4b40-ffe4-4bae-a6eb-f3fa1fb31ce5,cea43415a9db,Abhishek Kalra,host
90ad4b40-ffe4-4bae-a6eb-f3fa1fb31ce5,7ed50b29523b,Abhishek Kumar,host
90e5eeca-4280-4c04-b553-a780afc7e780,d1f1285f878e,Greta Ernst,host
910e21d3-068b-4d3e-927d-d38a69701e6e,dc9ac0d30825,Clara Ma,moderator
910e21d3-068b-4d3e-927d-d38a69701e6e,105278ddbe30,Danielle Lovell,panelist
910e21d3-068b-4d3e-927d-d38a69701e6e,6529425e2f50,Jordan Ramsay,panelist
910e21d3-068b-4d3e-927d-d38a69701e6e,f55fa5240870,Tzu Kit Chan,panelist
9172420f-687f-4d40-acf6-a63eedca8140,b14ced0d6b1e,Christian Bennett,host
9172420f-687f-4d40-acf6-a63eedca8140,a6c6380ff326,Claire Huang,host
9172420f-687f-4d40-acf6-a63eedca8140,d4da5ae008ae,Dean Quiambao,host
9172420f-687f-4d40-acf6-a63eedca8140,31d9c78dd852,Delia Nyquist,host
9172420f-687f-4d40-acf6-a63eedca8140,189ecaf55a26,Stephen Hedlund,host
91790b43-be59-4c27-adda-59d18e1614e9,1ee38016f5db,Charu Chundury,workshop leader
91790b43-be59-4c27-adda-59d18e1614e9,b9c89dbab6dc,Sastry Chundury,host
91a67863-dcc2-470a-bf83-87eea3a23289,86894be934e2,Ashish Shahakar,host
91ba640e-caf1-4b1a-9aca-ed432f7951ea,2e809667ce20,Matt Perry,host / speaker
91ba640e-caf1-4b1a-9aca-ed432f7951ea,fdd6bb749047,Rob Cannon,host / speaker
91dcd559-2b47-48d4-83ae-d2430865c233,27686b2f0f2a,Koki Xu,host
9253976f-74fe-428e-89a2-29ff0797f6fc,c4c8cdec1349,Holly Jett Kraiker,host
9253976f-74fe-428e-89a2-29ff0797f6fc,c6ac93979e01,Melissa Morad-Jones,host
9253976f-74fe-428e-89a2-29ff0797f6fc,cc44b6afdf70,Nico Fara,speaker
92a1c185-e8f4-4dff-a279-9916089ba45c,0d4176ec9767,Andres Cano,host
92a1c185-e8f4-4dff-a279-9916089ba45c,561e11cdcdd2,Nilton Serva,host
931a9198-ed5b-4a8b-bb6a-533f57e6b804,ea53b7104434,Brian “Astro” Castro,host
931a9198-ed5b-4a8b-bb6a-533f57e6b804,035c20c91e4b,Rishabh Chauhan,host
931a9198-ed5b-4a8b-bb6a-533f57e6b804,8f1d7b76e86b,Seongjun Kim,speaker
931a9198-ed5b-4a8b-bb6a-533f57e6b804,6535924e2fd5,Viviana Marquez,speaker
937282f7-f01b-4e54-af4c-4fbd369765bf,85448ad0fc4e,Aniket Naravanekar,featured problem solver
937282f7-f01b-4e54-af4c-4fbd369765bf,fa1f7b122d4d,Armello Rodriguez,host
937282f7-f01b-4e54-af4c-4fbd369765bf,683d72736a86,Craig Rowe,featured problem solver
937282f7-f01b-4e54-af4c-4fbd369765bf,d449b2cf01c2,Equity Angels,host
937282f7-f01b-4e54-af4c-4fbd369765bf,806e5292794d,Kat Winston,featured problem solver
937282f7-f01b-4e54-af4c-4fbd369765bf,c2200bddc975,Laurel Mintz,featured problem solver
937282f7-f01b-4e54-af4c-4fbd369765bf,94f406b4781d,Marci James,featured problem solver
937282f7-f01b-4e54-af4c-4fbd369765bf,f5754a9e00ae,Natalia Iragorri,featured problem solver
9395e4fb-fc04-4b25-8a00-262c90591caf,cda6ba97c126,Madalyn Woronoff,host
9395e4fb-fc04-4b25-8a00-262c90591caf,be0711453a01,Madeleine Futterman,host
93b086e1-4e32-432e-a8c3-1c55c5f169c1,ad46b35c6b83,Andrew Swisher,host
93b086e1-4e32-432e-a8c3-1c55c5f169c1,bb26f93e2c1e,Eli Al-Shamari,host
93b086e1-4e32-432e-a8c3-1c55c5f169c1,a11051089e27,Gargi Kand,host
93b086e1-4e32-432e-a8c3-1c55c5f169c1,4e6e0fe754cc,Isabella Gibim,host
93b086e1-4e32-432e-a8c3-1c55c5f169c1,08fbb99f352c,Joe Schmidt,conversation guest
93b086e1-4e32-432e-a8c3-1c55c5f169c1,f78704cf5eca,Keith Peiris,host
93b086e1-4e32-432e-a8c3-1c55c5f169c1,5940adcfc740,Matt Serna,host
93df24fa-a7bd-4426-bbfe-03dc5259cc57,2f8c81e90f08,Colton Kaplan,host
93df24fa-a7bd-4426-bbfe-03dc5259cc57,a240098245d4,Manny Duenas,host
94d55f32-ab2b-431b-841c-882e7300e268,856997206f8d,Alyssa A. Frederick,host
94d55f32-ab2b-431b-841c-882e7300e268,74a08f648a6b,Chandra K. Shih,host
94e17ac5-cd5a-49d5-af3b-8190f272888d,e2b5e7af9153,Monica Aguilar,host
94eb710b-e5fd-4511-80cf-481f2581517c,fa23a649e589,Rikard Steiber,host
94f083fb-4d70-4c8b-8288-aeafb9777f73,1c221b2c3bb6,Hendrik Krack,host
9502d3e7-fb7e-4e63-8e7a-bbb3d68171e6,865ef5c70f59,Hartti Suomela,host
9502d3e7-fb7e-4e63-8e7a-bbb3d68171e6,390a7aeffebe,Ingrid Hammer,host
9502d3e7-fb7e-4e63-8e7a-bbb3d68171e6,c11bd219ee8d,Moa Persdotter,host
952c8d28-9ad9-4735-b3f5-3ce484fb9531,c4ea0e514a04,Jonathon Troughton,host
952db2ad-f119-471e-bb84-db089219c202,b299ad41154e,Alina Aeby,speaker
952db2ad-f119-471e-bb84-db089219c202,8c5e3799e2c5,Andre Ranadive,speaker
952db2ad-f119-471e-bb84-db089219c202,0443d9c692a2,Anjana Kandalam,speaker
952db2ad-f119-471e-bb84-db089219c202,ddd8101465ff,Brett Bunnell,speaker
952db2ad-f119-471e-bb84-db089219c202,eb58dea915d1,"Carrie ""Ms. NFTy"" Lyn",speaker
952db2ad-f119-471e-bb84-db089219c202,88e1dc3d06a6,Daniel Kozlov,speaker
952db2ad-f119-471e-bb84-db089219c202,ab3c9dc31aac,Dave Garland,speaker
952db2ad-f119-471e-bb84-db089219c202,1ac0f99b2889,Evelyn Y.K. Lee,speaker
952db2ad-f119-471e-bb84-db089219c202,3f26cdad50c6,Gunjan Talati,speaker
952db2ad-f119-471e-bb84-db089219c202,1375039105a3,Jaz Banga,speaker
952db2ad-f119-471e-bb84-db089219c202,1e13e67cd1de,Jerry Wong,speaker
952db2ad-f119-471e-bb84-db089219c202,8d127f7b7329,Joe Tolzmann,speaker
952db2ad-f119-471e-bb84-db089219c202,8ec7bfd56f71,Jordan Wahbeh,speaker
952db2ad-f119-471e-bb84-db089219c202,25f3b16aa9bb,Karsten Popp,speaker
952db2ad-f119-471e-bb84-db089219c202,b711487171ee,Ken Nim,speaker
952db2ad-f119-471e-bb84-db089219c202,1580edf7a028,Kenneth Hurley,speaker
952db2ad-f119-471e-bb84-db089219c202,77d2d8f64ec5,Kerry Chin,speaker
952db2ad-f119-471e-bb84-db089219c202,dcb39e9ac251,Matt Snow,speaker
952db2ad-f119-471e-bb84-db089219c202,bab761604783,Melissa Oh,speaker
952db2ad-f119-471e-bb84-db089219c202,3212c231ab9d,Merc Martinelli,speaker
952db2ad-f119-471e-bb84-db089219c202,2ec5ffb996d5,Preethy Padmanabhan,speaker
952db2ad-f119-471e-bb84-db089219c202,1179ea833f57,Ruby Nahal,speaker
952db2ad-f119-471e-bb84-db089219c202,3f034d2f04d3,Rusmin Lawin,speaker
952db2ad-f119-471e-bb84-db089219c202,6ae2167bbec8,Ryan Ramirez,speaker
952db2ad-f119-471e-bb84-db089219c202,6be2531a93ce,Soniya Ahuja,speaker
952db2ad-f119-471e-bb84-db089219c202,24ab48e4d8b7,Teresa Hung,speaker
955a6b83-8fc9-4a48-98a7-e73cad637899,3db90875af42,Colin Zhou,host
956db05f-5f93-413f-bd9f-499861a838a3,e6b5ae339bee,Cody Lin,host
956db05f-5f93-413f-bd9f-499861a838a3,5576dcdec1b4,Dan Tram,moderator
956db05f-5f93-413f-bd9f-499861a838a3,6fe6c8ea7a35,Ellen Dahlfors,host
956db05f-5f93-413f-bd9f-499861a838a3,b9ff1e5f5aff,Howard Wright,panelist
956db05f-5f93-413f-bd9f-499861a838a3,ffd0f3d0d521,Tjaard Meier,panelist
956db05f-5f93-413f-bd9f-499861a838a3,718e9028d845,Yuval Passov,panelist
9579a5a1-0f8f-4077-adf7-753d1adce3d1,f2e2ac027801,Abhishek Sriram,speaker
9579a5a1-0f8f-4077-adf7-753d1adce3d1,058324247e0d,Josephine Chua,speaker
9579a5a1-0f8f-4077-adf7-753d1adce3d1,781038936859,Mitko Vidanovski,speaker
9579a5a1-0f8f-4077-adf7-753d1adce3d1,66fb3b9123a1,Nikhil Saukhla,speaker
95965fa7-9e2b-4401-ab26-ccb383674554,2aeb6cf88608,Gayathri Vijayakumar,host
95965fa7-9e2b-4401-ab26-ccb383674554,7c4b94887dbb,Luke Blauch,host
95c749a5-cdbc-4da5-a121-8b8dea970942,35ab4ddedb2e,Zixuan An,host
95d26efb-8086-4cfb-b829-0ca9d6fc76aa,06a5389cca8c,Abby Morse-Golub,host
95d26efb-8086-4cfb-b829-0ca9d6fc76aa,333315911900,Benjamin Barber,presenter
95d26efb-8086-4cfb-b829-0ca9d6fc76aa,8d697dd13955,Benjamin Jay Barber,host
95d26efb-8086-4cfb-b829-0ca9d6fc76aa,a7e7f8117056,Jans Aasman,presenter
95d26efb-8086-4cfb-b829-0ca9d6fc76aa,e566e1775347,Marius-Constantin Dinu,listed researcher
95d26efb-8086-4cfb-b829-0ca9d6fc76aa,02a2c653096d,Sam Dare,presenter
95d26efb-8086-4cfb-b829-0ca9d6fc76aa,56d2d10ee710,Victor Rielley,presenter
95d26efb-8086-4cfb-b829-0ca9d6fc76aa,11c6a073ca5c,Vita Zamedyanskiy,host
95d26efb-8086-4cfb-b829-0ca9d6fc76aa,229a23163207,Yogev Bar-On,presenter
95ea8105-ac26-402d-b1e5-72ef4930970d,28b809b94c65,Arvin Madan,host
95ea8105-ac26-402d-b1e5-72ef4930970d,f8d5e956c2be,Jesse Singh,host
95ea8105-ac26-402d-b1e5-72ef4930970d,41e191efdd78,Sai Narendran,host
95edae68-23dd-4029-b65e-cab721526286,f5dd241b2bb5,Elda Shawil,host
95edae68-23dd-4029-b65e-cab721526286,abfe486b3fd1,Sunny Ruprai,host
95edae68-23dd-4029-b65e-cab721526286,9a0f5d53285b,Taylor Merkley,host
95f63945-3a3f-4bf6-9cd2-3abf9dcd404f,e6683694109d,Umar Rama,host
95fdd904-f590-487f-9ec6-9a43bfb5788e,e3e322306235,Ellis Porter - The Immigration Attorneys,host
9607715a-5a04-409a-a8cd-ade880dfc6d0,12343f4c9a6c,Mattie Fairchild,host
9607715a-5a04-409a-a8cd-ade880dfc6d0,ac805c100cdd,Navjeet Chhina,speaker
9607715a-5a04-409a-a8cd-ade880dfc6d0,4a9620b9cf25,Sada Malladi,speaker
9607715a-5a04-409a-a8cd-ade880dfc6d0,a98cbb20f5f9,Sagar Nargundkar,speaker
9607715a-5a04-409a-a8cd-ade880dfc6d0,2ceea086bcc3,Shilpi Nayak,opening remarks speaker
9607faf2-2830-49ae-9313-e674bc55404d,263d480bb1b9,George Xu,host
961995dd-ba56-4f2c-9ae0-5b45a02e8625,7ffff1cf6118,Aaron Samuels,host
961995dd-ba56-4f2c-9ae0-5b45a02e8625,7cb5a74ba5dd,Allen Smith,host
961995dd-ba56-4f2c-9ae0-5b45a02e8625,d03dbcaa84ba,Elias Mufarech,host
961995dd-ba56-4f2c-9ae0-5b45a02e8625,19a9308767e7,Monica Pool Knox,host
96333460-14d7-407a-b278-e6988dce672d,1a523a3b2ae3,Kathryn Rucker,office hours leader
965cdd64-4e9d-4ad4-902f-e50bd05e3a56,c4ea0e514a04,Jonathon Troughton,host
968cb186-a196-4632-9de2-a8c93fa612f5,19ff632a46cc,Caitlin Stuewe,host
968cb186-a196-4632-9de2-a8c93fa612f5,5c6aa0c11875,Nicholas Leonard,host
968cb186-a196-4632-9de2-a8c93fa612f5,238bd2a6d53b,William Brown,host
9697ce47-331f-44a2-829a-6924f93113cb,cd46f4bf074e,AWS for Startups,host
9697ce47-331f-44a2-829a-6924f93113cb,6a7997844278,Bo Wang,speaker
9697ce47-331f-44a2-829a-6924f93113cb,a73586def16a,Janie Lee,speaker
9697ce47-331f-44a2-829a-6924f93113cb,4921ef14ffb3,Jorge Conde,speaker
9697ce47-331f-44a2-829a-6924f93113cb,e31a5fc07cee,Mary Rozenman,speaker
9697ce47-331f-44a2-829a-6924f93113cb,0b7b0b4b3649,Max Garcia,moderator
969a2e27-2055-4818-af41-6763e9ce5f0e,2c5b21677aff,Carlos Zárate,host
969a2e27-2055-4818-af41-6763e9ce5f0e,caf6cfc08947,José Alvarez,host
969a2e27-2055-4818-af41-6763e9ce5f0e,875fe0634aca,María del Pilar López-Uribe,keynote speaker / host
96abe2c5-9ead-4bdc-99f4-0f5f8035795b,986674f9a782,Sonia Raye Russell,host
97a07fa2-1b95-437e-8bea-899863ac9a1b,b359bb029648,Bibhrajit Halder,panelist
97a07fa2-1b95-437e-8bea-899863ac9a1b,48cab07356a2,Cody Lin,host
97a07fa2-1b95-437e-8bea-899863ac9a1b,6fe6c8ea7a35,Ellen Dahlfors,host
97a07fa2-1b95-437e-8bea-899863ac9a1b,695298564f7f,Eva Nahari,panelist
97a07fa2-1b95-437e-8bea-899863ac9a1b,ab101917a970,Isak Rizell,panelist
97a07fa2-1b95-437e-8bea-899863ac9a1b,056ba4950e6b,Jumbi Edulbehram,panelist
97a07fa2-1b95-437e-8bea-899863ac9a1b,43bbc773b7a9,Malin Samuelsson,host
97a07fa2-1b95-437e-8bea-899863ac9a1b,72edae2e939b,Nicholas Tengelin,panelist
97b746c4-0d46-4e28-a63d-40cb824978d6,367f4d88aebc,Adam  Shaw,host
97b746c4-0d46-4e28-a63d-40cb824978d6,be4d5f87b39c,Founders & Funders,host
97b746c4-0d46-4e28-a63d-40cb824978d6,0d41b79ff2d3,Jeff Erickson,host
97b746c4-0d46-4e28-a63d-40cb824978d6,d9138375baf3,Rebecca Robbins,host
97d7d6ae-c8fd-4c9d-9ee9-169aa440e23a,c18c8de17482,Arya Kulkarni,host
97d7d6ae-c8fd-4c9d-9ee9-169aa440e23a,14d3009fda57,Prathamesh Trivedi,host
97d7d6ae-c8fd-4c9d-9ee9-169aa440e23a,9ed57f751f1e,Shravan Balaji,host
97f0e99e-95df-4d1a-b2b6-4b73066caa6c,a9da19013e5b,Amee Bhavsar,host
97f0e99e-95df-4d1a-b2b6-4b73066caa6c,75aaf1608757,Minh Do,host
97f0e99e-95df-4d1a-b2b6-4b73066caa6c,98ce7579fff0,Steve Mayernick,host
981c3c48-557a-46d5-b0ff-a70ca9aff77d,5dcc3def1b76,Arnela Sinevod,host
981c3c48-557a-46d5-b0ff-a70ca9aff77d,1408bc35a96b,Vanessa Bentley,host
9824c839-1524-4eb4-904b-14bfbb2efa05,53f27e9784ac,Rajveer Singh,host
98656008-2881-465c-94dd-8000b50fd6c1,42db6230a590,Benjamin Shi,host
98656008-2881-465c-94dd-8000b50fd6c1,8431821de6ee,Richard Trinh,host
988d8b48-0cb1-43be-b8db-d27fcf6e81ae,9c1cf7c972e3,Alan Zong,panel speaker
988d8b48-0cb1-43be-b8db-d27fcf6e81ae,828cbd1d61b0,Benny Liao,panel speaker
988d8b48-0cb1-43be-b8db-d27fcf6e81ae,747294e7ddc6,Cody J. Landstrom,lightning talk speaker
988d8b48-0cb1-43be-b8db-d27fcf6e81ae,5d84317800bf,Jenni Snyder,lightning talk speaker
988d8b48-0cb1-43be-b8db-d27fcf6e81ae,34fbc2e6e653,Mariane Bekker,host
988d8b48-0cb1-43be-b8db-d27fcf6e81ae,bd2d2892986a,Sako M,lightning talk speaker
988d8b48-0cb1-43be-b8db-d27fcf6e81ae,87bba7a82d26,Sonali Vijayavargiya,panel speaker
988d8b48-0cb1-43be-b8db-d27fcf6e81ae,adf3bd2b717c,Sonia Hunt,panel speaker
98a92450-36a6-4ec8-bff3-ddf70dc92398,7d120a4f411a,Michelle Riconscente,host
98c0b73a-fb2f-4700-8cac-fbcf357d7431,11ae34f4717a,Angelique Strauss,host
98c0b73a-fb2f-4700-8cac-fbcf357d7431,134c1fac3111,Hiro Taylor,host
98c0b73a-fb2f-4700-8cac-fbcf357d7431,73abcb398f4e,Massimo Di Giovacchino,host
98c0b73a-fb2f-4700-8cac-fbcf357d7431,cfa950d9e97f,Wael Elsahhar,host
994671db-6e0e-4e90-9c6b-82a10d925474,d42dad98386d,Kristen Wang,host
99cd1f1c-0298-44ae-b0db-0619fff52955,f51e01f85073,Jeff Cohen,host
9a197f00-bcaf-4d8e-97fb-d76c1b13a552,f938b89e697b,Jaki Williams,host
9a37417a-f09e-46b2-89db-c4aea2c40739,0517a7bdfc54,Elsa Jungman,conversation guest
9a37417a-f09e-46b2-89db-c4aea2c40739,bc488c6a84cd,Lesley Ray,host
9a37417a-f09e-46b2-89db-c4aea2c40739,4b699eac1679,Moonsun Kim,founder discussion host
9a3fee93-0c7d-4f71-be43-47b365e9be7b,a508946b3221,Zhuowei Bao,host
9a944860-5fac-47e7-b21e-355c9f24f49e,c3ce9d898494,Andy Karuza,host
9a9729a9-c299-46e1-abac-d02e894fcc83,a8e6be72383c,Laura Dang,host
9a9729a9-c299-46e1-abac-d02e894fcc83,13534bfba4ef,Ore Segal,host
9afa6c44-f025-4546-88c6-eee99321faa7,b0ceddd2bd28,Angela,host
9afa6c44-f025-4546-88c6-eee99321faa7,66a1d1f124ce,Han,host
9afa6c44-f025-4546-88c6-eee99321faa7,889bbb9efb48,Kevin Bennett,host
9b45e7d4-bfab-4694-8a79-478405db87f5,848b73c5de67,Sanket Mittal,host
9b4cfd49-63f4-4b9c-8726-059dd766f9e2,2301160760f9,Bailey Anderson,host
9b4cfd49-63f4-4b9c-8726-059dd766f9e2,be0711453a01,Madeleine Futterman,host
9b4cfd49-63f4-4b9c-8726-059dd766f9e2,92a40b1f6df4,Triana Jewell,host
9bbac29b-e71f-429f-a6b8-63952d29fd76,3e1a3d7e1db8,Helen Li,host
9bbac29b-e71f-429f-a6b8-63952d29fd76,8487a83f9b58,Jianfei Zhu,host
9bbac29b-e71f-429f-a6b8-63952d29fd76,88acd0b26967,Yi Zhang,host
9bef5ce2-5798-4b9d-952b-c3ff17eaf0fb,0a34b3cf1c29,Alon Ben-Shoshan,moderator
9bef5ce2-5798-4b9d-952b-c3ff17eaf0fb,3e700411f03b,Andrew Scheuermann,speaker
9bef5ce2-5798-4b9d-952b-c3ff17eaf0fb,fa1bef614a6e,Anna-Katrina Shedletsky,keynote and opening remarks speaker
9bef5ce2-5798-4b9d-952b-c3ff17eaf0fb,094ef125d15c,Artem Kroupenev,moderator
9bef5ce2-5798-4b9d-952b-c3ff17eaf0fb,5c2bae554f11,Ashley Rajendragon,speaker
9bef5ce2-5798-4b9d-952b-c3ff17eaf0fb,852f1a01f724,Bill Carter-Giannini,moderator
9bef5ce2-5798-4b9d-952b-c3ff17eaf0fb,8771d9b580e5,David George,speaker
9bef5ce2-5798-4b9d-952b-c3ff17eaf0fb,30312e6c3b83,Eric Johnson,speaker
9bef5ce2-5798-4b9d-952b-c3ff17eaf0fb,32ee3c4afca0,Eric Migicovsky,speaker
9bef5ce2-5798-4b9d-952b-c3ff17eaf0fb,f041fe140c3d,Garrett Bastable,speaker
9bef5ce2-5798-4b9d-952b-c3ff17eaf0fb,779af6689223,J.P. Chen,speaker
9bef5ce2-5798-4b9d-952b-c3ff17eaf0fb,db62d7fba562,Jeremy Kuempel,speaker
9bef5ce2-5798-4b9d-952b-c3ff17eaf0fb,4a52ccad9146,Jonathan Winer,speaker
9bef5ce2-5798-4b9d-952b-c3ff17eaf0fb,632d9a8d0661,Lior Susan,speaker
9bef5ce2-5798-4b9d-952b-c3ff17eaf0fb,e21a593d9978,Lynn Jacobs,speaker
9bef5ce2-5798-4b9d-952b-c3ff17eaf0fb,984b988e81d1,Michael Sternowski,moderator
9bef5ce2-5798-4b9d-952b-c3ff17eaf0fb,3f1508ee7c38,Miles Hansen,speaker
9bef5ce2-5798-4b9d-952b-c3ff17eaf0fb,74a25205c756,Regan Mills,speaker
9bef5ce2-5798-4b9d-952b-c3ff17eaf0fb,9b8e31a8cab1,Rob Lawson-Shanks,speaker
9bef5ce2-5798-4b9d-952b-c3ff17eaf0fb,bceed706fdcf,Saurabh Jain,speaker
9bef5ce2-5798-4b9d-952b-c3ff17eaf0fb,90e65b155101,Scott Sundvor,moderator
9bef5ce2-5798-4b9d-952b-c3ff17eaf0fb,77f9bbbcb87f,Tony Aghazarian,speaker
9bef5ce2-5798-4b9d-952b-c3ff17eaf0fb,1de71af556b7,Zach Scott,moderator
9c04f81c-210d-4e7a-bba1-1637f862e8e3,eb3925709caf,David Kehr,speaker
9c04f81c-210d-4e7a-bba1-1637f862e8e3,861c75b59a87,Jibran Hamady,host
9c04f81c-210d-4e7a-bba1-1637f862e8e3,fd086668a242,Jonathan Lai,speaker
9c04f81c-210d-4e7a-bba1-1637f862e8e3,c1a18e3cbd52,Laurent Hautefeuille,speaker
9c04f81c-210d-4e7a-bba1-1637f862e8e3,1b1495c189d2,Philipp Wehn,host
9c04f81c-210d-4e7a-bba1-1637f862e8e3,a2ffda1bd563,Ted Colbert,speaker
9c47cb0b-eafb-4125-b4f6-bd7c03b992a3,2f8c81e90f08,Colton Kaplan,host
9c47cb0b-eafb-4125-b4f6-bd7c03b992a3,13c5cfde7898,David Mumuni,host
9cc4d13c-e5ca-48d4-afb1-191db70f0292,35a34a087d5f,Asif Makhani,talk speaker
9cc4d13c-e5ca-48d4-afb1-191db70f0292,fcbf2b008d7a,Ekechi Nwokah,talk speaker
9cc4d13c-e5ca-48d4-afb1-191db70f0292,3bb8d9946f0d,Matthew Penaroza,host
9cd59794-b4fc-429a-9932-81efc8e76566,dc7dbb6e5a46,Ellen Tunoa,host
9cd59794-b4fc-429a-9932-81efc8e76566,ba19cacc9ae8,Vanessa Braunstein,host
9cd59794-b4fc-429a-9932-81efc8e76566,567f189e59b7,Zak Doric,host
9ce6e32b-2a97-4796-84c8-c101ed9857ab,1a2a9f84545b,Karl Eisenman,host
9ce6e32b-2a97-4796-84c8-c101ed9857ab,85cdaa02b054,Lakshmi Iyer,host
9d0f3c5b-6dd6-4b2a-941f-ceb6a1ad7e57,a04317a99671,Siddharth Dhanasekar,host
9d45348f-7a48-481b-bfcf-9eb3653f6e62,d86357165576,Ayushi Deokule,host
9d45348f-7a48-481b-bfcf-9eb3653f6e62,1b6d22b65010,Danica Tang,host
9d45348f-7a48-481b-bfcf-9eb3653f6e62,99ee898182cc,Matthew Chan,host
9d45348f-7a48-481b-bfcf-9eb3653f6e62,aeecb47ec6a2,Yushan Li,host
9d5c445c-7873-48c6-b827-fe78f59ccfad,a8322816c3c6,Noah Obstfeld,host
9d5c445c-7873-48c6-b827-fe78f59ccfad,57ed2dc07300,Philip Braddock,host
9d5e892d-ff22-410f-98fc-979bee3c1de5,d39743228ba1,Aaron Levie,speaker
9d5e892d-ff22-410f-98fc-979bee3c1de5,cd488b2a2c10,Alannah Carroll,speaker
9d5e892d-ff22-410f-98fc-979bee3c1de5,3c9508e80062,Brian Donohue,speaker
9d5e892d-ff22-410f-98fc-979bee3c1de5,e6bec66efc56,Christine Zdelar,speaker
9d5e892d-ff22-410f-98fc-979bee3c1de5,12917b239fc3,Deepina Kapila,speaker
9d5e892d-ff22-410f-98fc-979bee3c1de5,f5809caf1561,Des Traynor,speaker
9d5e892d-ff22-410f-98fc-979bee3c1de5,ae91bef4a93a,Emily Lampert,speaker
9d5e892d-ff22-410f-98fc-979bee3c1de5,0d900e314aba,Eoghan McCabe,speaker
9d5e892d-ff22-410f-98fc-979bee3c1de5,38489ee522d8,George Dilthey,speaker
9d5e892d-ff22-410f-98fc-979bee3c1de5,aab5b741948d,Jessica Lozoya,speaker
9d5e892d-ff22-410f-98fc-979bee3c1de5,9231387ee2ec,Jordan Neill,panel participant
9d5e892d-ff22-410f-98fc-979bee3c1de5,8d0adad54ed8,Junan Pang,speaker
9d5e892d-ff22-410f-98fc-979bee3c1de5,f91c594604c1,Kathleen Ross,speaker
9d5e892d-ff22-410f-98fc-979bee3c1de5,728e298cf0aa,Natalie Hurst,speaker
9d5e892d-ff22-410f-98fc-979bee3c1de5,efd9fdf56071,Paul Adams,keynote speaker
9d5e892d-ff22-410f-98fc-979bee3c1de5,41ad266ec6b6,Rati Zvirawa,speaker
9d5e892d-ff22-410f-98fc-979bee3c1de5,7b8cf7e80090,Shannon Magiera,speaker
9d7b208a-6447-43a2-a600-9686b1cd82b7,38e24951bd59,Alberto Chalon,featured guest
9d7b208a-6447-43a2-a600-9686b1cd82b7,ed388b83d7eb,Erika Bracken,public named person
9d7b208a-6447-43a2-a600-9686b1cd82b7,aae7a631b832,Filippo Pozzato,featured guest
9d7b208a-6447-43a2-a600-9686b1cd82b7,e2f744467354,Ivan Makarov,host
9dcd3aa0-94da-45a3-b0c5-43f9a04fb8cb,e884e2211dbd,Candice Balluru,speaker
9e3ff8ce-1842-48c3-88e3-e6b8c7b381b9,50bbd300028c,Monaim El Amrani,host
9e5a527b-9055-41a6-a71a-d45388e3daaa,8403ef94fb06,Barry O’Brien,panelist
9e5a527b-9055-41a6-a71a-d45388e3daaa,230df5f39762,Brandon Newkirk,panelist
9e5a527b-9055-41a6-a71a-d45388e3daaa,97e6fc7bd5e1,Eylo,host
9e5a527b-9055-41a6-a71a-d45388e3daaa,822bf6019021,Michael Meo,host
9e6a32fd-f931-48b4-b0f7-7115a7b6617d,508788ed070b,Roman Teslyuk,host
9e6a32fd-f931-48b4-b0f7-7115a7b6617d,ea0b78aa4f82,Victoria Sykes,host
9e715f36-4a28-4411-99f8-f37a5c2f84a1,915ed82471ae,Matt Caspari,host
9eb80e6b-9d01-46fa-b550-15bbd18f7fb9,5a5423e77723,Anand Krishna,host
9eda9470-1423-4c89-ac58-ccfe903cfff4,923b2f5c8f35,Kate Shepherd,host
9eda9470-1423-4c89-ac58-ccfe903cfff4,6aa16a1f48b5,Ken Narita,host
9f027748-be64-4df4-97c7-3f9d7f4e8b9b,831429eeeda4,Sera Tsutsumi,host
9f5eb3eb-0663-4bfe-8881-946c2c96c014,1a523a3b2ae3,Kathryn Rucker,facilitator
9f69f5e3-24a0-48d4-a3a3-be30e34f5358,576022a0105d,Cecilia Ekholm,host
9f69f5e3-24a0-48d4-a3a3-be30e34f5358,6fa61ac92096,Emily Warren,panelist
9f69f5e3-24a0-48d4-a3a3-be30e34f5358,670db3b84e70,Hans Nordin,panelist
9f69f5e3-24a0-48d4-a3a3-be30e34f5358,55161ec7b2db,Per Nyrenius,panelist
9f69f5e3-24a0-48d4-a3a3-be30e34f5358,9a241fbcb44c,Suany Chough,panelist
9f69f5e3-24a0-48d4-a3a3-be30e34f5358,3ce6ceaabc62,Sven Beiker,panelist
9f9b4fe6-1af7-41ca-a5d5-21ced908b4a5,d896d2d8ea43,Ashley D. Bell,closing speaker
9f9b4fe6-1af7-41ca-a5d5-21ced908b4a5,db20aef98cce,John Deasy,speaker
9f9b4fe6-1af7-41ca-a5d5-21ced908b4a5,edc5891ca8b6,Lacey Peace,host
9f9b4fe6-1af7-41ca-a5d5-21ced908b4a5,1f27fb5a7b8f,Lucy Rogers,host
9f9b4fe6-1af7-41ca-a5d5-21ced908b4a5,a8f5bfd97279,Michelle Bernier,host
9f9b4fe6-1af7-41ca-a5d5-21ced908b4a5,afdcc06ffe23,Stephanie Postles,closing speaker
9fa92f9a-9b48-473e-ba5f-85d3406ef52a,75aaf1608757,Minh Do,host
a0595c2d-367a-4bd3-a134-1c7ab8cd7336,86c59116ade3,Chaitanya (CK) Khot,host
a0595c2d-367a-4bd3-a134-1c7ab8cd7336,1abc2e658af5,Jordan Ruppert,host
a0595c2d-367a-4bd3-a134-1c7ab8cd7336,f9abec522063,Juliana Chyzhova,host
a0595c2d-367a-4bd3-a134-1c7ab8cd7336,189b348e56e0,Neeraj Pramodkumar,panelist
a064f11a-abc8-4017-ba52-897ee468ed53,d2b66487145d,Dilkhush Engineer,host
a064f11a-abc8-4017-ba52-897ee468ed53,3ed390c66309,Dr. Roy Nissim,speaker
a064f11a-abc8-4017-ba52-897ee468ed53,49ad53de1695,Hagay Lupesko,speaker
a064f11a-abc8-4017-ba52-897ee468ed53,1fdbae6c0733,Omer Shlomovits,speaker
a064f11a-abc8-4017-ba52-897ee468ed53,e8528abd41f6,Sasa Zelenovic,host
a095f32c-7381-4dd8-9755-a08fc388d219,7ab2503f4fdc,Ben Goertzel,speaker
a0af3a86-fb47-4b9d-9024-e138dd2b0a2f,f883c5d30251,Alan Nichol,speaker
a0af3a86-fb47-4b9d-9024-e138dd2b0a2f,3e702e52fbbf,Katie Bottrell,host
a0fecb47-ebf4-41a5-9b72-d643f34ed94d,c9df59dbf190,Alex Dzenisionak,host
a117c69b-681f-4737-9afb-f031d29db3cf,59bb974fdf57,Arjun Pillai,panelist
a117c69b-681f-4737-9afb-f031d29db3cf,bc748efdc26e,Genevieve Werner,host
a117c69b-681f-4737-9afb-f031d29db3cf,c79f0b9b8b5e,Ipsita Priyadarshini Sai,host
a117c69b-681f-4737-9afb-f031d29db3cf,1b4359d9364d,Muneeb Bokhari,panelist
a117c69b-681f-4737-9afb-f031d29db3cf,ad69920d4942,Rachel Geffner,host
a117c69b-681f-4737-9afb-f031d29db3cf,567d1f65f58c,Tianyi Li,host
a117c69b-681f-4737-9afb-f031d29db3cf,f20edbc8c1b3,Won Na,panelist
a11cfc93-d82f-41c8-9a05-f78032cafc72,03a40dfd9956,Austin Walker,host
a11cfc93-d82f-41c8-9a05-f78032cafc72,953f9ef50d8f,Hannah McQuaid,host
a11cfc93-d82f-41c8-9a05-f78032cafc72,759c1572df9e,Khaylah Epps,host
a12be37f-c5fa-4c72-ae5f-e32716eaec20,9fda2086bfb5,Kristin Mauer,host
a12be37f-c5fa-4c72-ae5f-e32716eaec20,3da68b409595,Sandra Wasicek,host
a13cb8b3-291a-4854-b647-ca778bf3ab37,c39ccdbb52fd,Amy Deng,panelist
a13cb8b3-291a-4854-b647-ca778bf3ab37,03a40dfd9956,Austin Walker,moderator
a13cb8b3-291a-4854-b647-ca778bf3ab37,2793f81c0a6c,Jennifer Curtin,panelist
a13cb8b3-291a-4854-b647-ca778bf3ab37,759c1572df9e,Khaylah Epps,speaker
a13cb8b3-291a-4854-b647-ca778bf3ab37,7beac24a7689,Sunita Mohanty,panelist
a15422ee-f74d-463f-bc3d-31868c58f7d9,26a96c9403c7,Derek Watson,host
a17b9d05-48d6-4690-ba40-0bd285ea74c7,09a3b1ec54c2,Alex Bowcut,presenter
a17b9d05-48d6-4690-ba40-0bd285ea74c7,c7d242b07ad2,Gwendolyn Canada,host
a17b9d05-48d6-4690-ba40-0bd285ea74c7,57974c4024d9,Jackson Wagner,speaker
a17b9d05-48d6-4690-ba40-0bd285ea74c7,ed5ee017867f,Lauren Cotta,host
a17b9d05-48d6-4690-ba40-0bd285ea74c7,34ec790e9d92,Mo Alobaidi,speaker
a18c7463-a075-4e70-8b3a-961282853401,c6c1e0507192,Kevin J. Andrews,panelist
a18c7463-a075-4e70-8b3a-961282853401,8a6a4fe0d035,Morgan Bailey,panelist
a18c7463-a075-4e70-8b3a-961282853401,02fc9ee945fe,William Taylor,host
a1e99071-b414-4aeb-a103-219771c17676,8b2915a8abd9,Sasha Grinshpun,host
a209d59f-b4c6-41dc-9eb6-45295768ceb1,fe16fa6ec7a9,David Sheen,host
a209d59f-b4c6-41dc-9eb6-45295768ceb1,962a3084eaf7,Farouk Ramzan,host
a209d59f-b4c6-41dc-9eb6-45295768ceb1,ce7fd461d384,Kathy Wang,host
a209d59f-b4c6-41dc-9eb6-45295768ceb1,fa709343c7c4,Sarina (Pilot),host
a209d59f-b4c6-41dc-9eb6-45295768ceb1,b0b431bb0fcc,Weida,speaker
a209d59f-b4c6-41dc-9eb6-45295768ceb1,c0fe8d6d9058,Yuichi Okuhama,host
a247bf0f-2099-4eef-99a1-85f2c4982ae6,996807fdc4b3,Jakob Thumm,host
a247bf0f-2099-4eef-99a1-85f2c4982ae6,e13288e7de2c,Lakshmi Devi KPV,host
a247bf0f-2099-4eef-99a1-85f2c4982ae6,3a9636a12a22,Reza Bahadi,host
a272457d-8f95-4456-8816-59272fff86cf,e559d48ea111,Nima Imani,host
a2e89fca-9ee6-4e3e-989f-3ee6499993f5,faa07cf2b1e3,Dan Gallagher,host
a2e89fca-9ee6-4e3e-989f-3ee6499993f5,5e12b35b0633,Mitch Webb,host
a2fdc2c0-4ee2-4637-9bcd-f2514f12d757,044c34e8d4b9,AJ Fortier,host
a2fdc2c0-4ee2-4637-9bcd-f2514f12d757,c70b8dd7f9cd,Bree Hanson,host
a2fdc2c0-4ee2-4637-9bcd-f2514f12d757,023da97d6fe4,Carlo Casuga,host
a2fdc2c0-4ee2-4637-9bcd-f2514f12d757,891c6a53c430,Doug Nissinoff,host
a2fdc2c0-4ee2-4637-9bcd-f2514f12d757,c708c916587f,Frances Mosley,host
a2fdc2c0-4ee2-4637-9bcd-f2514f12d757,2e8391567a45,Komi Sugimoto,host
a2fdc2c0-4ee2-4637-9bcd-f2514f12d757,2474f7f216c8,Mackenzie Scurka,host
a2fdc2c0-4ee2-4637-9bcd-f2514f12d757,6b287ab1ae96,Madalyn Woronoff,host
a2fdc2c0-4ee2-4637-9bcd-f2514f12d757,5d795e367cc6,Ryan Eddy,host
a2fdc2c0-4ee2-4637-9bcd-f2514f12d757,a3148f32f761,Sidney Sanchez,host
a2fdc2c0-4ee2-4637-9bcd-f2514f12d757,a2cc4865736e,Sylvia Marton,host
a2fdc2c0-4ee2-4637-9bcd-f2514f12d757,9b3b0e6b9033,Tommy Truong,host
a30971a2-8b6c-4757-9c79-ae275cd6e7d6,5738c8389808,Aravinda Seshadri,host
a30971a2-8b6c-4757-9c79-ae275cd6e7d6,1140b68112cd,Venturous Counsel,host
a38efac2-7115-4b0f-ac18-040e50a74d33,9f5ad52dfb82,Mike Williams,host
a3db1967-0987-44d5-b22c-a0c0d27244c2,e295b901c5e2,Alex Choi,panel host
a3db1967-0987-44d5-b22c-a0c0d27244c2,78c02908c9bd,Gerta Malaj,panel host
a43e339f-5e11-40a7-a448-fc0e39cbc934,c4623e6155b3,Angie Jones,fireside chat speaker
a43e339f-5e11-40a7-a448-fc0e39cbc934,417e5f9987f7,Dhanik Alkegama,speaker
a43e339f-5e11-40a7-a448-fc0e39cbc934,7fa982b8210f,Jonathan Wondrusch,speaker
a43e339f-5e11-40a7-a448-fc0e39cbc934,7a765edde65f,Juan Carlos Blanco Delgado,speaker
a43e339f-5e11-40a7-a448-fc0e39cbc934,e9cb9db26540,Kenny Hammerlund,speaker
a43e339f-5e11-40a7-a448-fc0e39cbc934,4e32f34ebe6d,Matt DeBergalis,fireside chat speaker
a43e339f-5e11-40a7-a448-fc0e39cbc934,7e37b89f7506,Mike Hamrah,speaker
a43e339f-5e11-40a7-a448-fc0e39cbc934,8dc637a7ee62,Sarath Siva,speaker
a43e339f-5e11-40a7-a448-fc0e39cbc934,ecb878324806,Sharon Gorla,speaker
a43e339f-5e11-40a7-a448-fc0e39cbc934,6c55d65b59da,Solal Raveh,speaker
a454308d-9afd-42af-b117-240f88c4645f,2666c5d6a69b,Holly Meers,host
a49682f6-9594-4aa4-875e-21a2ee941c86,57ee885690f4,Autumn Moss Peñaloza,host
a49682f6-9594-4aa4-875e-21a2ee941c86,1d6925324862,Rachel Sunderland,host
a49682f6-9594-4aa4-875e-21a2ee941c86,c8197c679ebe,Yannick Daly,host
a4b230ae-c69d-4a31-ac2d-36148ebc0f2f,4e224ac2bab7,Janet Gehrmann,host
a4b230ae-c69d-4a31-ac2d-36148ebc0f2f,301092fea6e7,vanessa yuri chung,host
a4d57358-d926-4589-8828-32f3e0c47daf,ad23edc82fb3,Cleo Valeroso,host
a4d57358-d926-4589-8828-32f3e0c47daf,252baf0ea216,Darren Kimura,featured discussion leader
a4d57358-d926-4589-8828-32f3e0c47daf,bc8df0f30d49,Garima Pandey,host
a4d98973-9e1a-4bd5-955c-397498e4598a,74a08f648a6b,Chandra K. Shih,host
a4d98973-9e1a-4bd5-955c-397498e4598a,4d04afce14c3,Elsa Weiss,host
a4d98973-9e1a-4bd5-955c-397498e4598a,86ca6bf9fc50,Marisa Montalvo,host
a4d98973-9e1a-4bd5-955c-397498e4598a,92893460b833,Ray Berg,host
a4d98973-9e1a-4bd5-955c-397498e4598a,cfdd3b0362f7,Sharon Vosmek,host
a4d98973-9e1a-4bd5-955c-397498e4598a,b9a122e26fe3,Victoria Pettibone,host
a4d98973-9e1a-4bd5-955c-397498e4598a,5904a7499891,Yashwant Chunduru,host
a4d98973-9e1a-4bd5-955c-397498e4598a,e7d4f8e64c77,Zoe Mariotti,host
a4e3a106-cce4-4f11-a179-e1fbf916d0a3,d262b7e5d121,Charly Levers,speaker
a4e3a106-cce4-4f11-a179-e1fbf916d0a3,4e224ac2bab7,Janet Gehrmann,host
a4e3a106-cce4-4f11-a179-e1fbf916d0a3,d97e7f69209e,Molly Gunderson,host
a4e3a106-cce4-4f11-a179-e1fbf916d0a3,5a9ee5d146e6,Nico Chinot,moderator
a4f74608-ba44-4a32-a739-080f4f447595,e38d29e31906,Tara Hernandez,panelist
a51e9e77-0c90-419f-8f7a-b7d875f59782,fbfbea83f335,Coco Chen,speaker
a51e9e77-0c90-419f-8f7a-b7d875f59782,ec48a05dcd45,Lucky Zhang,speaker
a51e9e77-0c90-419f-8f7a-b7d875f59782,2b8564244f9c,Ryan So,speaker
a51e9e77-0c90-419f-8f7a-b7d875f59782,b7aa09125733,Sophia Xing,speaker
a51e9e77-0c90-419f-8f7a-b7d875f59782,eb6d9fbac11f,Vanessa Larco,moderator
a51e9e77-0c90-419f-8f7a-b7d875f59782,2ddf2a3a917a,Will Black,host
a522bd03-75dc-4fae-adc8-3712ea5e92da,a014c13380ad,Andy Cook,host
a522bd03-75dc-4fae-adc8-3712ea5e92da,abfe486b3fd1,Sunny Ruprai,host
a522bd03-75dc-4fae-adc8-3712ea5e92da,9a0f5d53285b,Taylor Merkley,host
a535cdde-d417-4347-82cb-5faed3bc3afb,c4decfbb56e9,Manjeet Singh,speaker
a535cdde-d417-4347-82cb-5faed3bc3afb,90c138034549,Nachiket Paranjape,speaker
a53ce76a-5d5e-48fc-940e-8c68e6ec635d,39bf93705934,Bruce,speaker
a53ce76a-5d5e-48fc-940e-8c68e6ec635d,69458db13369,Yiqi Zhao,fireside speaker
a58c487e-53dc-43d8-94cf-737b913a5e28,cb20f31bd16d,Lili Cook,host
a58c487e-53dc-43d8-94cf-737b913a5e28,f728fdee44aa,Ron Kimchi,fireside chat guest
a58c487e-53dc-43d8-94cf-737b913a5e28,010b791ec626,Shaun Maguire,speaker
a5bca5ec-efb2-4fa2-ac2f-134f6d70a1bb,880b76b2d02c,Bruce Ling,speaker
a5bca5ec-efb2-4fa2-ac2f-134f6d70a1bb,e8d57da21d46,Chang,host
a5bca5ec-efb2-4fa2-ac2f-134f6d70a1bb,6a6dae3ef416,Emi Kiyota,speaker
a5bca5ec-efb2-4fa2-ac2f-134f6d70a1bb,0ebed4031ec2,Hinako Nakagawa,host
a5bca5ec-efb2-4fa2-ac2f-134f6d70a1bb,4464ca2db6da,Kristen Berman,speaker
a5bca5ec-efb2-4fa2-ac2f-134f6d70a1bb,88487998a2fb,Steph Habif,speaker
a5bca5ec-efb2-4fa2-ac2f-134f6d70a1bb,44c9fd4a0f73,Tak Miyata,speaker
a5bca5ec-efb2-4fa2-ac2f-134f6d70a1bb,9b885055b884,Yueyuan Yang,host
a5cab42e-1b76-43a9-809d-706a8d745c28,bdf72399e710,Anthony W. Raymundo,host
a5cab42e-1b76-43a9-809d-706a8d745c28,25741a719f97,Matteo Daste,host
a64055bd-cc4c-4397-be3d-bdd167026d8f,b6a6ce663ddb,Felix Orwa,host
a64055bd-cc4c-4397-be3d-bdd167026d8f,0b6e41520cdc,Gabriela Torres,host
a6790e2d-dd35-4854-bfc6-fa6a462d8b66,ca06c03bc38e,Jolie Radunich,host
a68f3a0a-4adf-46fa-a9a7-5023394de137,5dcc3def1b76,Arnela Sinevod,host
a68f3a0a-4adf-46fa-a9a7-5023394de137,1408bc35a96b,Vanessa Bentley,host
a73bb032-f79e-45aa-9340-dc6d6a8c30b6,5fd987b6e7d2,Anirudh Sriram,panelist
a7713009-73ea-4e6a-a911-0d0580dd986f,1057a25b8be0,Anna Mikeda,speaker
a7ca9a1e-651a-4545-a345-ff24ca599bfe,9a8ec19804d8,Adam Tahir,host
a7ca9a1e-651a-4545-a345-ff24ca599bfe,d4da5ae008ae,Dean Quiambao,guest
a7ca9a1e-651a-4545-a345-ff24ca599bfe,189ecaf55a26,Stephen Hedlund,guest
a7f801b3-353c-4d04-bf95-1ad076d0fae5,e8a29e9fc307,Court Lorenzini,featured investor
a7f801b3-353c-4d04-bf95-1ad076d0fae5,8271b703db25,Matt Rappaport,featured investor
a7f801b3-353c-4d04-bf95-1ad076d0fae5,250b4ba1073c,Pae Wu,featured investor
a7f801b3-353c-4d04-bf95-1ad076d0fae5,4cc0c3d6037c,Plug and Play,host
a7f801b3-353c-4d04-bf95-1ad076d0fae5,495e7982f369,Raghu Madabushi,featured investor
a7fe18d9-6bad-4c62-b83b-4e8fb35c631b,c68e4caa158d,Amelia LeRutte,speaker
a7fe18d9-6bad-4c62-b83b-4e8fb35c631b,83b41cca3410,Jared Thilenius,speaker
a7fe18d9-6bad-4c62-b83b-4e8fb35c631b,51f9e7656b77,Salesforce Launchpad for Starups,host
a80070a6-173e-4fe4-af0e-009b9d97f282,3a70aff651c4,Sebastian Chapela,host
a87bbf8e-ed3c-419c-bbb1-54b8a9b3beef,cdf6334368dd,Jonathan Tsang,host
a87bbf8e-ed3c-419c-bbb1-54b8a9b3beef,bfbe08b9d7f4,Neela Pack,host
a87bbf8e-ed3c-419c-bbb1-54b8a9b3beef,884cdd00fe15,Stephanie Hurst,host
a88869c2-5509-47de-b007-af890f9f9e35,fcbe46e9adb8,Peter Lee,host
a88963de-8fa5-4c76-b942-605683fe8c45,e41a0db14ee0,Jordan Liu,speaker demo presenter
a8c19bd3-4c70-44d4-b8a9-9b95ce608f97,b894401e4cd1,Leanid Palkhouski,host
a8c7106d-4bf2-470d-9f3e-17e8b4f315ea,b341ea9bbb08,Michael Fischer,host
a93c1046-effc-4f24-ad04-45b5cd408ebb,3fef457e6d09,Adam Warmoth,host
a93c1046-effc-4f24-ad04-45b5cd408ebb,5e8ca354fae7,Matt Cox,host
a93c1046-effc-4f24-ad04-45b5cd408ebb,058fb9277a15,Michelle Huang,host
a93c1046-effc-4f24-ad04-45b5cd408ebb,0009799c3712,Parker Toms,host
a9614c67-3cf9-4cdc-ba0d-ab712d38859a,e1be5f130528,Michael Walker,host
a9614c67-3cf9-4cdc-ba0d-ab712d38859a,b5a62c604d2a,Monica Aguilar,host
a962331f-9f9c-446f-ab45-c8ff5bebc107,ca62b64fb43b,Donna Te,host
a962331f-9f9c-446f-ab45-c8ff5bebc107,5c40ad6e7a6b,George Pai,host
a97dbfed-0efa-4094-be97-d7e9cfe9dbc0,5cd9a4ea9007,Ben Bergman,host
a97dbfed-0efa-4094-be97-d7e9cfe9dbc0,a6dcb79dbe95,Jack Hake,host
a998627e-8130-4979-983f-b6b4cef12a5a,7286447c003b,Henry Walton,host
a998627e-8130-4979-983f-b6b4cef12a5a,00b4610fb90f,Patrick Sculley,fireside guest
a9ddc40f-5261-4d50-b623-45a4bdbe38f5,b99f4697dd7d,Big Valley Marketing,host
a9ddc40f-5261-4d50-b623-45a4bdbe38f5,22a2526d1e34,Chris Velazco,pitch judge / panelist
a9ddc40f-5261-4d50-b623-45a4bdbe38f5,cd13ec7807f1,Don Clark,pitch judge / panelist
a9ddc40f-5261-4d50-b623-45a4bdbe38f5,d79123f8650a,Katie Eggers,judge
a9ddc40f-5261-4d50-b623-45a4bdbe38f5,c67a882b277a,Savannah Millennial,judge
a9f16aa9-7c25-454e-9a31-89878a36cf60,11c0fb9fed96,Brenda Fisher,host
a9f16aa9-7c25-454e-9a31-89878a36cf60,e883afec7dc9,Drake Ong,host
a9f16aa9-7c25-454e-9a31-89878a36cf60,af6e8d569fd0,James Honsa,host
a9f16aa9-7c25-454e-9a31-89878a36cf60,3617c0abbfb1,Will Patterson,host
a9fd3486-e483-41d8-81cc-4a425431d084,539468158b9b,Albert Colmenero,host
a9fd3486-e483-41d8-81cc-4a425431d084,07c620587fc5,Earl Valencia,host
a9fd3486-e483-41d8-81cc-4a425431d084,ebb57ea02dac,Elisabeth Bykoff,session leader
a9fd3486-e483-41d8-81cc-4a425431d084,6885ba906ff1,Hans Bukow,session leader
a9fd3486-e483-41d8-81cc-4a425431d084,3654c2bdf9bd,Max Maximilien,host
a9fd3486-e483-41d8-81cc-4a425431d084,0dab4d2f752c,Michael Ynion,host
a9fd3486-e483-41d8-81cc-4a425431d084,6768c0ca1aa7,Pere Codina,session leader
aa490d1b-8d19-45d0-a564-dc8e0d216de5,e42d0033db7a,Monique Johnson,host
aa490d1b-8d19-45d0-a564-dc8e0d216de5,aa365b9cb3cf,Natalie Mueller,host
aa490d1b-8d19-45d0-a564-dc8e0d216de5,d626c8de6af1,Samantha Jenkins,host
aa74a75f-598b-4109-9087-f752d2b44e9d,79ed4802f884,Aakash Patil,host
aa74a75f-598b-4109-9087-f752d2b44e9d,56dbffeabf4f,Sanket Badgujar,host
aabe0f2d-3ba1-4c75-8808-aaecc9844d50,ed77ac7d8de4,Rob Rush,host
aabe0f2d-3ba1-4c75-8808-aaecc9844d50,a4f0b89ca615,Rob Wesley,host
ab5f73aa-557c-490a-97e0-d46e47a5c2d3,1d8971a30cb1,Purvish Shah,host
ab94a1f2-6fb7-4c10-b3d6-f002cffa9165,fd8c97294e2b,Astro Teller,wider hub programme mention
ab94a1f2-6fb7-4c10-b3d6-f002cffa9165,50024f90ca0b,David White,wider hub programme mention
ab94a1f2-6fb7-4c10-b3d6-f002cffa9165,ba5feef81f79,Dr. Arman Zaribafiyan,speaker
ab94a1f2-6fb7-4c10-b3d6-f002cffa9165,ff0af7fbd514,Emily Duke,host
ab94a1f2-6fb7-4c10-b3d6-f002cffa9165,7582c076f1f0,Jaclyn Konzelmann,wider hub programme mention
ab94a1f2-6fb7-4c10-b3d6-f002cffa9165,8e19cc9c732e,Jen Hoskins,speaker
ab94a1f2-6fb7-4c10-b3d6-f002cffa9165,a413e4a73807,Kathryn Van Nuys,speaker
ab94a1f2-6fb7-4c10-b3d6-f002cffa9165,eb21a7c2576b,Len Henry,speaker
ab94a1f2-6fb7-4c10-b3d6-f002cffa9165,f22c373a9666,Maxim Fateev,speaker
ab94a1f2-6fb7-4c10-b3d6-f002cffa9165,edc11480e02d,Paige Bailey,wider hub programme mention
ab94a1f2-6fb7-4c10-b3d6-f002cffa9165,de829d4e1b5a,Salil Suri,speaker
ab94a1f2-6fb7-4c10-b3d6-f002cffa9165,5acd87d9204c,Sarah Wang,speaker
ab94a1f2-6fb7-4c10-b3d6-f002cffa9165,9515372f0432,Scott Barneson,wider hub programme mention
aba77689-88fd-4863-829b-61972a1f085d,9d94752a61f4,Fernanda Baker,host
abb052a2-4f45-4292-bffd-c93fa2756e9c,3cc811bcc36e,Imperial College London,host
abb052a2-4f45-4292-bffd-c93fa2756e9c,511d80407ca0,kanksha dixit,host
abb052a2-4f45-4292-bffd-c93fa2756e9c,003a09940db1,Malvika Bhagwat,panelist
abb052a2-4f45-4292-bffd-c93fa2756e9c,e2331baa87e5,Smita Bakshi,panelist
abb052a2-4f45-4292-bffd-c93fa2756e9c,572ca1469b93,Sophie Ren,panelist
abb052a2-4f45-4292-bffd-c93fa2756e9c,0dad58a005a6,Tushar Kurhekar,host
abb9488a-df02-452d-9d59-cfaec205975e,4bc73de280c3,Alenka Kyslik,host
abb9488a-df02-452d-9d59-cfaec205975e,50eaee4637e5,Jasmeet Kaur,host
ac1ad1ca-cc7a-4cb0-8ff4-29a2c89bd2f9,a27f288eefc3,Ankur Sethi,host
ac1c86c5-2e99-46c5-b050-4ad759b3956e,fd147a422843,Carly Wagenbach,host
ac1c86c5-2e99-46c5-b050-4ad759b3956e,02cd54bee76d,Chris Nanda,host
ac1c86c5-2e99-46c5-b050-4ad759b3956e,5f09c0a218da,Saira Rahman,host
ac4b828e-899a-4469-9394-0ae5d9dda9c4,e7d982844d34,Alex Starr,host
ac6db736-b43e-4174-bd7a-6939da416b01,4bf6cdab9f53,Ryan Sison,host
ac6db736-b43e-4174-bd7a-6939da416b01,9a0f5d53285b,Taylor Merkley,host
ac8cb913-08d7-4143-a4ff-550e5b5eeb2b,c7dd54e56ead,David Boskovic,speaker
ac8cb913-08d7-4143-a4ff-550e5b5eeb2b,545081a2cf68,Michelle Marcelline,speaker
ac8cb913-08d7-4143-a4ff-550e5b5eeb2b,0bb79748a9a8,Shawn Tsao,speaker
ace0ead7-ae78-4814-b3dc-08d5ac622327,f27bf22324ad,Laurent Delly,host
acf47346-3cd4-4b08-adee-ff75a711a841,b155403b5efc,Flora Fan,panelist
acf47346-3cd4-4b08-adee-ff75a711a841,6d1d879e3066,Jose Ballestas,panelist
acf47346-3cd4-4b08-adee-ff75a711a841,0128593eaf2c,Sienna H,panelist
acf47346-3cd4-4b08-adee-ff75a711a841,2a4ebdf510bc,Tony Pu,panelist
acfebe0d-bff1-4823-bf21-c0e57814a514,40469b9b55ca,Girts Graudins,host
ad2cf8e9-6240-4af3-a042-3224b1980e72,6160d6c3158e,Daniel Docter,judge
ad2cf8e9-6240-4af3-a042-3224b1980e72,aa18bc4d5564,Dilan Sisu,judge
ad2cf8e9-6240-4af3-a042-3224b1980e72,54580fceaec9,Lea Twizer,host
ad2cf8e9-6240-4af3-a042-3224b1980e72,da5d1c205024,Manpreet Kohli,judge
ad2cf8e9-6240-4af3-a042-3224b1980e72,98afb427fb00,Matviy Kruglov,host
ad2cf8e9-6240-4af3-a042-3224b1980e72,0fcec150c91b,Olga Chumanskaya,judge
ad2cf8e9-6240-4af3-a042-3224b1980e72,ee62bccafd67,Pae Wu,judge
ad2cf8e9-6240-4af3-a042-3224b1980e72,fcb94e0e1861,Parikshit Sharma,judge
ad2cf8e9-6240-4af3-a042-3224b1980e72,bbadacccd86d,Phillip Braddock,judge
ad2cf8e9-6240-4af3-a042-3224b1980e72,836af48ca077,Ryan Husk,judge
ad2cf8e9-6240-4af3-a042-3224b1980e72,fad6e5309ca8,Tim Kentley Klay,judge
ad5c2c79-f383-4ffd-9902-7a414d4bd037,aee0df756898,Andrea Mock,presenter
ad5c2c79-f383-4ffd-9902-7a414d4bd037,1cdaab210e47,Caroline Figueroa,presenter
ad78474b-b1ab-4411-a298-eb2ff9b8d6b1,cb2b26b75120,Angelina Millare,host
ad78474b-b1ab-4411-a298-eb2ff9b8d6b1,df71c9e8c015,Ophira Edut,host
ad8fa744-875a-4746-9901-6d9e3fab9a95,97fe8d644978,Cullen Hilkene,host
ad8fa744-875a-4746-9901-6d9e3fab9a95,cd3a11493ca1,Divyansh Agarwal,host
adb56613-e26f-4cd1-91cf-4872e183d955,8c27f2eef031,Arantza Sanchez,host
adb56613-e26f-4cd1-91cf-4872e183d955,d0ff207a5ad1,Laima Samite,host
adb56613-e26f-4cd1-91cf-4872e183d955,5cbfefcba8e3,Yusan Lin,host
adb5e555-8d3e-48be-9680-a4ca1279f056,8a300be3047c,Alkinoos Sarioglou,host
adb6d32b-27a1-4492-bd83-7240e7e03950,fbee79884f56,Mel Marsollier,host
adeb916f-3450-48ab-a57b-13df5e0c0f1c,c28fd95b2bac,Ian Cross,host
ae02a927-0e79-4c11-8103-08ef8ef7d5b0,909c152cac30,Sumeyra Ozturk,host
ae137ef2-77f5-43af-82b7-3dc8a9cd2ccd,1b409c844520,Cinnamon Sipper,host
ae1e6519-4c4c-4196-a45b-8e0625026795,5cd9a4ea9007,Ben Bergman,onstage speaker
ae1e6519-4c4c-4196-a45b-8e0625026795,d8fe6bae9e9d,Business Insider Live,host
ae1e6519-4c4c-4196-a45b-8e0625026795,b269a9ac05cd,Katie Roof,onstage speaker
ae1e6519-4c4c-4196-a45b-8e0625026795,8c04046c68a6,Lenka Haase,onstage speaker
ae1e6519-4c4c-4196-a45b-8e0625026795,76087f66f170,Matt Murphy,onstage speaker
ae1e6519-4c4c-4196-a45b-8e0625026795,35823f84347e,Wayne Ting,onstage speaker
ae7919f8-941c-47aa-a4db-cb3e4cd03c19,98e6e5f028ea,Gal Davidi,speaker
ae7919f8-941c-47aa-a4db-cb3e4cd03c19,2c0c838c4016,gil shefler,host
ae7919f8-941c-47aa-a4db-cb3e4cd03c19,92c94e47f652,Guy Bar Hava,speaker
ae7919f8-941c-47aa-a4db-cb3e4cd03c19,cb592381e4a2,Lovis Odin,speaker
aecbb396-569c-4974-928d-f8607492d68a,e6b5ae339bee,Cody Lin,host
aecbb396-569c-4974-928d-f8607492d68a,a9ee988b7ad2,Dan Glazer,opening remarks
aecbb396-569c-4974-928d-f8607492d68a,6fe6c8ea7a35,Ellen Dahlfors,host
aecbb396-569c-4974-928d-f8607492d68a,942222836ccf,Jeanie Fang,speaker
aecbb396-569c-4974-928d-f8607492d68a,360e25216d58,Rickard Steiber,speaker
aecbb396-569c-4974-928d-f8607492d68a,dd6ae4b54afb,Victor Nilsson,opening remarks
aeea5082-d25d-4d4a-9749-9c05d9a756f6,a470c38bb087,Nick Singh,fireside chat participant
aef1011a-b971-4fd0-a123-c340648a0940,66e673c1d8db,Anna Stepura,host
af5ce35e-f17f-4328-ac9b-b72e1dfe4857,e3db72cf6abd,David Ball,host
af6ed098-716c-419a-8d03-5d2dee1ed118,749fedb414e8,Valerie Chapman,fireside guest
afac43d7-1c9a-4016-a330-52ec5aa11245,645669eb5d11,Iana Lin,host
afac43d7-1c9a-4016-a330-52ec5aa11245,21b6adebe2f4,Sissi Wang,host
affacad9-28fe-4dff-a3a4-596b8951a9a9,07ff921d52c4,Emily Alpert,host
affacad9-28fe-4dff-a3a4-596b8951a9a9,2291d9394825,Lukas Biewald,fireside speaker
affacad9-28fe-4dff-a3a4-596b8951a9a9,e5e115ebc072,Vaidy Raghavan,fireside speaker
affc8860-5de6-482b-97ed-7667718ab905,aee12c6c95b3,Michaela Landgraf,host
b01050fd-3f61-45c7-ac2f-a7dbef800255,e48012012d69,Unity Match Development Project,host
b0452d71-67f3-4ccf-9d95-e218fafbd598,e559d48ea111,Nima Imani,host
b04968c9-e5f2-4e3b-8f94-27e86b8176a9,0d982b8ec260,Chris Kosrow,host
b04968c9-e5f2-4e3b-8f94-27e86b8176a9,e58d4af3f614,Grant Millette,host
b04968c9-e5f2-4e3b-8f94-27e86b8176a9,824ea1034764,Jeff Poczatek,host
b04968c9-e5f2-4e3b-8f94-27e86b8176a9,6e605c3b219f,Michiel Denis,host
b08d3a79-561f-46d0-b983-ac190d4d35a1,b22cc5406ffb,Charlie O'Neil,speaker
b08d3a79-561f-46d0-b983-ac190d4d35a1,052f98f7f480,Mario Martone,speaker
b0955d83-9929-4684-a5db-72221f26c2a4,bf4029f240a2,Alex Hanhan,host
b0955d83-9929-4684-a5db-72221f26c2a4,773eb0abdee0,Chris Zibert,host
b0955d83-9929-4684-a5db-72221f26c2a4,35a7f6dd24fb,Jenny Kim,host
b0955d83-9929-4684-a5db-72221f26c2a4,0879ec790473,Lindsay Hull,host
b1a1a367-99db-462f-8518-97b34fd15e10,b3fcd414f71a,Aaron Blotnick,panelist
b1a1a367-99db-462f-8518-97b34fd15e10,a186d6ef7d48,Andrew Chang,panelist
b1a1a367-99db-462f-8518-97b34fd15e10,70e6c64acee0,Angela Jimenez,panelist
b1a1a367-99db-462f-8518-97b34fd15e10,00fa9ce33b8f,Anna von Wendorff,panelist
b1a1a367-99db-462f-8518-97b34fd15e10,3bd3fa128594,Arvita Tripati,moderator
b1a1a367-99db-462f-8518-97b34fd15e10,bc102b062c91,Ben Kromnick,moderator
b1a1a367-99db-462f-8518-97b34fd15e10,c729bb297dce,Betiel Hadgu Haile,panelist
b1a1a367-99db-462f-8518-97b34fd15e10,838b9bd1ada9,Brandon Clark,agenda participant
b1a1a367-99db-462f-8518-97b34fd15e10,8cb223b87e55,Christian Chung,panelist
b1a1a367-99db-462f-8518-97b34fd15e10,9fad9e66d144,Dan Marotto,agenda participant
b1a1a367-99db-462f-8518-97b34fd15e10,f903b6da7adb,Elise Belusa,panelist
b1a1a367-99db-462f-8518-97b34fd15e10,557ca1e0a3bd,Ishita M Shah,agenda participant
b1a1a367-99db-462f-8518-97b34fd15e10,24eae6e71cbf,Judee Sharon,panelist
b1a1a367-99db-462f-8518-97b34fd15e10,ae8bd9ee1491,Larry Liu,moderator
b1a1a367-99db-462f-8518-97b34fd15e10,201f7c0094bd,Lauren M. Taylor,host
b1a1a367-99db-462f-8518-97b34fd15e10,d4db7a3b06b2,Marga Ortigas-Wedekind,panelist
b1a1a367-99db-462f-8518-97b34fd15e10,cb7ccdd7cedd,Maria Artunduaga,panelist
b1a1a367-99db-462f-8518-97b34fd15e10,74d38fcec330,Megan Groves,moderator
b1a1a367-99db-462f-8518-97b34fd15e10,b0a46fe413f9,Michael Powell,agenda participant
b1a1a367-99db-462f-8518-97b34fd15e10,9d6fb546c852,Mimi Lee,panelist
b1a1a367-99db-462f-8518-97b34fd15e10,833026d462ea,Morgan Stanton,panelist
b1a1a367-99db-462f-8518-97b34fd15e10,d277c9b9ac54,Ratnam Srivastava,panelist
b1a1a367-99db-462f-8518-97b34fd15e10,f7416b259bb4,Shilpa Dinavahi,agenda participant
b1a1a367-99db-462f-8518-97b34fd15e10,cb7f7885f14c,Tim Barnes,moderator
b1a1a367-99db-462f-8518-97b34fd15e10,d6eb7583cc2d,Todd Pray,panelist
b1d99374-217d-4b0c-8e57-87e60cc91adb,5f9bf167ce6c,Bella Nazzari,host
b1d99374-217d-4b0c-8e57-87e60cc91adb,6c8e924d5ed2,Maggie Gao,host
b2389bcc-3702-4c13-8bcb-5d7d01e10b24,6ee9c96ecba4,UGLY TALK - AMY,host
b2536f0c-4a64-4d4e-b43e-4a0f0b8fd728,81ae805db82c,Calah Vargas,host
b2536f0c-4a64-4d4e-b43e-4a0f0b8fd728,09954b9bc223,Cheri Lai,host
b2536f0c-4a64-4d4e-b43e-4a0f0b8fd728,4b0255dd2d22,Jennifer Kim,host
b2536f0c-4a64-4d4e-b43e-4a0f0b8fd728,0f9cd4ea8ab2,Jessica Quick,host
b2edb06d-15f6-4c7a-8d14-e5838cbeebdd,d9731c291f15,3i Members,host
b2fb231b-8ce7-4bbc-99f5-41e6df4c92e1,9b95f74d3eb6,Dave Anderson,panelist
b2fb231b-8ce7-4bbc-99f5-41e6df4c92e1,82e83dd90ed4,Holly Wu,panelist
b2fb231b-8ce7-4bbc-99f5-41e6df4c92e1,e1e778ad6f9b,Jordan Greene,host
b2fb231b-8ce7-4bbc-99f5-41e6df4c92e1,b9cd67e22b4f,Samantha Huang,panelist
b302662c-3e93-4ccf-92c8-350c8db6c25e,7f53318e6efe,Agu Vaitkus,host
b302662c-3e93-4ccf-92c8-350c8db6c25e,7509aead139e,Annette Sung,host
b302662c-3e93-4ccf-92c8-350c8db6c25e,9b95f74d3eb6,Dave Anderson,panelist
b302662c-3e93-4ccf-92c8-350c8db6c25e,b76d8d019698,Hemant Phalak,panelist
b302662c-3e93-4ccf-92c8-350c8db6c25e,42bb9b678802,Jeson Patel,panelist
b302662c-3e93-4ccf-92c8-350c8db6c25e,da6243d5cae5,Michelle Lim,panelist
b302662c-3e93-4ccf-92c8-350c8db6c25e,3fb60dc8f183,Mihail Eric,panelist
b302662c-3e93-4ccf-92c8-350c8db6c25e,8dcf8c073877,Susmitha Marupaka,panelist
b31ee8ed-3d96-46f1-981c-2fd2bd363546,1805cb9576f4,Bat Hosher Ishay,speaker
b31ee8ed-3d96-46f1-981c-2fd2bd363546,f1b1c1a77aac,Jakki Jakaj,speaker
b31ee8ed-3d96-46f1-981c-2fd2bd363546,fa9b2281b33a,Lee Tzanani,speaker
b31ee8ed-3d96-46f1-981c-2fd2bd363546,1123b61d648c,Neil Dahlke,speaker
b31ee8ed-3d96-46f1-981c-2fd2bd363546,df02e55624e9,Ricky Johnson,speaker
b31ee8ed-3d96-46f1-981c-2fd2bd363546,14bc2fff13e3,Waqas Makhdum,speaker
b31ee8ed-3d96-46f1-981c-2fd2bd363546,9ccc1ed0ca58,Wei-Chen Wang,speaker
b35a4af7-8384-40ed-b909-b51add1639c2,dd6ae4b54afb,Victor Nilsson,speaker
b35b9acd-5ae2-4885-9ce5-5525d0dd1cf1,e4b3a5c229af,Shreya Nischal,host
b375e240-67ad-44a0-b155-d7be25860450,80174b4a2bc6,Erika Bracken,host
b375e240-67ad-44a0-b155-d7be25860450,aae7a631b832,Filippo Pozzato,speaker
b375e240-67ad-44a0-b155-d7be25860450,b63f759fe38a,Ivan Makarov,host
b3b8da49-6c98-4f0a-9dbd-0fa2e68634a2,277d57af7d38,Miles Grimshaw,conversation speaker
b3b8da49-6c98-4f0a-9dbd-0fa2e68634a2,d136295fce2e,Scott Morton,conversation speaker
b3b9c258-86d7-43d2-8291-371e6df06184,fe664818a63c,Alina Knobloch,host
b3b9c258-86d7-43d2-8291-371e6df06184,8288659120b2,Francis Kigawa,host
b3b9c258-86d7-43d2-8291-371e6df06184,34f789e08011,Roza Ghamari,host
b3b9c258-86d7-43d2-8291-371e6df06184,16aa16bc75dc,Ryan Green,host
b4eb2660-763c-4e7c-bba9-f8ad12811ccb,c54b3990f09d,Ali Khayrallah,panelist
b4eb2660-763c-4e7c-bba9-f8ad12811ccb,e6b5ae339bee,Cody Lin,host
b4eb2660-763c-4e7c-bba9-f8ad12811ccb,484bc7be2a4d,Demi Bylon,panelist
b4eb2660-763c-4e7c-bba9-f8ad12811ccb,43bbc773b7a9,Malin Samuelsson,host
b4eb2660-763c-4e7c-bba9-f8ad12811ccb,6e6de42f89e2,Paul Lipman,panelist
b4eb2660-763c-4e7c-bba9-f8ad12811ccb,8dadfa076614,Philip Rathle,panelist
b4eb2660-763c-4e7c-bba9-f8ad12811ccb,09691fb7a3f0,Sean Randolph,panelist
b508bc99-7126-4702-92b6-b9580717fbc2,4ff1a0bd7487,Jane Rhee,speaker
b508bc99-7126-4702-92b6-b9580717fbc2,dfb29641c6eb,Jenny Duan,speaker
b508bc99-7126-4702-92b6-b9580717fbc2,615cd6103780,Jonathan Swerdlin,speaker
b508bc99-7126-4702-92b6-b9580717fbc2,6dbd02a7c40e,Stefano Quintini,speaker
b52854dd-4c77-4c41-85d6-c1908fe199d7,8db0b6ea5508,Ryan Bok,host
b55f3673-a2e6-43a4-9713-390e02a0ce79,55cf82602534,A.R. Tabrizi,host
b55f3673-a2e6-43a4-9713-390e02a0ce79,994e80c13ea9,Cherish DeAlba,host
b55f3673-a2e6-43a4-9713-390e02a0ce79,5b7021a1f3d9,Ciara Tejani,host
b55f3673-a2e6-43a4-9713-390e02a0ce79,f2929d494280,Kevin Liu,host
b55f3673-a2e6-43a4-9713-390e02a0ce79,46b5556b8af7,Mahir Kumar Singh,host
b55f3673-a2e6-43a4-9713-390e02a0ce79,4422226c920c,Miles Deamer,host
b55f3673-a2e6-43a4-9713-390e02a0ce79,299aab5c84d8,Ritu Riyat,host
b57e9a61-f9a9-43d1-9e96-e4baa630a4c0,a6c6380ff326,Claire Huang,host
b57e9a61-f9a9-43d1-9e96-e4baa630a4c0,7f7eb93742dc,Crystal Petit Frere,host
b57e9a61-f9a9-43d1-9e96-e4baa630a4c0,189ecaf55a26,Stephen Hedlund,host
b5a4752c-25c7-4ca3-8c6f-a65f33f60c5e,871f2db04703,Alexis Clarfield-Henry,host
b5a4752c-25c7-4ca3-8c6f-a65f33f60c5e,b94e6d014965,Angela Vuong,host
b5a4752c-25c7-4ca3-8c6f-a65f33f60c5e,70b57fc5946f,Dave Coen,host
b5a4752c-25c7-4ca3-8c6f-a65f33f60c5e,3d84d46ffbc7,Deirdre Clute,host
b5a4752c-25c7-4ca3-8c6f-a65f33f60c5e,7c019ae0212a,Frank Mastronuzzi,host
b5a4752c-25c7-4ca3-8c6f-a65f33f60c5e,d268f28b67a5,Kyan Chiang,host
b5a4752c-25c7-4ca3-8c6f-a65f33f60c5e,00fa863e75de,Maria Pope,host
b5a4752c-25c7-4ca3-8c6f-a65f33f60c5e,a8098d77c816,Sruthi Siva,host
b5a4752c-25c7-4ca3-8c6f-a65f33f60c5e,fc25f35c1b4c,Teija Bean,host
b5d304c1-bfc1-4a2e-931e-322750701916,02ba6c583838,Palash Awasthi,host
b5f29792-b981-4026-a16a-fca389006c88,b7d3568d6674,Danylo Borodchuk,host
b5f29792-b981-4026-a16a-fca389006c88,c0446594364b,Krisztan Fockter,host
b5f29792-b981-4026-a16a-fca389006c88,ea47d76bce44,Leo Kayali,host
b65270b2-9baa-45b6-9c93-875d6620c018,6af7bbd13f19,Chris Slowe,speaker
b675ec02-e079-473e-b09a-49d70ae84e1e,385742fe4ab5,Gretchen Libby,speaker
b675ec02-e079-473e-b09a-49d70ae84e1e,887c56f3ea68,Habeeb Syed,host
b675ec02-e079-473e-b09a-49d70ae84e1e,1e200a0c04a5,Hudson Liao,speaker
b675ec02-e079-473e-b09a-49d70ae84e1e,8a5bc81b0b37,Sheela Ivlev,host
b675ec02-e079-473e-b09a-49d70ae84e1e,0e3eb7e30f04,Sonika Singal,speaker
b678f512-e974-431f-ae62-c34ddb275efa,d11d730b043d,Chih-Lun Lee,speaker
b678f512-e974-431f-ae62-c34ddb275efa,95b729f33a0c,Hao Su,speaker
b678f512-e974-431f-ae62-c34ddb275efa,db422a9227db,Joey Wang,speaker
b678f512-e974-431f-ae62-c34ddb275efa,78128ec068bb,Samuel Spitz,speaker
b678f512-e974-431f-ae62-c34ddb275efa,cde7a38784e8,Yexiangzi Li,host
b687e085-b57d-49e7-8d73-5e96a1db2ffd,d117d3412065,Jaydeep Marfatia,host
b687e085-b57d-49e7-8d73-5e96a1db2ffd,df2f9bc8ab48,Vipul Shah,host
b6a052b3-9ff6-47cc-97e8-23010b459ea8,14578d0c489d,Angelica Ly,host
b6a052b3-9ff6-47cc-97e8-23010b459ea8,06cee523a7a9,Bekhruz Malikov,host
b6a052b3-9ff6-47cc-97e8-23010b459ea8,569a376eb87b,Cheyoung Ahn,host
b704e408-bd89-4732-93cb-6f62e2429c4e,92047897c954,Marton Peter Price,speaker
b714c75f-47a3-46bc-88d9-ffe52d7e07e9,135365795975,Irwin Bautista,host
b714c75f-47a3-46bc-88d9-ffe52d7e07e9,76df078f0a17,Joanna Zanghi,host
b7654076-9f73-41c2-b972-dfd0833ecf86,0d4176ec9767,Andres Cano,host
b7654076-9f73-41c2-b972-dfd0833ecf86,2cc128bf86d7,Domingo Guerra,host
b7654076-9f73-41c2-b972-dfd0833ecf86,7c0e80b9deb2,Laura Moreno Lucas,host
b7654076-9f73-41c2-b972-dfd0833ecf86,dc9f718765eb,Laura Moreno Lucas,host
b7a595e4-5db3-4f57-aae0-8a3ba0577893,485681e37302,Lester Chen,panelist
b7a595e4-5db3-4f57-aae0-8a3ba0577893,77646abdc059,Malthe Sigurdsson,panelist
b7a595e4-5db3-4f57-aae0-8a3ba0577893,d585d4116294,Maya Spivak,featured speaker
b7a595e4-5db3-4f57-aae0-8a3ba0577893,2a59ef938e15,Morgane Palomares,panelist
b84fe51a-7744-4791-9ff6-3eeeddb9fe91,a140fcd0876d,Adam Fauvre,host
b84fe51a-7744-4791-9ff6-3eeeddb9fe91,7f53baa0f274,Andrew Fedele,speaker
b84fe51a-7744-4791-9ff6-3eeeddb9fe91,bf7604a62e02,Brian Lee,host
b84fe51a-7744-4791-9ff6-3eeeddb9fe91,8c7014ccf469,George Pai,sponsor representative
b84fe51a-7744-4791-9ff6-3eeeddb9fe91,b329cc5fbaab,Keshia Theobald-van Gent,speaker
b84fe51a-7744-4791-9ff6-3eeeddb9fe91,c72e0181e3f8,Lindsey Mignano,speaker
b84fe51a-7744-4791-9ff6-3eeeddb9fe91,04861cb80289,Makell Morrill,host
b84fe51a-7744-4791-9ff6-3eeeddb9fe91,664a3493d814,Rich Gettings,host
b84fe51a-7744-4791-9ff6-3eeeddb9fe91,6ccc3fa074d1,Shawn Flynn,speaker
b88341fb-1054-4c98-a59d-d93101fbc951,1b6b0bf6883d,Dharma Patel,host
b88341fb-1054-4c98-a59d-d93101fbc951,3366bf7d6bbc,DON HO,host
b88341fb-1054-4c98-a59d-d93101fbc951,6de2ecab2fb2,Michelle Wu,host
b88341fb-1054-4c98-a59d-d93101fbc951,d4d65f3e7126,Olesia Carts,named event contributor
b88341fb-1054-4c98-a59d-d93101fbc951,cf157a4035fe,Parnika Adya,host
b8ad61d1-0cb8-4d07-bf6b-8aacafcb8c60,da707a6417e6,Andrew Mauboussin,speaker
b8ad61d1-0cb8-4d07-bf6b-8aacafcb8c60,fd8c97294e2b,Astro Teller,speaker
b8ad61d1-0cb8-4d07-bf6b-8aacafcb8c60,20a1782e86b4,Brittney Glass,host
b8ad61d1-0cb8-4d07-bf6b-8aacafcb8c60,0abbd82f7532,Derek Andersen,speaker
b8ad61d1-0cb8-4d07-bf6b-8aacafcb8c60,4d398b7baac3,Dr. Astro Teller,speaker
b8ad61d1-0cb8-4d07-bf6b-8aacafcb8c60,efb70e6bbef6,Emily Duke,host
b8ad61d1-0cb8-4d07-bf6b-8aacafcb8c60,edc11480e02d,Paige Bailey,moderator
b8ad61d1-0cb8-4d07-bf6b-8aacafcb8c60,c50a0f3ac2c8,Teresa Nguyen,speaker
b9167f1e-d057-4305-8ae6-d08afe2b414f,aa1039902ee1,Aadit Parikh,judge
b9167f1e-d057-4305-8ae6-d08afe2b414f,d0eb8e35186c,Danny Paez,moderator
b9167f1e-d057-4305-8ae6-d08afe2b414f,755fad5ced22,Fareed Mosavat,judge
b9167f1e-d057-4305-8ae6-d08afe2b414f,8c38178aaf3a,Salim Mitha,judge
b9d5348e-8569-4317-a2e2-892c43db71cb,20a1782e86b4,Brittney Glass,host
b9d5348e-8569-4317-a2e2-892c43db71cb,50024f90ca0b,David White,speaker
b9d5348e-8569-4317-a2e2-892c43db71cb,efb70e6bbef6,Emily Duke,host
b9d5348e-8569-4317-a2e2-892c43db71cb,7582c076f1f0,Jaclyn Konzelmann,speaker
b9d5348e-8569-4317-a2e2-892c43db71cb,be7852b2a983,Jiong Liu,speaker
b9d5348e-8569-4317-a2e2-892c43db71cb,613557f9748a,Matt Ridenour,speaker
b9d5348e-8569-4317-a2e2-892c43db71cb,9515372f0432,Scott Barneson,speaker
b9d5348e-8569-4317-a2e2-892c43db71cb,d61147283168,Shai Alon,public named person
b9d7746d-888b-4584-b256-13e7b2aa1ea4,43b19708663d,Ethan Castiglione,host
b9e98dfc-ac2f-4715-95ec-01193416c413,e2d2ce20a64e,MISAKI MAJIMA,host
ba1f1a37-558b-4e5d-b40d-05b8ee6efd99,4ff1a0bd7487,Jane Rhee,host
ba1f1a37-558b-4e5d-b40d-05b8ee6efd99,7a63912b3c1b,Jay Rughani,host
ba2e0a27-15ba-4099-94fb-09b1c8a508f6,6c6f2c0c37d9,Margot Simon,host
ba2e0a27-15ba-4099-94fb-09b1c8a508f6,2b7218849ad1,Shani Mandel-Laufer,run leader
ba495ca9-7e4b-4dbf-84da-6cc1d4d24737,b99f4697dd7d,Big Valley Marketing,host
ba499313-e472-48c8-96ea-20a9b6e95704,ba08c3144d56,Guillermo Rauch,conversation guest
ba499313-e472-48c8-96ea-20a9b6e95704,20a1cd19a4be,Jack Altman,conversation guest
ba55b71a-1881-45c4-aaad-02c2800533f9,91fb75c7f8c1,Daria Kuk,host
ba55b71a-1881-45c4-aaad-02c2800533f9,0d136518c94e,Dasha Kroshkina,host
bb0dd34f-6599-4cf3-b2e3-606c4224f7da,4d497bff80b9,Mei Chuong,host
bb0dd34f-6599-4cf3-b2e3-606c4224f7da,0237210e47ab,Zoey Weaver,host
bb137056-6c28-4010-9b8f-f0379b7ecaa9,cc49bdd90749,Monica Khan,host
bb424e03-b288-4b24-9f7c-175e494aa81e,4344c7c23a23,George Bandarian,speaker
bbdcc0c9-2efe-4be1-a5c5-136495346452,b1a4c7ba9ea0,Joe McCann,host
bbf60f13-2cdc-4ffa-8640-e0be0b85dce6,b37001eede7f,Anurag Chandra,featured speaker
bbf60f13-2cdc-4ffa-8640-e0be0b85dce6,f2783b443a0a,Baron Davis,featured speaker
bbf60f13-2cdc-4ffa-8640-e0be0b85dce6,0349a2cdf644,Bill Barhydt,speaker
bbf60f13-2cdc-4ffa-8640-e0be0b85dce6,bcc81a172c83,Chris Kelly,featured speaker
bbf60f13-2cdc-4ffa-8640-e0be0b85dce6,e63c2ce6645e,Chris Williams,featured speaker
bbf60f13-2cdc-4ffa-8640-e0be0b85dce6,adb430f5c20a,Gerald Brady,featured speaker
bbf60f13-2cdc-4ffa-8640-e0be0b85dce6,7915ab377abd,Hany Nada,featured speaker
bbf60f13-2cdc-4ffa-8640-e0be0b85dce6,022a2c8ecce7,Lamar Odom,speaker
bbf60f13-2cdc-4ffa-8640-e0be0b85dce6,c152bf0d34c9,Louis Lehot,featured speaker
bbf60f13-2cdc-4ffa-8640-e0be0b85dce6,d7d885f14c5b,Mike Blank,speaker
bbf60f13-2cdc-4ffa-8640-e0be0b85dce6,a6c19882af5c,Nicole Quinn,featured speaker
bbf60f13-2cdc-4ffa-8640-e0be0b85dce6,99563ef03ec0,Sidebar Summit,host
bbf60f13-2cdc-4ffa-8640-e0be0b85dce6,3134bf6c5eae,Venky Ganesan,keynote speaker
bbf60f13-2cdc-4ffa-8640-e0be0b85dce6,a510671d1e2c,Vishal Verma,featured speaker
bc1c27cf-1505-4bf5-b585-f8a25c0c94a2,31bd313c23cc,Haley Coller,host
bc1c27cf-1505-4bf5-b585-f8a25c0c94a2,cacc91bb1bf8,Syleste Davis,host
bc61891f-9d97-4dfc-87d4-5480e586ced6,f3ed48a98f25,Chatan Konda,speaker
bc61891f-9d97-4dfc-87d4-5480e586ced6,545081a2cf68,Michelle Marcelline,speaker
bc61891f-9d97-4dfc-87d4-5480e586ced6,bf44087dea1c,Nihar Nandan,speaker
bc61891f-9d97-4dfc-87d4-5480e586ced6,b35aa550a452,Patricia,host
bc61891f-9d97-4dfc-87d4-5480e586ced6,c77249e9b196,Quentin Rousseau,speaker
bc61891f-9d97-4dfc-87d4-5480e586ced6,d1e4d7bc3edb,Tomás Pozo,speaker
bc642d63-79d0-4792-85d5-9d44a6383393,ed5a32f72389,Avikalp Kumar Gupta,host
bc642d63-79d0-4792-85d5-9d44a6383393,5da1c6682293,Harshvardhan (Hash),host
bc8d3468-e18d-437a-83ff-4598b9d41e2c,4231b216f72c,Charlotte Xia,host
bc8d3468-e18d-437a-83ff-4598b9d41e2c,47d9b2c2b7b6,Daniel Paredes,host
bc8d3468-e18d-437a-83ff-4598b9d41e2c,b1346dbe0b29,Di Jin,panelist
bc8d3468-e18d-437a-83ff-4598b9d41e2c,e68737050e3a,James Langford,host
bc8d3468-e18d-437a-83ff-4598b9d41e2c,3d2326f06522,Jason Wu,panelist
bc8d3468-e18d-437a-83ff-4598b9d41e2c,8e1e7c97270b,Jiwei Li,panelist
bc8d3468-e18d-437a-83ff-4598b9d41e2c,dc0170849e5f,Matthew Wong,host
bcc5ef6f-3fd9-44f3-914c-e37d45deffc9,f0370b43e370,Karina Thrasyvoulou,host
bcc5ef6f-3fd9-44f3-914c-e37d45deffc9,3983c0eb85be,Léa Bouhelier-Gautreau,host
bcc7a520-cbf0-49c3-8d34-20b7d233ee93,9245b90c03e1,Kevin Huang,host
bceac512-fc80-45a6-8d8e-e109456d2dfe,5e8ba1ceee4b,Anna Gurney,host
bceac512-fc80-45a6-8d8e-e109456d2dfe,fd9a65bdcf20,Saurabh Palan,host
bceff440-b7b4-4e46-9419-a4f39866c65d,60cc014ef7d1,Adwoa Agyeman,host
bceff440-b7b4-4e46-9419-a4f39866c65d,26cdf8d7618f,Karen Amodio,host
bceff440-b7b4-4e46-9419-a4f39866c65d,1f254fb347ac,Kathy Larchian,pensa participant
bceff440-b7b4-4e46-9419-a4f39866c65d,0ff4ef1c00d6,Marco Perry,pensa participant
bceff440-b7b4-4e46-9419-a4f39866c65d,7da167b4600b,Mark Prommel,pensa participant
bd12e02b-6bba-41ac-af3d-0ee56fae776e,a56d71746e7f,Christopher Carew,host
bd474c2f-371f-4e6e-9742-f2d9b6439071,e2729a0797ae,Chris Sheng,speaker
bd474c2f-371f-4e6e-9742-f2d9b6439071,649778230883,Lara Bandeira,host
bd474c2f-371f-4e6e-9742-f2d9b6439071,7e909c704c0d,Tony Yang,host
bd9896ce-b969-4ff4-ad9d-af31ae846a05,7fe1d37a8451,Ajay Arora,speaker
bd9896ce-b969-4ff4-ad9d-af31ae846a05,653cdea1479a,Amjad Masad,podcast guest
bd9896ce-b969-4ff4-ad9d-af31ae846a05,2f767e0d3788,Ben Haefele,speaker
bd9896ce-b969-4ff4-ad9d-af31ae846a05,a13c9cac1fb0,Carlos Gonzalez de Villaumbrosia,speaker and podcast moderator
bd9896ce-b969-4ff4-ad9d-af31ae846a05,338d96365bc6,Dheerja Kaur,speaker
bd9896ce-b969-4ff4-ad9d-af31ae846a05,254539037081,Diana Kimball Berlin,speaker
bd9896ce-b969-4ff4-ad9d-af31ae846a05,7e6e465d5d76,Edward Kim,speaker
bd9896ce-b969-4ff4-ad9d-af31ae846a05,c4ea63318edc,Elena Verna,featured speaker in gallery
bd9896ce-b969-4ff4-ad9d-af31ae846a05,e4d9cbcf110c,Jeetu Patel,podcast guest
bd9896ce-b969-4ff4-ad9d-af31ae846a05,e0dc25e4f982,Jeff Chow,speaker
bd9896ce-b969-4ff4-ad9d-af31ae846a05,4c35a8d5baaf,Julia Szatar,welcome and closing remarks speaker
bd9896ce-b969-4ff4-ad9d-af31ae846a05,66d26cdc02f2,Ohad Biron,panelist
bd9896ce-b969-4ff4-ad9d-af31ae846a05,4c716564bd35,Omri Herman,panelist
bd9896ce-b969-4ff4-ad9d-af31ae846a05,3ef9efd2fa40,Phillip Badger,panelist
bd9896ce-b969-4ff4-ad9d-af31ae846a05,86e21623448e,Product School,host
bd9896ce-b969-4ff4-ad9d-af31ae846a05,980c5fb181a8,Shiva Rajaraman,podcast guest
bd9896ce-b969-4ff4-ad9d-af31ae846a05,46db4a1564e4,Shruti Anand,panel moderator
be5abafd-cf97-4729-adaa-1fda1246d186,aab39698f133,Alan Braithwaite,speaker
be5abafd-cf97-4729-adaa-1fda1246d186,4a51c601e46e,Drew Gregory,speaker
be5abafd-cf97-4729-adaa-1fda1246d186,05e186863808,Eric Chiang,speaker
be5abafd-cf97-4729-adaa-1fda1246d186,ebf3722e80a4,Madison Delacruz,host
be5abafd-cf97-4729-adaa-1fda1246d186,c364da10c71b,Maya Kaczorowski,speaker
be5abafd-cf97-4729-adaa-1fda1246d186,9ce2b76c464b,Patrick O'Doherty,speaker
be78f6b8-61e8-479e-aca5-8df1ed6134a8,a11dcc44afc7,Lydia Flocchini,host
be78f6b8-61e8-479e-aca5-8df1ed6134a8,204ca2705d43,Yuliia Volchenko,host
be942bb3-7a17-40c9-bc9f-db77a054ef96,4ffba9c19260,Frances Schendle,host
be949f33-587a-4b09-86ae-1cd3be46af15,4886298ba4a6,Adeyemi Ajao,fireside guest
be949f33-587a-4b09-86ae-1cd3be46af15,3b57b5fcddf1,Endeavor SF Hub,host
be949f33-587a-4b09-86ae-1cd3be46af15,3f5bf2abbd7c,Pablo Palafox,fireside guest
bef57253-387d-42e8-a922-bb4b7150ab94,aead465fac5b,Max Giang,host
bef57253-387d-42e8-a922-bb4b7150ab94,1d8dd9f57531,Robert Borges,host
bf1663c4-c771-46de-b750-1ceec9063e50,a56d71746e7f,Christopher Carew,speaker
bf1663c4-c771-46de-b750-1ceec9063e50,7d6fd6e457b9,Neda Emami,speaker
bf1c4c54-29a3-4ae3-a6fd-5587e067b2c4,73a2edeb8c82,Andrew Woodfield,host
bf6060bd-c845-4d6e-b372-af72b36bcb75,a9da19013e5b,Amee Bhavsar,host
bf6060bd-c845-4d6e-b372-af72b36bcb75,d2a45ae4c19a,Annie Warner,host
bf6060bd-c845-4d6e-b372-af72b36bcb75,b4b19677f9cb,Diana Munoz,host
bf7726fd-50ab-406c-9bbb-1e40e84c7ee4,610babfc7dd1,Shama Zehra,host
bf7726fd-50ab-406c-9bbb-1e40e84c7ee4,2ceea086bcc3,Shilpi Nayak,host
bfb6fa98-dde1-43d6-af54-fae311789244,219e4b03cdd8,Antonio Forenza,speaker
bfb6fa98-dde1-43d6-af54-fae311789244,28dba0d0189e,Christin Glorioso,speaker
bfb6fa98-dde1-43d6-af54-fae311789244,c29d816359fc,Laura Hix Glickman,speaker
bfb6fa98-dde1-43d6-af54-fae311789244,c336233c3620,Maksym Shevchenko,host
bfb6fa98-dde1-43d6-af54-fae311789244,5b08f1411393,Mike Olson,speaker
bfb6fa98-dde1-43d6-af54-fae311789244,b75371620bf5,Natalise Kalea Robinson,speaker
bfb6fa98-dde1-43d6-af54-fae311789244,1ea7daeb1f1b,Paola Telfer,speaker
bfb6fa98-dde1-43d6-af54-fae311789244,15469ecae0c9,Ramses Alcaide,speaker
bfb6fa98-dde1-43d6-af54-fae311789244,19d7cdf7ccbc,Ronjon Nag,speaker
bfce04ce-34d8-43ca-b868-43f3e839c3f9,60a4555b3f18,Michelle Choe,host
bfdc53ab-c7cb-442c-9ecc-d76498015f0d,6a8e7507be4c,Carly Benson,host
bfdc53ab-c7cb-442c-9ecc-d76498015f0d,22d9c1458e01,Dan Hillery,host
bfdc53ab-c7cb-442c-9ecc-d76498015f0d,9ad84246372b,Loren Asmus,host
c018379f-c6db-4695-b279-9e2486b88c5a,6b413c1dea2b,Robert Harary,host
c030adbf-46e8-489a-818d-303af63bd1a6,ba10c2109e1b,Kemi Bolatito,host
c031a786-3363-4be7-99a7-59aca23332b8,559d2265320e,Christine Tsang,panelist
c031a786-3363-4be7-99a7-59aca23332b8,985017b6c400,Dev Iyer,host
c031a786-3363-4be7-99a7-59aca23332b8,c4f6858a01cb,Jonathan Bash,host
c031a786-3363-4be7-99a7-59aca23332b8,b92977c5ecf4,Neil Chase,panelist
c031a786-3363-4be7-99a7-59aca23332b8,5b4d8278a0c1,Reed Albergotti,panelist
c03e8d35-2b91-4cfd-857c-993d810e9364,57ed2dc07300,Philip Braddock,host
c05ec75a-b9f8-458f-8e04-5db621b0b512,06b5d1047e4e,Anthony Pipia,host
c082d2c6-dafa-4b68-94f1-760e3e59f03f,12c655e54e1a,Keren Fanan,host
c1236b3e-8cc5-4f08-bd14-05faadf0f6db,59148658c812,Igor Fil,host
c1236b3e-8cc5-4f08-bd14-05faadf0f6db,b89ec75235b4,Itzik Paz,host
c1236b3e-8cc5-4f08-bd14-05faadf0f6db,8fcbd801a0e2,Sathya Balakrishnan,host
c124e06a-8f9c-4593-ac1e-832a2513d3e3,6073b4494423,Jd Armada,host
c124e06a-8f9c-4593-ac1e-832a2513d3e3,2b0b0836f7cc,Philipp Krenn,host
c124e06a-8f9c-4593-ac1e-832a2513d3e3,c247ec3c418a,Wayne Sutton,host
c17cbfc7-1fe8-4a5b-be86-35d31e278024,ca62b64fb43b,Donna Te,host
c17cbfc7-1fe8-4a5b-be86-35d31e278024,7a2e75969bb7,Serephina Ha,host
c17cbfc7-1fe8-4a5b-be86-35d31e278024,87e05c645946,Tim He,host
c17e7388-1dcc-4391-bdb6-e1b27030e2d0,9dffcd1dc6b0,Andrew Smith,speaker
c17e7388-1dcc-4391-bdb6-e1b27030e2d0,3e1aaea2a22c,Mark Roberge,speaker
c17e7388-1dcc-4391-bdb6-e1b27030e2d0,4e49b31f7550,Sarah Goomar,host
c1948734-429b-48f2-bff4-3c7c752a2bcd,ca18992ac31f,Adam Probst,host
c1948734-429b-48f2-bff4-3c7c752a2bcd,c36a260167aa,Hamza Tahir,featured zenml cto and co-founder
c1abc5e0-901c-4eb1-870f-4399513865c4,32f3498867f0,Bohan Li,panelist
c1abc5e0-901c-4eb1-870f-4399513865c4,5de7b867ce5f,Quang Tran,panelist
c1abc5e0-901c-4eb1-870f-4399513865c4,a0d75debfb93,Sauhard Jain,panelist
c1abc5e0-901c-4eb1-870f-4399513865c4,3f41c0fa6ea3,Zach Kamran,panelist
c1b1e469-5486-40f4-99fe-31301f8de84a,4abface27081,Jordyn Wallace,host
c1b1e469-5486-40f4-99fe-31301f8de84a,d677fc94305c,Nolan Lee,host
c24d0840-401f-4759-b9f3-1c1bc77cfa96,0571db8b5b5b,Chandrika Maheshwari,speaker
c24d0840-401f-4759-b9f3-1c1bc77cfa96,ea8016db3fa3,Chris Yeh,speaker
c24d0840-401f-4759-b9f3-1c1bc77cfa96,04da7a3770f2,DJ Deep,speaker
c24d0840-401f-4759-b9f3-1c1bc77cfa96,fab4370fcf9a,Lior Zorea,speaker
c24d0840-401f-4759-b9f3-1c1bc77cfa96,02b92506e487,Mirela Dzebic,host
c24d0840-401f-4759-b9f3-1c1bc77cfa96,143e9a363653,Mohamed Mohamed,speaker
c24d0840-401f-4759-b9f3-1c1bc77cfa96,69012bccc938,Mohammed Mohammed,speaker
c24d0840-401f-4759-b9f3-1c1bc77cfa96,2ec5ffb996d5,Preethy Padmanabhan,host
c24d0840-401f-4759-b9f3-1c1bc77cfa96,e1f17b52f6bf,Sabira Alloo,speaker
c24d0840-401f-4759-b9f3-1c1bc77cfa96,94b2dade0873,The Future of Tech,host
c255d7ee-a796-4e64-9a29-f7d50eec80f1,464ccda4346e,Jorge B. Macías,host
c267f0f0-399f-453e-99f1-6400c27a000f,4c11dd66fceb,Adam Gilleland,host
c267f0f0-399f-453e-99f1-6400c27a000f,d4aa556811cb,Adam Shaw,host
c267f0f0-399f-453e-99f1-6400c27a000f,be4d5f87b39c,Founders & Funders,host
c267f0f0-399f-453e-99f1-6400c27a000f,0d41b79ff2d3,Jeff Erickson,host
c267f0f0-399f-453e-99f1-6400c27a000f,57ed2dc07300,Philip Braddock,host
c2705e58-ce67-4bce-a226-fa5db38ad882,fb1e85e6d970,Sam Fisher,host
c2705e58-ce67-4bce-a226-fa5db38ad882,e1ba4068e23d,Vicky Liu,host
c27825c2-6848-46f6-ad41-e0fde161fefe,df79f1f9135b,Haruka Saita,host
c27825c2-6848-46f6-ad41-e0fde161fefe,143e8b72b068,Ryota Sakoda,host
c2ab24d6-e54c-426a-9a1d-d4bd14a041ac,0f7aa88b1467,Jenny Schneider,host
c2ab24d6-e54c-426a-9a1d-d4bd14a041ac,4d5799692824,Natalie Sportelli,host
c3133736-2bde-4195-be56-0f9722fb35f4,2bd4f0292719,Horacio Rilo,host
c325f3f2-cf97-433d-a51d-1e146f2ac97b,dcebb2d90928,Andrew Wooten,featured speaker
c325f3f2-cf97-433d-a51d-1e146f2ac97b,1f6bae16d4a1,Ariel Shulman,featured speaker
c325f3f2-cf97-433d-a51d-1e146f2ac97b,cd46f4bf074e,AWS for Startups,host
c325f3f2-cf97-433d-a51d-1e146f2ac97b,b0bc995d89f7,Grace Velker,moderator
c325f3f2-cf97-433d-a51d-1e146f2ac97b,3376947cd6d6,Kristina Shen,featured speaker
c325f3f2-cf97-433d-a51d-1e146f2ac97b,7d7e533f1298,Lindon Gao,featured speaker
c387489d-96ca-4703-8869-3e76a3b14aa2,a49d062639e3,Shariq Varawalla,host
c391e6ce-3e69-4141-ab67-5c9af85527ba,6e219b785bce,Ayush,host
c391e6ce-3e69-4141-ab67-5c9af85527ba,67d0bfccdd1d,Claire Xie,host
c3c7cb8f-8d39-4269-a074-821341e5b708,0bf98f17c4ee,Beth Newman,host
c3c7cb8f-8d39-4269-a074-821341e5b708,e312d80abd4c,Chris Ham,host
c4fb4e05-5daf-453b-91d5-880b1efbbde8,c094cf1f8fa4,Daniel Bjorkegren,speaker
c4fb4e05-5daf-453b-91d5-880b1efbbde8,ee91e5173fcd,Emily Tracy,host
c4fb4e05-5daf-453b-91d5-880b1efbbde8,29aabe13d662,Jane Seidel,host
c4fb4e05-5daf-453b-91d5-880b1efbbde8,5455d3b54d0e,Kristy Loke,speaker
c4fb4e05-5daf-453b-91d5-880b1efbbde8,98bca6fe51fb,Rina Chandran,speaker
c4fb4e05-5daf-453b-91d5-880b1efbbde8,aa55ef5c995c,Ziyang Fan,speaker
c511b041-9751-4c5d-bd5a-fff26af48f56,4fd6fb53db3a,Nellie - Genspark,host
c5753cdb-ec8d-4b47-91b9-31a056f9bbf2,0fd3a7a6650f,Dan Fu,host
c5753cdb-ec8d-4b47-91b9-31a056f9bbf2,c19a4d7f8245,Kai Mak,host
c5753cdb-ec8d-4b47-91b9-31a056f9bbf2,775e2269467c,Lance Matthews,host
c5753cdb-ec8d-4b47-91b9-31a056f9bbf2,c311f03687e8,Simran Arora,host
c5753cdb-ec8d-4b47-91b9-31a056f9bbf2,253b5c393658,Tri Dao,host
c5753cdb-ec8d-4b47-91b9-31a056f9bbf2,9209cd9e5801,Vipul Ved Prakash,host
c5753cdb-ec8d-4b47-91b9-31a056f9bbf2,2cf3d69208e8,Yan Bieger,host
c608f1e5-5f78-415c-a646-1917d2a4254f,7ab580fc431e,Aviral Bhardwaj,host
c608f1e5-5f78-415c-a646-1917d2a4254f,62afb7f54fc8,Joe Maionchi,host
c6880487-dd02-436e-a07a-d306eeaa3bcf,4eb03579582a,Deepak Mishra,host
c6a22a3e-e21c-4826-89a0-4ce32dd0f018,c8789e034f90,Dr. Niklas Panten,panelist
c6a22a3e-e21c-4826-89a0-4ce32dd0f018,c8da9a6b2110,Marcus Schuler,moderator
c6a22a3e-e21c-4826-89a0-4ce32dd0f018,af0795936f71,Michael Stewart,panelist
c6a22a3e-e21c-4826-89a0-4ce32dd0f018,34a921ee858b,Scott Wallace,panelist
c6bfb9cf-14a2-4b86-bf55-97d18261a35a,8b282a56c47e,Philip Lan,speaker
c6bfb9cf-14a2-4b86-bf55-97d18261a35a,6723438c8512,Samer Masterson,speaker
c7c19a06-c9e1-4851-9c3d-572b26234e60,0f2105f59c1e,Nicky He,host
c7c19a06-c9e1-4851-9c3d-572b26234e60,02ba6c583838,Palash Awasthi,host
c802664a-f08c-421d-8f91-dd252da25a4e,f29a29d2f7ad,Briana Mosley,host
c802664a-f08c-421d-8f91-dd252da25a4e,ed4bc87f298e,Vanita Lee-Tatum,host
c803ffa8-adf4-43a6-abbd-986bdceb69d4,6e516799987a,Vaida Brusokaite,host
c82fe23b-04fe-4589-b63c-cb0d442bd5af,f4ebc4638197,Alex Lund Scobie,host
c82fe23b-04fe-4589-b63c-cb0d442bd5af,b151d5db4ce5,Antonia Da Costa,host
c82fe23b-04fe-4589-b63c-cb0d442bd5af,1d1d2ac087bf,Aryan Gulzar,speaker
c82fe23b-04fe-4589-b63c-cb0d442bd5af,a78e094f63f1,Eduardo Sanchez-Ubanell,panelist
c82fe23b-04fe-4589-b63c-cb0d442bd5af,2c96c63caa42,Fiona Turko,panelist
c82fe23b-04fe-4589-b63c-cb0d442bd5af,346bd25dc5b3,Gaurav Singh Bisen,panelist
c82fe23b-04fe-4589-b63c-cb0d442bd5af,730d5e4c9bd2,Grant Lee,speaker
c877e5ce-c791-4511-a7e3-48970ca08cde,b4eff7efc58a,Allison Baum Gates,speaker
c877e5ce-c791-4511-a7e3-48970ca08cde,4f0e637bd810,Brian Sparkes,moderator
c877e5ce-c791-4511-a7e3-48970ca08cde,0475014efee7,Eric Martin,speaker
c877e5ce-c791-4511-a7e3-48970ca08cde,7961bf4bf50a,George Portillo,speaker
c877e5ce-c791-4511-a7e3-48970ca08cde,9aae2a8ff91a,James Gee,host
c877e5ce-c791-4511-a7e3-48970ca08cde,b0ad5c40ebb4,Kevin Murphy,speaker
c877e5ce-c791-4511-a7e3-48970ca08cde,5f76e6aaab8e,Nick Velkovski,speaker
c877e5ce-c791-4511-a7e3-48970ca08cde,872dbb4c7e69,Zain A. Gulamali,speaker
c87947c0-02ad-43d1-b937-82a899393a15,07a5e90531f0,Hauna Bauna,dj / performer
c8bdd777-3c71-4de1-b990-01149aa507d5,e6dc8130c0cc,Aparna Dhinakaran,tech talk speaker
c8bdd777-3c71-4de1-b990-01149aa507d5,aa50bf3df905,Bala Sadhu,tech talk speaker
c8bdd777-3c71-4de1-b990-01149aa507d5,b4994c6390ab,Christy Bergman,host
c8bdd777-3c71-4de1-b990-01149aa507d5,1c221b2c3bb6,Hendrik Krack,named speaker
c8bdd777-3c71-4de1-b990-01149aa507d5,fd7a62431726,Srinivas Dharmasanam,tech talk speaker
c8bdd777-3c71-4de1-b990-01149aa507d5,768616eee09b,Tanya Munikoti,tech talk speaker
c8cbf943-8807-4422-a6a8-0a5782feac4f,85448ad0fc4e,Aniket Naravanekar,host
c8cbf943-8807-4422-a6a8-0a5782feac4f,18775f2db574,Ankur Tyagi,host
c8cbf943-8807-4422-a6a8-0a5782feac4f,cfe946afe672,Sahil Sorathiya,host
c91c2f81-fae6-4e04-921e-e6292d1b4894,9ff0e4f834db,Paul Barnhurst,featured workshop expert
c958b6b6-4414-4248-becf-4821d24f744b,498e091838eb,Darren Hsieh,host
c958b6b6-4414-4248-becf-4821d24f744b,da5874fc78e7,Kobina Ansah (AWS Startups),host
c97b40e6-b3dd-46d2-9ab5-45b11f657639,0273469fe171,Aaron Melgar,panelist
c97b40e6-b3dd-46d2-9ab5-45b11f657639,5ab6be821dca,Anton McGonnel,panelist
c97b40e6-b3dd-46d2-9ab5-45b11f657639,460726910bb7,Gill Verdon,panelist
c97b40e6-b3dd-46d2-9ab5-45b11f657639,97b43d3573b7,Jason Goodison,panelist
c97b40e6-b3dd-46d2-9ab5-45b11f657639,2b5cd984af5a,Jordan Roberts,moderator
c97b40e6-b3dd-46d2-9ab5-45b11f657639,fb7fd7350e06,Noa Lawrence,host
c99c0923-0a38-4fd5-b91c-7ebc1cca5775,44e9ec570e9a,Madison Brelsford,host
c99c0923-0a38-4fd5-b91c-7ebc1cca5775,7d0c8b0d9899,Marek Krizka,host
c99c0923-0a38-4fd5-b91c-7ebc1cca5775,67cf579abc1f,Petr Smid,host
c99c0923-0a38-4fd5-b91c-7ebc1cca5775,1fc579ee04fa,Vladimira Cincurova,host
c9a19ff6-a0d5-4bff-817e-91ecd549597a,beaa2808412b,Julianna Vitolo,speaker
c9a19ff6-a0d5-4bff-817e-91ecd549597a,cef60d4ba670,Luca Stirbat,speaker
c9a19ff6-a0d5-4bff-817e-91ecd549597a,96c6785eb647,Paul Borowick,speaker
c9a19ff6-a0d5-4bff-817e-91ecd549597a,6caf4d5790eb,UGLY TALK - AMY,host
c9f7ec58-e171-4c22-ad09-7f0e7e4055ce,dde2ed8d8def,Samir Patel,facilitator
ca15d44a-656d-46ed-8505-9b49c967a57e,964f18a92ca1,John Whaley,host
ca15d44a-656d-46ed-8505-9b49c967a57e,e8c115f11e10,Michael Liu,host
ca15d44a-656d-46ed-8505-9b49c967a57e,34ce85420b16,Mike Morris,host
ca2b1452-2892-4741-bb1d-5d593e85f839,8a606abeae6f,Kathy Fang,featured chef / guest
ca671818-72a3-4838-847b-2b73a63a2ab9,42d2fa364a20,Patrick Liu,host
caa57c0f-b5be-49ae-9997-db158b30a88a,c2b4f706ef14,Adriel Yong,host
caa82197-005d-4147-8805-0d1191155d29,c43403877ba9,Anoud,host
caa82197-005d-4147-8805-0d1191155d29,2d8a7e1144bb,Nupur,host
cab0bfb6-4457-4f5a-8696-b54bf7ba406b,902d0573e7f3,Brown Girls Money Moves,host
cab0bfb6-4457-4f5a-8696-b54bf7ba406b,9eb9261e3552,Deepika Bodapati,featured podcast guest
cab0bfb6-4457-4f5a-8696-b54bf7ba406b,9296fd058928,Manreet Gill,host
cab0bfb6-4457-4f5a-8696-b54bf7ba406b,98f8c53cee39,Varsha Rao,featured podcast guest
cad918d1-a331-4d00-90c5-1988ac317d7a,283c579196f4,Tiffany Yang,host
cad9c43b-0c02-4a4f-889c-c83ffe72adc0,2193951fade6,Magnus Bergman,host
cad9c43b-0c02-4a4f-889c-c83ffe72adc0,fa23a649e589,Rikard Steiber,host
cafdb1ea-f6d9-443d-aa7d-25325d58833e,683be0ce72eb,Katie Weeks,host
cb59a444-e215-489a-a226-046ab76eb26a,8431821de6ee,Richard Trinh,host
cb99c3d5-cb84-427f-ba57-982fd7f6669f,0a24da5e5325,Aaron Zhang,host
cba1903b-2d99-4a3e-b5e2-8bb67b7a5b8f,f65fe854b862,Caitlin Bigelow,host
cbb751cb-3ded-43f2-b7e9-e738e2db3a9c,7cb5a74ba5dd,Allen Smith,host
cbb751cb-3ded-43f2-b7e9-e738e2db3a9c,19a9308767e7,Monica Pool Knox,host
cbb92bb5-5db8-489c-9851-2d93f830442b,212ad9a22e53,Brian Yoo,host
cbe8e92e-25f4-4df8-a9d3-8dc26d1d9c2e,33509324c809,Mateusz Masiczak,host
cc0345c8-42b5-4f20-8034-797b7abfdad2,d1fcd2b60101,Annie Liao,host
cc0345c8-42b5-4f20-8034-797b7abfdad2,9436090da52f,Victor Li,host
cc1667e5-c6bd-4cdd-987b-4ed1cbcd7593,12a518dbe504,Arjun Bindra,host
cc785019-f906-41ce-b591-29715cff6608,7dc61ea58d0f,Chinmay Kulkarni,fireside guest
cc785019-f906-41ce-b591-29715cff6608,585ccc3609e3,Sanjay Kairam,fireside guest
ccab76c7-0dba-4288-b9f5-0269e2d62b4c,95069e8428f8,Dan Olsen,invited guest
ccab76c7-0dba-4288-b9f5-0269e2d62b4c,e482aa1ecda9,Eric Boduch,host
ccabd074-d96e-45c7-b548-b8554bcf0063,d24cefdaba60,Lacey Grutzik,host
ccbd9805-e5e1-4e27-90aa-c78e28234ca8,42bae8523c1d,Emma Yurochko,host
ccbd9805-e5e1-4e27-90aa-c78e28234ca8,fdfe90be8bad,Sally Mace,panelist
ccbd9805-e5e1-4e27-90aa-c78e28234ca8,9ae7fe4fc485,Zachary Johnson,panelist
ccbd9805-e5e1-4e27-90aa-c78e28234ca8,0f1f4cd9ed3b,Zane Veater,moderator
ccdbe8f6-2e67-490a-a54e-0029cfa31aa4,32598852ef66,Rachel Creates,host
cd3de917-79a0-48b3-bd1b-19ebc3d5ba95,32ec09b950ad,Ben (Enmin) Zhou,co-founder guest
cd3de917-79a0-48b3-bd1b-19ebc3d5ba95,8bfbdcd6a9fc,Eric Holk,technical leader guest
cd3de917-79a0-48b3-bd1b-19ebc3d5ba95,c97c6137b74d,Floren Van de Velde,vc guest
cd3de917-79a0-48b3-bd1b-19ebc3d5ba95,a53381a5035d,Javier Garza,technical leader guest
cd3de917-79a0-48b3-bd1b-19ebc3d5ba95,5189af77424a,Julia Z.,investor guest
cd3de917-79a0-48b3-bd1b-19ebc3d5ba95,b01fe4cb2083,Pop Pop Tech,host
cd838c1f-f568-4044-9e90-f664999b8c18,649778230883,Lara Bandeira,host
cd838c1f-f568-4044-9e90-f664999b8c18,0a3edec55fc5,Matt Gore,speaker
cd838c1f-f568-4044-9e90-f664999b8c18,7e909c704c0d,Tony Yang,host
cdfd45e8-7c28-4907-9132-b5b4d16e6243,474ed78014fb,Inés Illarramendi,host
ce0a9dbc-7615-44ba-966b-d3578ec1dfd7,e0b1c3fd942b,Miela Mayer,host
ce0a9dbc-7615-44ba-966b-d3578ec1dfd7,9e1b5865ac7b,Nancy Pfund,speaker
ce0a9dbc-7615-44ba-966b-d3578ec1dfd7,9618dc76b663,Ramez Naam,speaker
ce0a9dbc-7615-44ba-966b-d3578ec1dfd7,7918dcd4ece9,Shaun Abrahamson,host
ce0a9dbc-7615-44ba-966b-d3578ec1dfd7,86ba4d5bef4d,Stonly Baptiste Blue,host
ce331aa7-0dd3-4ca1-a474-44d9f6b285f7,5df31b9713a1,Joan DeGennaro,host
ce331aa7-0dd3-4ca1-a474-44d9f6b285f7,5aaaed13d47f,Samira Behrouzan,host
ce55419a-acd1-4427-a668-e1d592780d3c,7164e88c3c86,Antonio Borja,host
ce55419a-acd1-4427-a668-e1d592780d3c,28e7a1d41c0c,Mia Guo,host
ce55419a-acd1-4427-a668-e1d592780d3c,1820e74b6086,Mike Jin,host
ce57fb9a-8785-408c-b016-307c272e6e6e,fecb5a6836ec,MacKenzie Fisher,host
ced31e63-a756-4a5f-8b94-421938775ed0,31d779172104,David Goodwine,featured speaker
ced31e63-a756-4a5f-8b94-421938775ed0,9a707cb08808,Uli K. Chettipally,host
cf3ddd00-a5ef-4749-90b1-b81cca2129ce,d506c68ecc8c,Doug Mandell,panelist
cf3ddd00-a5ef-4749-90b1-b81cca2129ce,ff94c2e29f6a,John Pennett,moderator
cf3ddd00-a5ef-4749-90b1-b81cca2129ce,884518779db8,Matthew Gallatin,panelist
cf3ddd00-a5ef-4749-90b1-b81cca2129ce,92893460b833,Ray Berg,panelist
cf3ddd00-a5ef-4749-90b1-b81cca2129ce,edfb85b91618,Simon Gleeson,panelist
cf6cef28-9b6f-49d3-a0c7-3d09cbb7296a,da86901d63f1,AJ Green,host
cf6cef28-9b6f-49d3-a0c7-3d09cbb7296a,761e2a17e22a,Ash Kumra,host
cf6cef28-9b6f-49d3-a0c7-3d09cbb7296a,25a9fd9fb4c3,Bill Raymond,host
cf6cef28-9b6f-49d3-a0c7-3d09cbb7296a,d290cdc15fb4,Chappy Asel,host
cf6cef28-9b6f-49d3-a0c7-3d09cbb7296a,f6e67e9d0da0,Dmytro Spodarets,host
cf6cef28-9b6f-49d3-a0c7-3d09cbb7296a,88f56b3dc62a,Kal Deutsch,host
cf6cef28-9b6f-49d3-a0c7-3d09cbb7296a,f01590ffab02,Mabel Chan,host
cf6cef28-9b6f-49d3-a0c7-3d09cbb7296a,22ef8d7a6df8,Michael Agustin,host
cf73188f-8014-46d2-a600-21635dd6b092,ca62b64fb43b,Donna Te,host
cf9e5609-602c-4ad2-8126-35f4ee5532e2,7eef86448b8b,Alex N,host
cfa7223d-6c14-4616-9f41-0356402f362b,d5a0df4fcdbe,Philip Zeng,host
cfa7223d-6c14-4616-9f41-0356402f362b,12d78f48fe91,Tony Xiong,host
d088c036-e9f1-4032-bd44-882525fb17d3,e956da3f3f83,Connie Hui,host
d0b280aa-c423-477b-9e97-be5bc2a7df0d,f6b868003054,Matt Stafford,host
d0c54b5a-d645-431b-b905-4586bdbc030a,ca62b64fb43b,Donna Te,host
d0c54b5a-d645-431b-b905-4586bdbc030a,87e05c645946,Tim He,host
d0c5ef11-ac14-43a5-baaf-f481f812a9f7,b9b14c712b15,Carmen Li,moderator
d0c5ef11-ac14-43a5-baaf-f481f812a9f7,73075d10c81b,Daniel Svonava,speaker
d0c5ef11-ac14-43a5-baaf-f481f812a9f7,d9faa59caf5d,Dmytro Lokshyn,host
d0c5ef11-ac14-43a5-baaf-f481f812a9f7,99694ae41e01,Radhika Malik,speaker
d0c5ef11-ac14-43a5-baaf-f481f812a9f7,6fadda237c28,Waleed Atallah,speaker
d198db1b-cb33-4002-851a-f16bc5067428,68a1bd6d3fbb,Utsav,host
d1b1e178-7556-468f-b1c9-26d8adeaddac,57ee885690f4,Autumn Moss Peñaloza,host
d1b1e178-7556-468f-b1c9-26d8adeaddac,1d6925324862,Rachel Sunderland,host
d1b1e178-7556-468f-b1c9-26d8adeaddac,1ba2140d71a3,Sophia Zhao,host
d1b1e178-7556-468f-b1c9-26d8adeaddac,c62a10181f25,Travis McKenzie,host
d1b1e178-7556-468f-b1c9-26d8adeaddac,2890bc563599,Tyler Cortland,host
d20a9385-0eb9-4afb-8d1e-1d58b05ea021,95069e8428f8,Dan Olsen,speaker
d20a9385-0eb9-4afb-8d1e-1d58b05ea021,e482aa1ecda9,Eric Boduch,speaker
d234e0de-a248-45dd-bd8d-339354f8ac92,48cab07356a2,Cody Lin,host
d234e0de-a248-45dd-bd8d-339354f8ac92,2c9b728807f0,Ellen Dahlfors,host
d234e0de-a248-45dd-bd8d-339354f8ac92,5d9266e4944b,Felix Garcia,host
d234e0de-a248-45dd-bd8d-339354f8ac92,03e682dcd81d,Johanna Eklund,host
d234e0de-a248-45dd-bd8d-339354f8ac92,43bbc773b7a9,Malin Samuelsson,host
d258780c-40c5-426d-8eba-a7f2f40dbff6,e8e8067c1cdf,Olivia Leavengood,host
d27c2bb9-16ab-4811-9d80-2a35394572fd,e342f3e8b2fa,Cherae Robinson,host
d27c2bb9-16ab-4811-9d80-2a35394572fd,67d0bfccdd1d,Claire Xie,host
d27c2bb9-16ab-4811-9d80-2a35394572fd,731925c5fafd,Jessica Buss,host
d27d92f5-d81b-463e-a0a9-a011a81b40fe,5635770cbfe8,Alisha Outridge,host
d27d92f5-d81b-463e-a0a9-a011a81b40fe,0804946a9126,Natalie Pan,host
d27d92f5-d81b-463e-a0a9-a011a81b40fe,d68cc1490a54,Shircara Stewart,host
d281fd99-64e7-4b2d-b2e0-506af17a1e3c,3c2f2fe78026,Jordynn Johnson,host
d281fd99-64e7-4b2d-b2e0-506af17a1e3c,be0711453a01,Madeleine Futterman,host
d281fd99-64e7-4b2d-b2e0-506af17a1e3c,c14dd7cbab41,Paola Villanueva,host
d2c8899e-a59b-46f2-b835-260f48761fcf,d8355cd6e7ef,Antonia Elisa Soler Blasco,host
d2c8899e-a59b-46f2-b835-260f48761fcf,4dc6ed30ab63,Daniel Stein,host
d2c8899e-a59b-46f2-b835-260f48761fcf,94c0def9657e,Diana Kay,host
d2c8899e-a59b-46f2-b835-260f48761fcf,f8194c4bf71f,Phoebe Zhang,host
d2c8899e-a59b-46f2-b835-260f48761fcf,c18376eed8d3,Varad Mohod,host
d2e01b18-b360-4349-809e-59646b4b2f13,8703bcc2a0c1,Charlie Stephens,host
d2e01b18-b360-4349-809e-59646b4b2f13,5df16ef37fa8,Jeni Bartiromo,host
d2e01b18-b360-4349-809e-59646b4b2f13,7857bcfad396,Jonathan Hung,host
d2e74a41-bf90-4c62-8b0f-f74da40512de,5739e6a8091d,Anna Hong,host
d2e74a41-bf90-4c62-8b0f-f74da40512de,ee553975de53,Lenka Huang,host
d2e74a41-bf90-4c62-8b0f-f74da40512de,34fbc2e6e653,Mariane Bekker,host
d3035dfb-7d45-4034-971a-69eb71880b23,09bcf8a46d81,Elena Itskovich,host
d3035dfb-7d45-4034-971a-69eb71880b23,51680d56e3ef,Samantha Rector,opening investor panelist
d3385c03-42d0-4b9f-a801-313ea854932a,647b7cbf8d6e,Daniela Rosado Delgado,host
d3385c03-42d0-4b9f-a801-313ea854932a,c189eb5c7a01,Z.Y. Terrones,host
d3485348-7a92-4406-9b03-ee8ca55d53bd,086c38311a12,Carl Fudge,pitch feedback expert
d3485348-7a92-4406-9b03-ee8ca55d53bd,96e311f1844e,Naizel Lacap,host
d3485348-7a92-4406-9b03-ee8ca55d53bd,f5cd20292354,Sam Cates,pitch feedback expert
d3485348-7a92-4406-9b03-ee8ca55d53bd,791357fa8f69,Sarah Miers,pitch feedback expert
d39ac58a-17c0-40fa-a9b2-57a8331f2ed4,3e2f5b0f9e4e,Aman Pal,host
d3b93907-49cd-4654-bdf4-690e973481fb,577777dac6dc,Radu Skutaru,host
d3e32c5c-cec4-457c-b964-fbaed3dadb29,305ddbf4aaac,Dawn Dobras,host
d3e32c5c-cec4-457c-b964-fbaed3dadb29,f3a485de4699,Maxine Minter,host
d430487e-9281-4751-a8c3-e08332633fde,829c43c5a8c3,Bernard Moon,host
d430487e-9281-4751-a8c3-e08332633fde,05a718303547,Brian Behlendorf,host
d430487e-9281-4751-a8c3-e08332633fde,dbae104a46bd,Edgar Chiu,host
d430487e-9281-4751-a8c3-e08332633fde,484e8989d127,Rob Demillo,host
d472b07e-86ef-44b1-865a-8b1e2d440d5b,88ab96ba48df,Don Butler,host
d472b07e-86ef-44b1-865a-8b1e2d440d5b,7965271ea08b,Victoria Zenteno,host
d482f8e9-4e57-4437-ae2e-5513f6ffc335,52d6e4aa52c4,Aldo Del Valle,host
d482f8e9-4e57-4437-ae2e-5513f6ffc335,44aa8cf285fc,Aldo Ricardo Rodriguez Cortes,host
d482f8e9-4e57-4437-ae2e-5513f6ffc335,f68c2a1c55e3,Maria Angela Ramirez,host
d482f8e9-4e57-4437-ae2e-5513f6ffc335,65862be99f3e,Ursula Rojas,host
d49190c3-7b25-4209-976a-fd984f96ab41,e931c04655d3,Buffy Gorrilla,featured speaker
d49190c3-7b25-4209-976a-fd984f96ab41,1f2fb16c72de,Den Jones,featured speaker
d49190c3-7b25-4209-976a-fd984f96ab41,8550aaee0310,Ennis Olson,featured speaker
d49190c3-7b25-4209-976a-fd984f96ab41,b17ac4c7073d,Steve W,host
d49bb010-b202-4264-81e8-6e0bab63530b,63f08b82fbb6,Johnny Ho,fireside speaker
d49bb010-b202-4264-81e8-6e0bab63530b,3af4421d09f8,Jordan Ellis,fireside speaker
d49bb010-b202-4264-81e8-6e0bab63530b,51856ddba27c,Raman Malik,fireside speaker
d49bb010-b202-4264-81e8-6e0bab63530b,ce4bac000737,Sophia Feng,fireside speaker
d4d3a22b-36d3-4808-874e-65498bf84454,6eba8e4e8a59,Adya Mishra,host
d5075b70-f416-4d56-a57a-a993c8ebfa71,a7473e39b3d4,Dan Setterby,tour guide
d5075b70-f416-4d56-a57a-a993c8ebfa71,c22d4c47fd67,Diana Joseph,host
d5075b70-f416-4d56-a57a-a993c8ebfa71,9c759d1d42cc,Johnathan Cromwell,sponsor
d50db0ce-3431-4fbb-a31a-be272a0f5d12,0fd3fb2a12ea,Evin Baysal,host
d50db0ce-3431-4fbb-a31a-be272a0f5d12,9f2e455702ee,Ingrid Hammer,host
d52041c1-b3b9-4071-8963-47ffe182f643,e02b7e89ea01,Arzish Azam,host
d52041c1-b3b9-4071-8963-47ffe182f643,5c7e0eac12f1,Hafsa Tahir,host
d52041c1-b3b9-4071-8963-47ffe182f643,4e0a2fd186fd,Mehroz Azam,host
d52041c1-b3b9-4071-8963-47ffe182f643,4d4bc49c5e83,Mo Salah,host
d5871cbb-a264-4cb4-ba27-42609f4ceba4,37c3f6c67667,Chuka Esiobu,host
d5871cbb-a264-4cb4-ba27-42609f4ceba4,49c3d42ade26,Edward Tiong,panel guest
d5871cbb-a264-4cb4-ba27-42609f4ceba4,45542e1b2108,Lauren OMahony,host
d5871cbb-a264-4cb4-ba27-42609f4ceba4,d9b2d24f979b,Nitesh Shroff,panel guest
d610ada9-6ed0-41a7-8d4b-4fcbc6eeb265,16fbf4f26a81,Anshu Agarwal,moderator
d610ada9-6ed0-41a7-8d4b-4fcbc6eeb265,ac316b51cd83,Josh Seidenfeld,panelist
d610ada9-6ed0-41a7-8d4b-4fcbc6eeb265,d8fb189b8ac6,Laurie Flanagan,panelist
d610ada9-6ed0-41a7-8d4b-4fcbc6eeb265,45552a009341,Sandra Puljic,host
d610ada9-6ed0-41a7-8d4b-4fcbc6eeb265,bb4126b76c19,Vincent Goveas,panelist
d6507920-50ac-4c65-81ce-70dab52d53bb,5aa272385f72,Hannah Reid,host
d6507920-50ac-4c65-81ce-70dab52d53bb,d97addc49807,Sacha G,host
d6507920-50ac-4c65-81ce-70dab52d53bb,c24ca9355ce6,Sasha Manuilova,host
d65834ac-0c56-4895-ba28-165478884e21,b7aa95f1e48a,A Song,host
d65834ac-0c56-4895-ba28-165478884e21,15a23ae9af73,Andrew Sparks,host
d65834ac-0c56-4895-ba28-165478884e21,7d74566eb276,Brian McPeake,host
d65834ac-0c56-4895-ba28-165478884e21,32f085643109,Michelle Simbajon,host
d67d7e88-6cf0-4031-9827-dca64735a312,426de253e27a,Johnny Hung,host
d6d2288e-e702-4400-a0ef-d4c9a5d77273,b51d93a485fb,Brooke Furst,host
d6d2288e-e702-4400-a0ef-d4c9a5d77273,a1c6bca7feaf,Pete Mathias,host
d7251c14-c443-41b2-a03d-d7a0a9c5d3b9,6afc6b0dc1ec,Michael Dobersberger,host
d7251c14-c443-41b2-a03d-d7a0a9c5d3b9,2ef6318167dc,Open Austria,host
d7434f49-ae57-476f-83af-6151c1767fa8,0c6e1e6c822a,Devinder Sodhi,host
d7434f49-ae57-476f-83af-6151c1767fa8,ecfeee3d0363,Emily Fang,host
d7434f49-ae57-476f-83af-6151c1767fa8,371da67f456d,Jiwon Song,host
d7434f49-ae57-476f-83af-6151c1767fa8,90b1b0d3c301,Kayla Hamahashi,host
d7434f49-ae57-476f-83af-6151c1767fa8,054a22480035,Yoojeong Do,host
d7434f49-ae57-476f-83af-6151c1767fa8,a7ac7a83c8d8,Zhaozhuo Xu,host
d75cf0c9-3a73-47b9-99fd-2c6c27fa47e6,8d88f95a5566,James Leaverton,host
d7a08c18-9e5b-4533-8ef3-a0567dac7c8b,1781e7dddff6,Ali Hussain,speaker
d7a08c18-9e5b-4533-8ef3-a0567dac7c8b,8041f66853ff,Greg Capitolo,speaker
d7a08c18-9e5b-4533-8ef3-a0567dac7c8b,fc278db63444,Jesal Bhuta,speaker
d7a08c18-9e5b-4533-8ef3-a0567dac7c8b,437eca0b07a3,Kat Sands,moderator
d7a08c18-9e5b-4533-8ef3-a0567dac7c8b,d30c0cdebdd2,Mark Longiaru,speaker
d7c7a3e6-3997-45f4-b757-3b60087c07ef,482c9e08357e,Chazz Clevinger,speaker
d7c7a3e6-3997-45f4-b757-3b60087c07ef,931cf8bfe5fd,Christopher Hooton,speaker
d7c7a3e6-3997-45f4-b757-3b60087c07ef,61c952bf5977,Erin Knese,speaker
d7c7a3e6-3997-45f4-b757-3b60087c07ef,50ad9636c0d4,Martijn Lancee,speaker
d7c7a3e6-3997-45f4-b757-3b60087c07ef,6ae2167bbec8,Ryan Ramirez,host
d7c7a3e6-3997-45f4-b757-3b60087c07ef,94b2dade0873,The Future of Tech,host
d7ff2245-f917-4e8a-9026-c1b6efabcaec,044e0287d502,Farouk Ramzan,host
d7ff2245-f917-4e8a-9026-c1b6efabcaec,7d0e82b30619,Kathy Wang,host
d83cd1d8-3cb6-4896-a8ae-27b99536e21f,d8330993c52d,Tacos & Trends,host
d86b8a13-d49c-4e07-9993-70f734fb29f0,8f1744d9af72,Anthony Waller,panelist
d86b8a13-d49c-4e07-9993-70f734fb29f0,9a78cd7289fa,Ashish Manchanda,panelist
d86b8a13-d49c-4e07-9993-70f734fb29f0,9437876a8358,Rob Mihalko,host
d86b8a13-d49c-4e07-9993-70f734fb29f0,2b8106f91c48,Simran Handa - Dots (YC S21),host
d86b8a13-d49c-4e07-9993-70f734fb29f0,4ac4647688e6,Venkatesh Ragala,panelist
d8739005-3eac-4f33-84b0-1eb1a4265e1e,ca129996e960,Adam Cai,host
d8739005-3eac-4f33-84b0-1eb1a4265e1e,0a3d2cf8a69f,Stella Zhang,host
d8b5f207-3093-4229-bf55-d6ccf8c979a1,dafbc85096db,Amy Crook,host
d8b85fe8-fa05-412e-89d7-6a43e2107ad2,d4778a849206,Łukasz Jaźwa,speaker
d8b85fe8-fa05-412e-89d7-6a43e2107ad2,33509324c809,Mateusz Masiczak,host
d92d7934-5079-4b60-92b4-ecaf20e04da4,bc517d4592ee,Alison Taylor,host
d92d7934-5079-4b60-92b4-ecaf20e04da4,c12128432e70,Anna Kranzthor,host
d92d7934-5079-4b60-92b4-ecaf20e04da4,d0d68db7f04e,Cassie Pallesen,host
d92d7934-5079-4b60-92b4-ecaf20e04da4,a4bf39ee7f2a,Nicholas Bennett,host
d92d7934-5079-4b60-92b4-ecaf20e04da4,bb85b9c038f3,Tom Victory,host
d9e7cb96-f52e-48b3-9465-61e1338a2e22,30750cfc111c,Guillermo Iraola,host
da41d4c4-5b94-4f78-aab3-cff59948f430,acdea91c7031,Julie Chen,host
db0ae95b-01d5-464e-ae83-00ec2df5bb47,d351f739c4a7,Dan Gallagher,host
db0ae95b-01d5-464e-ae83-00ec2df5bb47,f917041c1273,Logan Burchett,speaker and live teardown presenter
db0ae95b-01d5-464e-ae83-00ec2df5bb47,5e12b35b0633,Mitch Webb,host
db0ae95b-01d5-464e-ae83-00ec2df5bb47,db1fdc01ad6c,Ryan Nash,speaker
db0ae95b-01d5-464e-ae83-00ec2df5bb47,48c10139f27f,Steven Plappert,speaker and live teardown presenter
db2b22ae-41af-4711-a376-c05b68211167,4fd453a818af,Agostina Albamonte,host
db2b22ae-41af-4711-a376-c05b68211167,fe593ff284e0,Agustin Gimenez,host
db2b22ae-41af-4711-a376-c05b68211167,570bd324b30b,Alejandro Manzanares,host
db2b22ae-41af-4711-a376-c05b68211167,fde7c117d773,Alejandro Oxenford,opening remarks speaker
db2b22ae-41af-4711-a376-c05b68211167,8ac359513706,Arturo Litvin,speaker
db2b22ae-41af-4711-a376-c05b68211167,fa9608463707,Camila Luis,host
db2b22ae-41af-4711-a376-c05b68211167,3bd878f228e6,Carlos Paladino,host
db2b22ae-41af-4711-a376-c05b68211167,248446c39f06,Cesar D’Nofrio,speaker
db2b22ae-41af-4711-a376-c05b68211167,58929d5a29aa,Eduardo Bardelli,host
db2b22ae-41af-4711-a376-c05b68211167,440c8afeac6d,Esteban Gorupicz,host
db2b22ae-41af-4711-a376-c05b68211167,434aef8974f0,Guillermo Repizo,host
db2b22ae-41af-4711-a376-c05b68211167,ad07a05d4ef4,Ignacio De Marco,speaker
db2b22ae-41af-4711-a376-c05b68211167,97b697ca98c1,Jed Kaufman,host
db2b22ae-41af-4711-a376-c05b68211167,f0f82fea3a83,Juliana Caccavo,speaker
db2b22ae-41af-4711-a376-c05b68211167,3723496af38b,Miguel Galuccio,fireside chat guest
db2b22ae-41af-4711-a376-c05b68211167,ddeea3346251,Patricio Prini,speaker
db2b22ae-41af-4711-a376-c05b68211167,059a801ccad1,Rochi Cairo Presepi,host
db2b22ae-41af-4711-a376-c05b68211167,16facb3a94dc,Rocio Cairo Presepi,host
db5ba5ac-90bd-44d0-b983-fbf1e94e2c65,fe16fa6ec7a9,David Sheen,host
db5ba5ac-90bd-44d0-b983-fbf1e94e2c65,962a3084eaf7,Farouk Ramzan,host
db5ba5ac-90bd-44d0-b983-fbf1e94e2c65,ce7fd461d384,Kathy Wang,host
db5ba5ac-90bd-44d0-b983-fbf1e94e2c65,fa709343c7c4,Sarina (Pilot),host
db5ba5ac-90bd-44d0-b983-fbf1e94e2c65,b0b431bb0fcc,Weida,speaker
db6bb540-bea3-495f-9eb7-fb1e7503d997,ac1619c1f186,Sarah Smith,host
db966769-5fa5-42af-8455-f333d29d2fb6,746e3e90104a,Dylan K,host
db966769-5fa5-42af-8455-f333d29d2fb6,a5119feec6b2,Harry Chow,host
db966769-5fa5-42af-8455-f333d29d2fb6,85575c542c75,Jaegyu Lee,host
db966769-5fa5-42af-8455-f333d29d2fb6,1096e8d6ffb1,Sungmin Kim,host
dba3ab3b-05fb-4e36-848e-5df81f4e7d02,61047df95c20,Aleksandra Bury,host
dbbb14b6-e17a-40de-8626-b2c33fa8d60d,9dffcd1dc6b0,Andrew Smith,host
dbbb14b6-e17a-40de-8626-b2c33fa8d60d,e4de0129e44c,Arun Pandiyan Perumal,panelist
dbbb14b6-e17a-40de-8626-b2c33fa8d60d,424697628410,Chetan Jannu,panelist
dbbb14b6-e17a-40de-8626-b2c33fa8d60d,19315089c8e2,Lee Tschetter,panelist
dbbb14b6-e17a-40de-8626-b2c33fa8d60d,d4021cb13d04,Phani Harish Wajjala,panelist
dbbb14b6-e17a-40de-8626-b2c33fa8d60d,98c6dcdaac72,Saurabh Yergattikar,panelist
dbbb14b6-e17a-40de-8626-b2c33fa8d60d,ba123e47412f,Usha Ratnam,panelist
dc772c8c-4207-4523-97db-85b9f0ccce9f,a858c249376a,Sheldon Bishop,host
dc8bb363-61f5-4d10-af17-df6e317f0c2f,e1be5f130528,Michael Walker,host
dcef983e-6b2b-4aaa-89a6-10fef91d1db8,7d0f65239238,Ambry Mehr,speaker
dcef983e-6b2b-4aaa-89a6-10fef91d1db8,b4e5166159db,Avivi W,host
dcef983e-6b2b-4aaa-89a6-10fef91d1db8,a7bbdc6d29c6,Chinat Yu,host
dcef983e-6b2b-4aaa-89a6-10fef91d1db8,7541c730cff6,Elise Pham,panelist
dcef983e-6b2b-4aaa-89a6-10fef91d1db8,770d39b268de,Isael Silva,speaker
dcef983e-6b2b-4aaa-89a6-10fef91d1db8,d3afcfa6cac1,JR Garage,speaker
dcef983e-6b2b-4aaa-89a6-10fef91d1db8,c7bad30df548,Julius Ritter,host
dcef983e-6b2b-4aaa-89a6-10fef91d1db8,fc71edd56737,Nila Makhfi,speaker
dcef983e-6b2b-4aaa-89a6-10fef91d1db8,fbf8b5610d65,Pear Chotbunwong,speaker
dcf5676d-7860-4c11-8b66-afbc03bfc5f4,9c04d92db68c,Mark van Ryswyk,profiled session guest
dcf5676d-7860-4c11-8b66-afbc03bfc5f4,6ed49d5840e1,Milana Ostroy,named speaker
dd1ad3b0-a419-4619-a8d1-8fec7c117a56,da400a92dea3,Sonnet Xu,host
ddc4a3be-ad54-4373-9b25-f76957576149,3788e320112f,David Zaritzky Brown,speaker
ddc4a3be-ad54-4373-9b25-f76957576149,421d5f32f93a,Ryan P. Kelly,speaker
ddc52424-dfe9-49eb-a164-fd09bb073338,ddad80b1dfcf,Cicada Agility,host
ddc52424-dfe9-49eb-a164-fd09bb073338,59877675d619,Julia Kaissling,host
ddde887b-c698-4715-8e17-cb0586a84570,6f429d5f25de,Andrew D'Souza,speaker
ddde887b-c698-4715-8e17-cb0586a84570,621966a7f1a6,Avlok Kohli,speaker
de33638a-5d06-4420-9e06-f79958e31368,25a9fd9fb4c3,Bill Raymond,workshop instructor
de33638a-5d06-4420-9e06-f79958e31368,05625cbe2bb4,Jeff Eyet,host
de33638a-5d06-4420-9e06-f79958e31368,255cb7eeb0ec,Kate Huezo,host
de33638a-5d06-4420-9e06-f79958e31368,d8060a9bf81d,My Luu,guest speaker
de8749dd-504b-4732-9a43-ab705830ef22,caf6cfc08947,José Alvarez,host
de8749dd-504b-4732-9a43-ab705830ef22,4f0d0c201d35,Mauricio Bayas,special guest
de8b6e1e-56f4-45f3-9188-99edfa4906ea,9248efff664a,Amelia Wong,host
de93dbc4-7e9b-4e09-878f-aa12a3df7358,b8c53a986158,Anu Bhat,host
de93dbc4-7e9b-4e09-878f-aa12a3df7358,854c81d44f99,Fiona Bao,host
dea594bd-19e1-4d98-a821-f310bec4dcb2,af7f3d8b3faf,Aaron Wang,host
dea594bd-19e1-4d98-a821-f310bec4dcb2,ccc57dcb7473,Conor,dj performer
dea594bd-19e1-4d98-a821-f310bec4dcb2,8ba5bf1856b3,Jay Ma,host
dea594bd-19e1-4d98-a821-f310bec4dcb2,806669d2a0f6,Kelly An,host
dea594bd-19e1-4d98-a821-f310bec4dcb2,f7b2ec3ba76a,Ruolin(Lyn) Zhang,host
dea594bd-19e1-4d98-a821-f310bec4dcb2,84ad0aa2b8fe,Sahar Mor,host
dea594bd-19e1-4d98-a821-f310bec4dcb2,6b7273724b3f,Yichi Zhang,host
dea594bd-19e1-4d98-a821-f310bec4dcb2,f140484bf21b,Yiling Zhou,host
deaafd35-e433-449b-ad4b-b00dd804c5f3,df759e76406e,Mohamed Soliman,host
df0be355-4893-432f-9a22-b242ff6f930a,1c25dfc6ddbd,Anastasia Crew,host
df2ae945-452c-4a68-b324-374fc3cc4bf3,1bbedee2b3cc,Navneet Sankarambadi,host
df396b06-679d-4f61-9588-72b3868f7458,3e72dfe85981,Mo Zia,speaker
df396b06-679d-4f61-9588-72b3868f7458,450bc29cc245,Rahul Rao,speaker
dfb0b32b-bd0b-4c6b-b153-660d3ad4d13d,d31fb8ee6f05,Koki Xu,host
dfc3e181-afeb-4805-82c0-5291496ce4c8,174241187127,Asya Bradley,speaker
dfc3e181-afeb-4805-82c0-5291496ce4c8,fc18ea499479,Auburn Stevens,speaker
dfc3e181-afeb-4805-82c0-5291496ce4c8,d9e62fae8054,Dave Garland,speaker
dfc3e181-afeb-4805-82c0-5291496ce4c8,d59ee442e9ed,Gavin Rowe,speaker
dfc3e181-afeb-4805-82c0-5291496ce4c8,d0e463f5573a,Marian Bacol,speaker
dfc52c14-600b-465e-a4d1-f2d2f43979fe,96e24e0f62f6,Bohan Sun,host
dfc52c14-600b-465e-a4d1-f2d2f43979fe,e42dca56ff9b,Dao Zhou,host
dfcad384-02ec-4440-af22-7371299866ee,19ff632a46cc,Caitlin Stuewe,host
dfcad384-02ec-4440-af22-7371299866ee,d1f1285f878e,Greta Ernst,host
dfcad384-02ec-4440-af22-7371299866ee,6cb02bfe6359,Shir Chorev,host
e0152352-0f0b-41f4-bfff-c57a6ba2388c,ba54ff4fbd14,Dr. Marie-Ange Eyoum Tagne,featured guest
e088f1e5-33c0-433e-9dea-8089bb3f49e5,6c9153ba3747,Clara Shapero,host
e088f1e5-33c0-433e-9dea-8089bb3f49e5,bc8d7e60d2ca,Quili Pena,host
e09ebe7c-d31b-4398-8b30-afeb0751ee3c,6f4f04df5134,Draper Dragon,host
e09ebe7c-d31b-4398-8b30-afeb0751ee3c,0eaef5951d03,Jenn Augustyn,host
e09ebe7c-d31b-4398-8b30-afeb0751ee3c,5012559e6a51,Tank Chen,host
e0f141e1-bfb6-401e-8141-347851f298bd,c9520957af4f,Owens Olena,host
e0f141e1-bfb6-401e-8141-347851f298bd,e6c958017d61,Ruslana Deykun,host
e150326f-a317-4467-a8fe-0b9b94479064,2250b14115a4,Jonathan Padilla,host
e180aa3c-8dbd-48b5-a69a-a9b5aed2419f,a163abbc3d5e,Ja'Shon Wright,"speaker/co-presenter, co-leads workshop"
e180aa3c-8dbd-48b5-a69a-a9b5aed2419f,b41ea5142bdb,Karan Pandey,speaker/co-presenter of build story
e180aa3c-8dbd-48b5-a69a-a9b5aed2419f,5b0896f1716f,Mickey McManus,host
e196d7c8-7132-4da5-9c32-4f3504bf4bbf,df30940b3a9b,Aman Pal,host
e1e66bc4-fd5c-4859-a1ed-484cd142a9fc,8b9837a374f6,Alan Watters,speaker
e1e66bc4-fd5c-4859-a1ed-484cd142a9fc,8b57892c458f,Sid Kasbekar,speaker
e201a7bc-10d2-46b3-be8d-a892debe937b,835ef096e6d2,Cristina Soltesz,host
e2041e31-8de3-4943-b73f-e2b9dc705daf,570bd324b30b,Alejandro Manzanares,host
e2041e31-8de3-4943-b73f-e2b9dc705daf,9ef3867979e7,Ashraf Hebela,speaker
e2041e31-8de3-4943-b73f-e2b9dc705daf,8403ef94fb06,Barry O’Brien,speaker
e2041e31-8de3-4943-b73f-e2b9dc705daf,cf1030f06f78,Courtney Karnes,speaker
e2041e31-8de3-4943-b73f-e2b9dc705daf,97b697ca98c1,Jed Kaufman,host
e2041e31-8de3-4943-b73f-e2b9dc705daf,90508dbdde0e,Joe Kauffman,speaker
e2041e31-8de3-4943-b73f-e2b9dc705daf,3724abff00fe,John China,speaker
e2041e31-8de3-4943-b73f-e2b9dc705daf,cda6ba97c126,Madalyn Woronoff,host
e2041e31-8de3-4943-b73f-e2b9dc705daf,be0711453a01,Madeleine Futterman,host
e2041e31-8de3-4943-b73f-e2b9dc705daf,806ff67bca74,Mitch Zuklie,speaker
e23307fd-b66f-4dcb-abd1-d9542ccc4107,2193951fade6,Magnus Bergman,host
e23307fd-b66f-4dcb-abd1-d9542ccc4107,fa23a649e589,Rikard Steiber,host
e24f7d3b-5bd7-42c2-8f53-a7476c56b9a3,16af41bf671c,Ellisha Blechynden,host
e24f7d3b-5bd7-42c2-8f53-a7476c56b9a3,be1f2214af42,Maeve McManamon,host
e288ceff-64e9-4a25-8b1f-26effa47024f,d53e573bd378,Consulate General of Switzerland,host
e288ceff-64e9-4a25-8b1f-26effa47024f,9cfabed24507,Jonas Brunschwig,conversation guest
e288ceff-64e9-4a25-8b1f-26effa47024f,c13114108b17,Nicole Ozer,speaker
e2ad51e6-05a3-4396-b893-4bb4e48cefa4,a0472177be7c,Alice Wang,featured example speaker
e2ad51e6-05a3-4396-b893-4bb4e48cefa4,7592db953040,Hannah Leeb,featured example speaker
e2ad51e6-05a3-4396-b893-4bb4e48cefa4,5966feb52b3b,Hebberly Ahatlan,host
e2ad51e6-05a3-4396-b893-4bb4e48cefa4,09dcd32d7532,Katie Lan,featured example speaker
e2ad51e6-05a3-4396-b893-4bb4e48cefa4,ec9fee0697d3,Maria Sebares Jimanez-Blanco,featured founder example
e2ad51e6-05a3-4396-b893-4bb4e48cefa4,ba2cbd7eae4d,Roy Medina,featured example speaker
e2ad51e6-05a3-4396-b893-4bb4e48cefa4,03ff0e2507f4,Sanjeev Bhasker,moderator
e2f37889-5984-4423-9b10-c609c4931e6e,b88bfcb13176,Yusuf Ansari,host
e3b44d90-27a7-4362-9b07-6389c8af23f1,7cb5a74ba5dd,Allen Smith,host
e3d0c97a-8719-490f-89f1-2d488c769878,2fa5dfc85ab4,Alex Ren,host
e3d0c97a-8719-490f-89f1-2d488c769878,c87f4501c1be,Arhaan Goyal,host
e3d0c97a-8719-490f-89f1-2d488c769878,2d2966fe4d02,Derek Carver,host
e3d0c97a-8719-490f-89f1-2d488c769878,9bccba71950a,Jackson Lehner,host
e3d0c97a-8719-490f-89f1-2d488c769878,fc6ed2ebccf5,Kiran Pabla,host
e3d0c97a-8719-490f-89f1-2d488c769878,9ebff5a00e90,Mo Islam,speaker
e3d0c97a-8719-490f-89f1-2d488c769878,dead4696654d,Naomie Chien,host
e3d0c97a-8719-490f-89f1-2d488c769878,34ecac46d9d4,Shruti Merchant,speaker
e3d0c97a-8719-490f-89f1-2d488c769878,c6de5ba29f09,Troy Kanji,speaker
e4ce035e-8433-4792-b73c-4a3c99635ca2,c1f86a0575a6,David Luzquinos-Keep,host
e4ce035e-8433-4792-b73c-4a3c99635ca2,531f8e050254,Mun-Wai Chung,host
e531b87e-8236-4925-9ef4-8f7145825dcf,12343f4c9a6c,Mattie Fairchild,host
e5d0da3d-c2f9-4502-9da7-ec7d63b3ebdc,6e2524f1493e,David Brown,speaker
e5d0da3d-c2f9-4502-9da7-ec7d63b3ebdc,64edf67158f1,Fernando Pereira Filho,speaker
e5d0da3d-c2f9-4502-9da7-ec7d63b3ebdc,fe7c6420f251,Mike Morroni,speaker
e602a8ff-18ca-4071-a2b9-622c50fa3860,85448ad0fc4e,Aniket Naravanekar,host
e602a8ff-18ca-4071-a2b9-622c50fa3860,18775f2db574,Ankur Tyagi,host
e602a8ff-18ca-4071-a2b9-622c50fa3860,cfe946afe672,Sahil Sorathiya,host
e64ff1fb-297b-4356-a10c-9358ec8602fd,06a5389cca8c,Abby Morse-Golub,host
e64ff1fb-297b-4356-a10c-9358ec8602fd,8d697dd13955,Benjamin Jay Barber,host
e64ff1fb-297b-4356-a10c-9358ec8602fd,11c6a073ca5c,Vita Zamedyanskiy,host
e667a91b-f76c-455f-a60b-f4dce1f269e4,ce684f82c32b,Libby Juelsgaard,host
e66814cd-8777-438e-9eeb-d805a4df400a,3f8ac073a96e,Ahmad Muhaisen,host
e66814cd-8777-438e-9eeb-d805a4df400a,ba6c9cbe3c8e,Tristan Petit,host
e66c05be-d7e6-41fd-89d2-bb67c81eb8ed,60a4555b3f18,Michelle Choe,host
e67d5e17-9c3a-456a-a9ee-339b0815e13c,73a2edeb8c82,Andrew Woodfield,host
e67d5e17-9c3a-456a-a9ee-339b0815e13c,8223778bf423,Camilla Thompson,host
e6bc7133-2f5d-43ca-a93f-2291051367b1,b0a7914d774d,Abe Heifets,panelist
e6bc7133-2f5d-43ca-a93f-2291051367b1,33abb521b578,Ashley Zehnder,panelist
e6bc7133-2f5d-43ca-a93f-2291051367b1,9f931dc4f73f,Johnny Yu,panelist
e6bc7133-2f5d-43ca-a93f-2291051367b1,59decd1a7d50,kevin mc,host
e6bc7133-2f5d-43ca-a93f-2291051367b1,bf360a942b9c,Marius Wiggert,panelist
e6c556e9-9355-4afb-9620-e863561c29b9,c0fcdc558045,Justyna Bak,referenced author
e6c556e9-9355-4afb-9620-e863561c29b9,70ccf2b6a4ec,Simone Morellato,host
e701e7d6-4f92-44bb-bf1f-620ff6e2496e,394010135d7e,Julian Alberts,host
e7abe85c-fbe3-4c48-a6c6-ea77bd16553a,b940accd209b,Nico Kuntjoro,host
e7c4daed-eecd-4d2a-907b-a80f82724e2d,1ec5e3904092,Adriano Schneider,host
e7d88c47-685a-4035-adea-0d5f75799454,a2723772ef68,Ankita Shrivastava,panelist
e7d88c47-685a-4035-adea-0d5f75799454,35cd3929fc3f,Brian Mac Mahon,panelist
e7d88c47-685a-4035-adea-0d5f75799454,b58192b0ec6e,Elena Mialik,host
e7d88c47-685a-4035-adea-0d5f75799454,9f2fef05e7ad,Jeff Zielinski,panelist
e7d88c47-685a-4035-adea-0d5f75799454,776f25234279,Mark Smart,panelist
e7d88c47-685a-4035-adea-0d5f75799454,25e742224f3c,Richard Sheng,panelist
e7d88c47-685a-4035-adea-0d5f75799454,97f11d5ce1ce,Ujwal Chaudhari,panelist
e8197f52-dc5d-4ce1-951d-29c8c487455b,6fa853162b86,Lois Suen,host
e8197f52-dc5d-4ce1-951d-29c8c487455b,91160f7d6b2e,Winni Chen,host
e8381001-4588-4fd2-9c2d-2d09a0840fc0,e6b913c71022,Haseeb Budhani,panelist
e8381001-4588-4fd2-9c2d-2d09a0840fc0,fad19b596b1c,Kanika Atri,panelist
e8381001-4588-4fd2-9c2d-2d09a0840fc0,62e8b75e9f33,Masum Mir,panelist
e8381001-4588-4fd2-9c2d-2d09a0840fc0,43e054d00661,Ramesh Prabagaran,panelist
e8381001-4588-4fd2-9c2d-2d09a0840fc0,5d1ccc97f5d1,Sharon Zhang,session lead
e8381001-4588-4fd2-9c2d-2d09a0840fc0,784ab7daf53d,Suman Kanuganti,panel moderator
e84f134d-4202-48a8-aa96-ae58edd54e9f,f7e46ea0daa7,Sergey Dean,moderator
e8761e52-1b9e-4c19-92e7-dff46f8ba8e8,ec7daad13a27,Sam Wong,session trainer
e8a6ce99-f032-4ff9-af4c-0d0624e8f604,04edc883e2fc,Adam Dunnett,panelist
e8a6ce99-f032-4ff9-af4c-0d0624e8f604,5bb24310d8ea,Ariana Shaffer,panelist
e8a6ce99-f032-4ff9-af4c-0d0624e8f604,2c1b4c927227,Deon Nicholas,panelist
e8a6ce99-f032-4ff9-af4c-0d0624e8f604,88a4b6e161cf,Garrison Gowens,host
e8a6ce99-f032-4ff9-af4c-0d0624e8f604,b26723f10825,Julie Sedens,host
e8a6ce99-f032-4ff9-af4c-0d0624e8f604,7f18b0f38735,Liam Fairbairn,host
e8a6ce99-f032-4ff9-af4c-0d0624e8f604,c72e0181e3f8,Lindsey Mignano,host
e8a6ce99-f032-4ff9-af4c-0d0624e8f604,04861cb80289,Makell Morrill,host
e8a6ce99-f032-4ff9-af4c-0d0624e8f604,a585179f71dc,Shomik Ghosh,panelist
e90b5156-2b4e-4c38-ac65-ffb91843f89f,7cdd776523b9,Jhalak Rawat,host
e90b5156-2b4e-4c38-ac65-ffb91843f89f,f29ba7712980,Zubin Pahuja,host
e9212333-d924-460b-b878-7515b17aa382,268d2d3acc99,Erin Lashbrook,host
e9212333-d924-460b-b878-7515b17aa382,9d94752a61f4,Fernanda Baker,host
e9e054bd-eef1-482f-a47d-bb1766930118,bff042192374,Enam Hoque,host
e9e054bd-eef1-482f-a47d-bb1766930118,841710d1f63e,Erica Yvette Hollis,host
e9e054bd-eef1-482f-a47d-bb1766930118,824aabc1b8f3,Isaac Zelkha,host
ea1e38cc-1c0c-4011-bf66-0dfff3959a37,870e176a7696,Brad Holden,speaker
ea1e38cc-1c0c-4011-bf66-0dfff3959a37,d178ad4eddaf,Chandler Fang,speaker
ea1e38cc-1c0c-4011-bf66-0dfff3959a37,740f0180e089,Chris Johnson,speaker
ea1e38cc-1c0c-4011-bf66-0dfff3959a37,c3cc5a14c77b,Danny Organ,speaker
ea1e38cc-1c0c-4011-bf66-0dfff3959a37,967f9d5a8801,Edwin Rager,speaker
ea1e38cc-1c0c-4011-bf66-0dfff3959a37,bf59560f5477,Eugenia Tellechea,host
ea1e38cc-1c0c-4011-bf66-0dfff3959a37,a5a5f7a57021,Gianluca Minoprio,speaker
ea1e38cc-1c0c-4011-bf66-0dfff3959a37,edf02ef7ef63,Ian Dilick,speaker
ea1e38cc-1c0c-4011-bf66-0dfff3959a37,4900df25caec,Julian Love,speaker
ea1e38cc-1c0c-4011-bf66-0dfff3959a37,d503470587d7,Ken Priyadarshi,speaker
ea1e38cc-1c0c-4011-bf66-0dfff3959a37,8b620a060639,Kevin Jones,speaker
ea1e38cc-1c0c-4011-bf66-0dfff3959a37,6a190ef8cf81,Luka Skywalker,host
ea1e38cc-1c0c-4011-bf66-0dfff3959a37,31672a09dd0e,Mac,public named person
ea1e38cc-1c0c-4011-bf66-0dfff3959a37,4965e8b21b25,Manuel Beaudroit,speaker
ea1e38cc-1c0c-4011-bf66-0dfff3959a37,120ac8bc541f,Michael Dressler,speaker
ea1e38cc-1c0c-4011-bf66-0dfff3959a37,48f61d9a9d6e,Mickey Negus,speaker
ea1e38cc-1c0c-4011-bf66-0dfff3959a37,b40b48a189bb,Nicolás Montone,speaker
ea1e38cc-1c0c-4011-bf66-0dfff3959a37,aa39c70fb2af,Ranko Gajanovic,host
ea1e38cc-1c0c-4011-bf66-0dfff3959a37,529b10751d3f,Rishin Sharma,speaker
ea1e38cc-1c0c-4011-bf66-0dfff3959a37,233401a2b982,Sam Green,speaker
ea1e38cc-1c0c-4011-bf66-0dfff3959a37,97e66c8aa589,Sandi Fatic,speaker
ea1e38cc-1c0c-4011-bf66-0dfff3959a37,5bc8c41b95e6,Shaw Walters,speaker
ea1e38cc-1c0c-4011-bf66-0dfff3959a37,6ee9c96ecba4,UGLY TALK - AMY,host
ea5820a7-dec6-4fee-b91e-e1e59ca29079,8189ed560b01,Ed Giansante,host
ea5820a7-dec6-4fee-b91e-e1e59ca29079,92720bf2d2c7,Kira Orlick,host
ea86b1e8-09e7-4933-b123-01141cda47a2,e670e1fef0d1,Jeff Wang,panelist
ea86b1e8-09e7-4933-b123-01141cda47a2,7eb41d2a781c,Joseph Floyd,panelist
ea86b1e8-09e7-4933-b123-01141cda47a2,8eadd6de5871,Nellie - Genspark,host
ea86b1e8-09e7-4933-b123-01141cda47a2,2027f176484d,Tim Shi,panelist
ea86b1e8-09e7-4933-b123-01141cda47a2,9c9e8b2b1eb1,Wen Sang,panelist
ea9b8e40-3f0b-4f44-8305-63b0dd7adcb2,f46d5a508442,Tommy Courtney,host
eaad878b-2bdd-46ae-98f4-14b1fc3e1a50,3de161a7442d,Katie Sieker,host
eaad878b-2bdd-46ae-98f4-14b1fc3e1a50,51d87094bcf5,Melissa Lamson,host
eaad878b-2bdd-46ae-98f4-14b1fc3e1a50,aebab89e0180,Ryan Youhan,host
ead16828-30dc-4661-aa61-58c9c434e9af,36eeb9f5946d,Angelina Zhi,host
ead16828-30dc-4661-aa61-58c9c434e9af,d4a4b9873920,Aury Cifuentes,host
eb2b8427-85d3-4598-859b-87076ce34300,0b6e41520cdc,Gabriela Torres,host
eb33aa6b-ff6d-4888-bec9-7f777cfb9eec,d5040f8de8e2,Zev Newman,host
eb4f7aea-e110-4150-9dd3-018b96e4ee80,16af41bf671c,Ellisha Blechynden,host
eb4f7aea-e110-4150-9dd3-018b96e4ee80,9cc47b332fba,Seffi Kaminitz,panelist
eb4f7aea-e110-4150-9dd3-018b96e4ee80,f76507f0d632,Teresa M. L. Tate,panelist
eb58871b-9ad4-4711-bfe3-c893d511fc25,3834894278fd,Gen Yamazaki,host
eb58871b-9ad4-4711-bfe3-c893d511fc25,df79f1f9135b,Haruka Saita,host
eb58871b-9ad4-4711-bfe3-c893d511fc25,143e8b72b068,Ryota Sakoda,host
eb58871b-9ad4-4711-bfe3-c893d511fc25,df0d12269cf8,Shonosuke Egami,host
ec177d34-db07-462e-baa3-53d12e5c6baf,3767a1cd7db0,Brady Berg,speaker
ec177d34-db07-462e-baa3-53d12e5c6baf,1bd224941446,David Ryan,speaker
ec177d34-db07-462e-baa3-53d12e5c6baf,0d707b18514b,Era Anagnosti,speaker
ec177d34-db07-462e-baa3-53d12e5c6baf,ac316b51cd83,Josh Seidenfeld,speaker
ec177d34-db07-462e-baa3-53d12e5c6baf,45552a009341,Sandra Puljic,host
ec177d34-db07-462e-baa3-53d12e5c6baf,6342787868bf,Sunita Patel,speaker
ec510a01-ff2a-4e28-8492-6148235e9801,806a1ccfa3cc,Ny Batieste,host
ec575d7c-def7-490a-8c80-c3ea6261dd7e,8ba5bf1856b3,Jay Ma,host
ec575d7c-def7-490a-8c80-c3ea6261dd7e,806669d2a0f6,Kelly An,host
ec575d7c-def7-490a-8c80-c3ea6261dd7e,6b7273724b3f,Yichi Zhang,host
ec575d7c-def7-490a-8c80-c3ea6261dd7e,f140484bf21b,Yiling Zhou,host
ec6fdba3-b087-45c4-b12f-1bb736bd7ce8,31aa10496615,British Consulate-General SF,host
ec6fdba3-b087-45c4-b12f-1bb736bd7ce8,68e0642cdc09,Grainne Barron,host
ec6fdba3-b087-45c4-b12f-1bb736bd7ce8,4cf40d25c4f0,Heather Redman,panelist
ec6fdba3-b087-45c4-b12f-1bb736bd7ce8,ae139c88987d,Jason Pontin,panelist
ec6fdba3-b087-45c4-b12f-1bb736bd7ce8,52d63e372681,Peter Barrett,panelist
ec6fdba3-b087-45c4-b12f-1bb736bd7ce8,395a60e6e4f3,Scott Howard,host
ec6fdba3-b087-45c4-b12f-1bb736bd7ce8,34bbd03dd89f,Siobhan Nuseibeh,host
ec6fdba3-b087-45c4-b12f-1bb736bd7ce8,f559c4d2e375,Sir Christian Turner,speaker
ec912e73-63b2-4f5c-9c37-d5d82cb20d82,9d391f908be5,Eric Hall,host
ec912e73-63b2-4f5c-9c37-d5d82cb20d82,5d53fd3b8317,Nicolas Sawaya,host
eca8c380-bb81-4f5a-bc1a-5a2ea49f50e3,94542a352769,Mason Arditi,host
ecfcf859-a9cc-4056-8cb2-5eff78265866,090b98d57679,Jitesh Lalwani,host
ed342e1a-0ab0-4e25-9bc0-b1ef40ccca94,d1f1285f878e,Greta Ernst,public named person
ed342e1a-0ab0-4e25-9bc0-b1ef40ccca94,c13532514ca1,Shri Mithran,host
ed342e1a-0ab0-4e25-9bc0-b1ef40ccca94,464c0f677a4d,Tamilselvi Ramasamy,host
ed6a6497-dbc3-4057-8f07-76630629930a,e9a975e1e719,Carina Hong,fireside speaker
ed6a6497-dbc3-4057-8f07-76630629930a,ba1f3c09dbf1,Christopher Kennamer,host
ed6a6497-dbc3-4057-8f07-76630629930a,51b84e69945c,Oliver Basch,host
ed6a6497-dbc3-4057-8f07-76630629930a,b398a326baac,Shubho Sengupta,speaker
ed6a6497-dbc3-4057-8f07-76630629930a,1cf88bf90eaf,Yanda Erlich,speaker
edbbdba3-5c38-4878-b491-34bebad84396,cef084a67c66,Bryce Gilleland,host
edbbdba3-5c38-4878-b491-34bebad84396,7218d98c1d13,Nazzy Pakpour,host
ee99ff21-da56-40bd-837e-4ad9ce394b24,a5c3b0f76f44,Alex Konrad,host
ee99ff21-da56-40bd-837e-4ad9ce394b24,011c733d8428,Ivan Burazin,panelist
ee99ff21-da56-40bd-837e-4ad9ce394b24,de95039376e0,Michael Morgenstern,host
ee99ff21-da56-40bd-837e-4ad9ce394b24,d690ef39fec7,Nick Rudder,panelist
ee99ff21-da56-40bd-837e-4ad9ce394b24,777cf88b77da,Rahul Kumar,host
ee99ff21-da56-40bd-837e-4ad9ce394b24,b7c38c2b04e2,Sara Du,panelist
eeac8689-858a-414c-93bf-515a1b2ba02f,3c2f2fe78026,Jordynn Johnson,host
eedf0c80-605f-4c91-9eb7-bc36d3a44a3b,1a590a940010,arya ondaatje,host
eedf0c80-605f-4c91-9eb7-bc36d3a44a3b,7f7ddb6bcfd7,Betty Wu,host
eedf0c80-605f-4c91-9eb7-bc36d3a44a3b,a5f11b0ca202,Brian Douglas,host
eedf0c80-605f-4c91-9eb7-bc36d3a44a3b,f2cb736f748b,Christian Bhatia Ondaatje,host
eedf0c80-605f-4c91-9eb7-bc36d3a44a3b,f167f4b5bbdb,Dave Nielsen,host
eedf0c80-605f-4c91-9eb7-bc36d3a44a3b,e84a53ceccd7,Lily Adlin,host
eedf0c80-605f-4c91-9eb7-bc36d3a44a3b,fb889538882c,Sasivarnan KS,host
ef044e34-f669-4136-88ed-2b165ea8801f,023de687bf16,Oviya Senthil,host
ef3000cf-e880-4bcb-a35f-a8f8bef5d41f,fbe5b87bed5e,Barbara Savage,host
ef3000cf-e880-4bcb-a35f-a8f8bef5d41f,505ea0f21245,Charlie Story,host
ef3a337f-9726-495b-9010-e5747e8e8881,79423b26721d,Alfonso Oliva,keynote speaker
ef3a337f-9726-495b-9010-e5747e8e8881,9000203a62f2,Francesca Malayeri,host
ef3d5669-2f01-4809-ac3d-5dd93df5f3f7,22b8a177e741,Rob O'Gara,host
ef3d5669-2f01-4809-ac3d-5dd93df5f3f7,454b8b1eef24,Timothy Eng,host
ef72e955-e11d-4790-8b28-90d769d981b2,aa18bc4d5564,Dilan Sisu,host
ef72e955-e11d-4790-8b28-90d769d981b2,b1e179eca433,Kaan Eren,host
ef72e955-e11d-4790-8b28-90d769d981b2,e26504742953,Laura Weritz,host
ef78aff7-82a1-49a6-837f-df412b2ec6a4,7ba602329683,Angela Ferrante,speaker
ef78aff7-82a1-49a6-837f-df412b2ec6a4,b3c897151bc5,Dan Ahmadi,speaker
ef78aff7-82a1-49a6-837f-df412b2ec6a4,4e224ac2bab7,Janet Gehrmann,host
ef82ea23-ed9e-411a-a34e-07851cb6fd52,ca62b64fb43b,Donna Te,host
ef82fef4-448b-4bfa-b624-0c8411a45960,270794b0eb82,Gagandeeip Singh Randhawa,host
efb35d79-985f-470c-9726-9e064535e012,9ef9d3ffb8a4,Sonia Heller,host
f02a03b4-0f6e-43e3-a5bd-aa62f85398bd,2ccad9312fa7,Chris Marchitelli,host
f02a03b4-0f6e-43e3-a5bd-aa62f85398bd,0a3759775157,Kilian Congard,host
f04b2ba5-21bd-4cc1-a48a-c1d15e34657e,d0b55487f694,Andrew Beaumont,host
f04b2ba5-21bd-4cc1-a48a-c1d15e34657e,55902e79f209,Dr. Aadi Shah,host
f04b2ba5-21bd-4cc1-a48a-c1d15e34657e,ed44146fe367,Garima Lunawat,public named person
f051c3dc-2730-427c-b677-38e78408529a,abf50caf1e2a,Arjun Gopalratnam,panelist
f051c3dc-2730-427c-b677-38e78408529a,4c69944c5fc9,Brendan Doyle,panelist
f051c3dc-2730-427c-b677-38e78408529a,6e2a03cafb11,Lisa Ricardo,panelist
f05ed1ba-1087-4ea8-9a8d-80f442b586b8,f94a290fc22e,Anna Shimafuji,host
f05ed1ba-1087-4ea8-9a8d-80f442b586b8,9f7799431609,Fuma Hayashi,host
f05ed1ba-1087-4ea8-9a8d-80f442b586b8,6f8d17354a9b,Pam Luna Mallea,host
f070353e-4569-4cfe-a1a1-3f61f61b49a2,bfc6a04df9b4,Jennifer Zamudio,host
f070353e-4569-4cfe-a1a1-3f61f61b49a2,3c13ca6b796f,Jose Esquer-Romero,host
f070353e-4569-4cfe-a1a1-3f61f61b49a2,58de78339811,Jose Pinero,host
f070353e-4569-4cfe-a1a1-3f61f61b49a2,03ee51201a35,Tanya Menendez,host
f08c1c6c-d76f-4e41-b07a-b563a4cdfea4,6d382ccd00db,Amazasp Shaumyan,presentation speaker
f08c1c6c-d76f-4e41-b07a-b563a4cdfea4,faee2c422ca8,Julia Borghini,opening speaker
f08c1c6c-d76f-4e41-b07a-b563a4cdfea4,19f7a777e4a9,Louise VanZandt,host
f08c1c6c-d76f-4e41-b07a-b563a4cdfea4,7e94d1240375,Sagar Mehta,opening speaker
f08c1c6c-d76f-4e41-b07a-b563a4cdfea4,b1eeea7db1be,Sarah Fleming,presentation speaker
f08c1c6c-d76f-4e41-b07a-b563a4cdfea4,ba08d2e7cbca,Shayani Roy,opening speaker
f0c41431-6dad-476e-8d8b-dc70e9977579,12343f4c9a6c,Mattie Fairchild,host
f0c41431-6dad-476e-8d8b-dc70e9977579,36a2c3aae71c,Vasyl Dub,host
f115e482-0500-4f60-9ef4-560e4d642bb5,f2112f8c7bac,Danielle Irvin,host
f115e482-0500-4f60-9ef4-560e4d642bb5,7840953440f5,Katie & Ryan,host
f120974f-3990-416f-b3f3-c2ed3b39ef0f,f7f8cdaaa4bc,Gunreet Bal,host
f1435541-678a-4cec-9f5a-3e5ab7c1fd15,e7d982844d34,Alex Starr,host
f1435541-678a-4cec-9f5a-3e5ab7c1fd15,aaa658739cee,Austin Hughes,panelist
f1435541-678a-4cec-9f5a-3e5ab7c1fd15,e5e7175cdadd,Benjamin Douablin,panelist
f1435541-678a-4cec-9f5a-3e5ab7c1fd15,aa752ebf68de,Brian Weinberger,panelist
f1435541-678a-4cec-9f5a-3e5ab7c1fd15,5d305a2113fc,Frederic Mathieu,host
f1435541-678a-4cec-9f5a-3e5ab7c1fd15,55f1041063d4,Jonathan Festejo,moderator
f1435541-678a-4cec-9f5a-3e5ab7c1fd15,42f6906320d6,Josh Norris,moderator
f1435541-678a-4cec-9f5a-3e5ab7c1fd15,2dcf76006261,Lielani Rich,host
f1435541-678a-4cec-9f5a-3e5ab7c1fd15,8961e0f852c7,Sunny Chauhan,host
f1c22f93-1ad0-4359-bf37-092476c8e566,6383abb02165,Chris (Xiaochen) Liu,panelist
f1c22f93-1ad0-4359-bf37-092476c8e566,bc6fbc808389,Crane Huang,panel 1 moderator
f1c22f93-1ad0-4359-bf37-092476c8e566,c7705ac5a94e,Duanni Hurd,short talk speaker
f1c22f93-1ad0-4359-bf37-092476c8e566,1a0abd495827,Ehsan Adeli,panel 1 panelist
f1c22f93-1ad0-4359-bf37-092476c8e566,52df89338e44,Jingwen Xiang,panel 1 panelist
f1c22f93-1ad0-4359-bf37-092476c8e566,202c93c16c14,Kate Xing,host
f1c22f93-1ad0-4359-bf37-092476c8e566,3d2bc97a6df9,Michelle Baldonado,panel 2 panelist
f1c22f93-1ad0-4359-bf37-092476c8e566,fa373dcd69c1,Paula Wolfson,short talk speaker
f1c22f93-1ad0-4359-bf37-092476c8e566,28dbde863c42,Tian Lan,panel 1 panelist
f1c22f93-1ad0-4359-bf37-092476c8e566,8ee5c69cae4f,Tom Wang,panel 2 panelist
f1c22f93-1ad0-4359-bf37-092476c8e566,6706173736d7,Xiaojing Xing,host
f1c22f93-1ad0-4359-bf37-092476c8e566,a3eb73e9ad68,Ziv Lautman,panel 1 panelist
f1cf5347-d710-4ff5-bd96-9fc4a873262c,e73a5e8b5593,Amanda Wolthuizen,panelist
f1cf5347-d710-4ff5-bd96-9fc4a873262c,41d3d1b47b5a,Andrew Tibbitts,moderator
f1cf5347-d710-4ff5-bd96-9fc4a873262c,174241187127,Asya Bradley,moderator
f1cf5347-d710-4ff5-bd96-9fc4a873262c,d900af00e326,Borja Palma Huarte,host
f1cf5347-d710-4ff5-bd96-9fc4a873262c,91eb1a487889,Brennan O’Donnell,speaker
f1cf5347-d710-4ff5-bd96-9fc4a873262c,98ed24fc5310,Elodie Anderson,host
f1cf5347-d710-4ff5-bd96-9fc4a873262c,139ac07c4275,Jamie Campion,host
f1cf5347-d710-4ff5-bd96-9fc4a873262c,39c2fb50aade,Justin Yeh,panelist
f1cf5347-d710-4ff5-bd96-9fc4a873262c,6a3f0753aa46,Matt Hammel,speaker
f1cf5347-d710-4ff5-bd96-9fc4a873262c,be78fa599adc,Matt Holt,panelist
f1cf5347-d710-4ff5-bd96-9fc4a873262c,ea22b9eaf0e5,Michael Clark,panelist
f1cf5347-d710-4ff5-bd96-9fc4a873262c,ced3467e5004,Penelope Harwood,host
f1cf5347-d710-4ff5-bd96-9fc4a873262c,bbdb784d5c69,Priya Guha,panelist
f1cf5347-d710-4ff5-bd96-9fc4a873262c,890738372a79,Rob Ferguson,panelist
f1cf5347-d710-4ff5-bd96-9fc4a873262c,50b3d621764b,Serena Dayal,moderator
f1e8c7e7-17ca-46df-a1bd-a5d4dd51d109,649d5bf58c7e,Elvina Beck,host
f20b27c4-a44c-480f-a678-2df8dad6cbd7,10666cb4c10e,Grzegorz Król,host
f20b27c4-a44c-480f-a678-2df8dad6cbd7,d90c4a5abdbd,Monika,host
f20b27c4-a44c-480f-a678-2df8dad6cbd7,8c43ac5683b2,Peter Ratcliffe,host
f20b27c4-a44c-480f-a678-2df8dad6cbd7,f546153f8790,Tom Orzechowski,host
f20b27c4-a44c-480f-a678-2df8dad6cbd7,33bbb5d6575b,Weronika Wiernicka,host
f20d4064-92a6-463a-9a92-412b868ae024,119d03b12c9e,Nick Weeks,host
f287651e-b96a-4845-94fa-f80a7932d122,082b656b1027,Adam O'Donnell,host
f287651e-b96a-4845-94fa-f80a7932d122,112b02569682,Andrew Yu,buyer
f287651e-b96a-4845-94fa-f80a7932d122,d875082728a3,Calah Vargas,host
f287651e-b96a-4845-94fa-f80a7932d122,b7c730acf674,DJ Sampath,buyer
f287651e-b96a-4845-94fa-f80a7932d122,75e7c341457f,Javier Lopez,buyer
f287651e-b96a-4845-94fa-f80a7932d122,64ddb4b5be1d,Manoj Pahuja,buyer
f287651e-b96a-4845-94fa-f80a7932d122,a612a1977483,Shreya,host
f287651e-b96a-4845-94fa-f80a7932d122,a4de3d8e145a,Sridhar Katere,buyer
f2887df8-e5ec-45f1-aba1-b948d540cc12,bd2ff3b0a799,Sike Li,host
f29f7a35-02ec-46dc-bd74-25057fee4209,f32691a7b037,Ankur Sethi,host
f2c49b98-2d6a-4b2e-aad8-67e9f7aabb00,63012b6d0ab3,Adam Probst,host
f2c49b98-2d6a-4b2e-aad8-67e9f7aabb00,c36a260167aa,Hamza Tahir,featured participant
f2ccc4f1-f878-469a-9954-03ea3edfc884,c8ed3a70d13d,Cem Ucan,host
f2ce2f67-1555-4ebc-a2a8-f464348b3941,7c5b5f3018fb,Jasmeet Kaur,host
f2ce2f67-1555-4ebc-a2a8-f464348b3941,9cf037fd42f0,Panchali Saha,host
f3001112-0930-4a97-800d-41ca0b9b8d1b,b0cb65ec1c50,Akio Kurata,host
f32cce14-c9b7-49d2-849d-d14ac13ec8a2,be0711453a01,Madeleine Futterman,host
f337c937-312f-4ff4-9ef9-e89cb1adfafe,296fb8dc185c,Krystal Briggs,host
f337c937-312f-4ff4-9ef9-e89cb1adfafe,5e9d2f86bf78,Mihir Mehta,host
f37935b8-3f85-4cf7-8392-8484324dbb33,81603287674f,Tobi Waldhecker,host
f3d7c105-a779-4f42-9ce1-03725948d51d,1c6b9c5f3b21,Mel Foody,host
f3d7c105-a779-4f42-9ce1-03725948d51d,98073cbd80f7,Noa Davidson,host
f3d7c105-a779-4f42-9ce1-03725948d51d,423887a8dd79,Peter Griggs,workshop facilitator
f3e5f8be-31d0-4999-9654-bd7d6bf132c4,ee4233dd75ac,Angelina Li,host
f3e5f8be-31d0-4999-9654-bd7d6bf132c4,8189e2f07aad,Lomit Patel,host
f4033bae-56fa-426f-b864-e3e1a1b67835,89d4c2eea734,Connie Yao,panel speaker
f4033bae-56fa-426f-b864-e3e1a1b67835,af605ad3fb79,Fiona Turko,panel speaker
f4033bae-56fa-426f-b864-e3e1a1b67835,8e0294fbfc82,Jen Phan,moderator / panelist
f4033bae-56fa-426f-b864-e3e1a1b67835,a5d64f24b24f,Katherine Gilligan,panel speaker
f4033bae-56fa-426f-b864-e3e1a1b67835,077ffaaad1b4,McCall Turner,host
f4033bae-56fa-426f-b864-e3e1a1b67835,1a759da72056,Tala Awwad,panel speaker
f4612d15-fd32-44b3-aad6-b80c5194be03,2f95b6abd146,Achintya Gupta,panelist
f4612d15-fd32-44b3-aad6-b80c5194be03,5a5423e77723,Anand Krishna,host
f4612d15-fd32-44b3-aad6-b80c5194be03,00705b719135,Sudarshan Kamath,panelist
f4c86366-d388-4fa2-9fda-159cef5bc385,2ec5ffb996d5,Preethy Padmanabhan,host
f4cf4c48-4ea4-4754-bb3e-46a7c6373d8c,4376d9b13f7c,Asako Hayase,host
f524e371-1996-42c0-b308-42df47286bec,a11bdfd2c4fa,Ariel (Xingxin) Liu,host
f524e371-1996-42c0-b308-42df47286bec,c355e3b53bf3,Connie Chan,guest speaker
f524e371-1996-42c0-b308-42df47286bec,97643e51d4c4,Leo Liu,host
f524e371-1996-42c0-b308-42df47286bec,8acdb9f84830,Sandy Diao,guest speaker
f54d763d-dc22-41d1-b879-739d0ccca1e6,1078bd1a2c28,D. E. Shaw Research,host
f59bbc45-f7fd-43c7-ba4b-f350b224498b,9dac86a11dc7,Elaine Hladik,host
f59bbc45-f7fd-43c7-ba4b-f350b224498b,2648d32c5b80,Mike Mahlkow,host
f61177e0-279c-41e5-9105-0743257fadfd,ae95f76547d8,Emil Ares,panelist
f61177e0-279c-41e5-9105-0743257fadfd,132b9910784a,Ilya Tabakh,panelist
f61177e0-279c-41e5-9105-0743257fadfd,53ad819c7e7e,Kevin Chen,panelist
f61177e0-279c-41e5-9105-0743257fadfd,d21edfc74730,Kushal Dagli,panelist
f61177e0-279c-41e5-9105-0743257fadfd,d2dcd2138f30,Pranathi Gompa,host
f61177e0-279c-41e5-9105-0743257fadfd,c18376eed8d3,Varad Mohod,host
f61177e0-279c-41e5-9105-0743257fadfd,5fa9facbaec1,Vivin Hegde,host
f61177e0-279c-41e5-9105-0743257fadfd,09b38f80dc70,Yan Yan,panelist
f61177e0-279c-41e5-9105-0743257fadfd,7dddbf3c2d7c,Zaid Kahn,panelist
f640c09e-68cc-4afc-81a6-a4433c662765,630cc67e20f1,Monica Pasternak,speaker
f640c09e-68cc-4afc-81a6-a4433c662765,9bce36794d76,Spring Fertility,host
f65e5b18-8189-4ab3-80d2-cd6f85faa725,8ba9dbcb97e1,Thomas Boni,host
f6d1068c-42c0-4a87-9ef7-a193662904f9,6fb6666b1992,David Belden,moderator
f6d29159-ded6-4e9c-afc6-985d28c0ddfa,e7c92f4760bb,Sahar Haidari,host
f76a857a-f8ba-4ea1-97d5-b3028c2b8e04,b9fef6f1c137,Aleksandr Martirosyan,host
f788596d-7b82-4225-97e6-112843f3b410,a233b53ddbb3,Ang Li,speaker
f78aa2ba-d835-4526-8635-b27a9a6ddee8,4f220f18955c,Paulina Xu,host
f78aa2ba-d835-4526-8635-b27a9a6ddee8,2a94d1e08e56,Yvonne,host
f8086312-08ea-448c-beb2-2846d29d4f49,22403b576794,Brad Dressler,host
f8086312-08ea-448c-beb2-2846d29d4f49,c603073b3122,Chris Luquetta-Fish,host
f8086312-08ea-448c-beb2-2846d29d4f49,4785a3c0551b,Elsa Touche,live pitch roaster
f8086312-08ea-448c-beb2-2846d29d4f49,0137417b223b,Kate Meacham,judge
f8086312-08ea-448c-beb2-2846d29d4f49,2eeeb9816171,Skye King,host
f8086312-08ea-448c-beb2-2846d29d4f49,1eccc5424fc1,Stefan Arteaga,judge
f80d7fc5-3487-4db6-b8b0-a413b9095506,2be76bf0b80a,Charles Elkan,panelist
f80d7fc5-3487-4db6-b8b0-a413b9095506,aceaeec609a8,Cliff Crosland,speaker
f80d7fc5-3487-4db6-b8b0-a413b9095506,67827e9e500d,Hanrui Wang,speaker
f80d7fc5-3487-4db6-b8b0-a413b9095506,5d3101c66c53,Hao Zhong,speaker
f80d7fc5-3487-4db6-b8b0-a413b9095506,6e52a2ea4769,Helen Li,speaker
f80d7fc5-3487-4db6-b8b0-a413b9095506,8e0b773c1fbc,Jacques-A. Gerber,panelist
f80d7fc5-3487-4db6-b8b0-a413b9095506,3617f29ab2be,Jun Li,host
f80d7fc5-3487-4db6-b8b0-a413b9095506,ce6d684f07f1,June Yang,speaker
f80d7fc5-3487-4db6-b8b0-a413b9095506,ee25df2d37d4,Leo Ma,panelist/speaker
f80d7fc5-3487-4db6-b8b0-a413b9095506,219beeed7ed2,Matthew Guthaus,speaker
f80d7fc5-3487-4db6-b8b0-a413b9095506,466e58136d1c,Salman A. Avestimehr,panelist
f80d7fc5-3487-4db6-b8b0-a413b9095506,a5e72ac43bc3,Sarah Pu,host
f80d7fc5-3487-4db6-b8b0-a413b9095506,ff0046363b24,Tae Myung Huh,panelist/speaker
f80d7fc5-3487-4db6-b8b0-a413b9095506,6a831cbac78f,Vinesh Sukumar,panelist/speaker
f80d7fc5-3487-4db6-b8b0-a413b9095506,966d189578c9,Wei Xu,panelist/speaker
f80d7fc5-3487-4db6-b8b0-a413b9095506,0dedd1a11d02,"Xiaoliang ""David"" Wei",panelist
f80d7fc5-3487-4db6-b8b0-a413b9095506,278b58ee3a69,Xu Zou,speaker
f80d7fc5-3487-4db6-b8b0-a413b9095506,88acd0b26967,Yi Zhang,host
f842d35b-b9d9-4db5-b719-9de1c016e545,40ae0eb8500c,Ali Partovi,host
f842d35b-b9d9-4db5-b719-9de1c016e545,d07b17d91710,Andrew Sun,host
f842d35b-b9d9-4db5-b719-9de1c016e545,ce1ee46ca75c,Barak Gila,host
f842d35b-b9d9-4db5-b719-9de1c016e545,ea71b07523cd,Claire Shorall,host
f842d35b-b9d9-4db5-b719-9de1c016e545,38c548a82a84,Kayla Huang,host
f85a2009-8d27-40a6-817d-cde1fd97f986,0a24da5e5325,Aaron Zhang,host
f8762930-3491-46da-b741-87746663e107,1ba0373e1f6f,Sacha Ledan,host
f8762930-3491-46da-b741-87746663e107,36a2c3aae71c,Vasyl Dub,host
f885f489-b957-4ae5-b242-788438c01eb2,746e3e90104a,Dylan K,host
f885f489-b957-4ae5-b242-788438c01eb2,85575c542c75,Jaegyu Lee,host
f885f489-b957-4ae5-b242-788438c01eb2,acdea91c7031,Julie Chen,host
f885f489-b957-4ae5-b242-788438c01eb2,1096e8d6ffb1,Sungmin Kim,host
f8ab3e8b-1084-42ea-82cf-94ca54bf263d,2f8c81e90f08,Colton Kaplan,host
f8e2d326-2d04-496d-8818-52a01ba8b16d,3923d74dd7ac,Daniel Merege,host
f8e2d326-2d04-496d-8818-52a01ba8b16d,cde1e6536340,Earl Valencia,host
f8e2d326-2d04-496d-8818-52a01ba8b16d,4cb9839b4a5d,Gary Carrier,host
f8e2d326-2d04-496d-8818-52a01ba8b16d,6885ba906ff1,Hans Bukow,host
f8e2d326-2d04-496d-8818-52a01ba8b16d,cbb80b0d9874,Indhira Demorizi,host
f8e2d326-2d04-496d-8818-52a01ba8b16d,0dab4d2f752c,Michael Ynion,host
f8e2d326-2d04-496d-8818-52a01ba8b16d,bfe7d72595de,Rohit Maheshwari,host
f97e7313-b4ba-47b0-ab24-944cc92ac7d3,19deb502a38e,Ali Musa,host
f97e7313-b4ba-47b0-ab24-944cc92ac7d3,626cf4addf90,Brent Liang,off-record programming speaker
f97e7313-b4ba-47b0-ab24-944cc92ac7d3,0a65df8b492f,Brooke LeBlanc,off-record programming speaker
f97e7313-b4ba-47b0-ab24-944cc92ac7d3,8253a14f4db4,Claire Ryland,host
f97e7313-b4ba-47b0-ab24-944cc92ac7d3,42f4925b12f6,Danielle Lurie,off-record programming speaker
f97e7313-b4ba-47b0-ab24-944cc92ac7d3,10e3eaeda5af,Yuki Klotz-Burwell,host
f9b1d6e8-155c-47c5-a32a-db3da086cb57,0d6ee014610d,Illia Pashkov,host
f9c5d885-7f83-4a7d-b9cb-9df83f93e262,bfd823826262,Batul Joffrey,host
f9dad556-7d86-48c0-ad37-125f72014492,1bc1b883b795,Wayne Yang,host
f9fc57f2-ec0f-4428-a4fe-45af26895642,a30d1eb70d62,Lavanya Anandan,discussion participant
f9fc57f2-ec0f-4428-a4fe-45af26895642,ea4cd2d9624f,Leah Makley,discussion participant
f9fc57f2-ec0f-4428-a4fe-45af26895642,b96062f87d81,Michelle L. Collins,discussion participant
fa01a038-8349-41ee-959f-dd001386805f,0554df392751,Ian Kalin,host
fa378e29-57e0-4583-aa85-56f4e4015894,61db39e3a3dc,Chris Sev,demo presenter
fa378e29-57e0-4583-aa85-56f4e4015894,cee6e630e31e,Den Delimarsky,speaker
fa378e29-57e0-4583-aa85-56f4e4015894,ee411a054fd3,Gareth Davies,speaker
fa378e29-57e0-4583-aa85-56f4e4015894,1be498bf2dde,Paul Klein IV,speaker
fa378e29-57e0-4583-aa85-56f4e4015894,510bbadbafc5,Rita Kozlov,speaker
fa378e29-57e0-4583-aa85-56f4e4015894,e4cb38661fba,Rob Zuber,demo presenter
fa378e29-57e0-4583-aa85-56f4e4015894,5326e8666642,Shreya Gupta,speaker
fa926522-a7c1-4190-b805-7fe0a2b780ea,e28ee9137c14,Andrea Corry,host
fa926522-a7c1-4190-b805-7fe0a2b780ea,f9f102a33198,Cythika B,host
fa926522-a7c1-4190-b805-7fe0a2b780ea,66928c97dda2,Varun Turlapati,host
faae8518-e38e-4648-addf-e7bd0961ec20,7fa7bc13d4e8,Aaron Poppie,host
faae8518-e38e-4648-addf-e7bd0961ec20,e9ffdf5c5065,Alex Domecq,host
faae8518-e38e-4648-addf-e7bd0961ec20,2f9e2b09258b,Haley Lowy,host
faae8518-e38e-4648-addf-e7bd0961ec20,754bcba73dc6,Jordan Wagner,host
faf52487-c6c0-4d08-a360-e5ac48b0d7ee,9c764c4ac884,Chester Phung,host
faf52487-c6c0-4d08-a360-e5ac48b0d7ee,073f8912ba2e,Jen Wallner,host
faf52487-c6c0-4d08-a360-e5ac48b0d7ee,bffb503c1bde,John Won,host
faf52487-c6c0-4d08-a360-e5ac48b0d7ee,961f217cc458,Monalisa Chakraborty,host
fb0cd814-59ee-4047-ba2f-076e6d5fb297,fbb6501c1d02,Colin Lowenberg,host
fb0cd814-59ee-4047-ba2f-076e6d5fb297,f960311479eb,Kyle Cabigon,speaker
fb0cd814-59ee-4047-ba2f-076e6d5fb297,bf651b57341b,Liz Zhang,host
fb0cd814-59ee-4047-ba2f-076e6d5fb297,5030aa7a546d,Roan Weigert,host
fb0cd814-59ee-4047-ba2f-076e6d5fb297,8a944c0ab20e,Vasilije Markovic,"speaker — agent memory: what to persist, what to forget, and how to retrieve it"
fb39d84c-3017-46bd-8b68-a4d499b74751,b293341c1686,Bill Gross,speaker
fb39d84c-3017-46bd-8b68-a4d499b74751,412c59954e53,Caroline Bienfang,moderator
fb39d84c-3017-46bd-8b68-a4d499b74751,998dff3af146,Charlene Li,speaker
fb39d84c-3017-46bd-8b68-a4d499b74751,4a5f4f878627,Dan Costa,host
fb39d84c-3017-46bd-8b68-a4d499b74751,28a70dd3a5c2,Diego Lomanto,speaker
fb39d84c-3017-46bd-8b68-a4d499b74751,70c5eb588333,Emanuel Pleitez,speaker
fb39d84c-3017-46bd-8b68-a4d499b74751,f5f22c41ad9d,Jack Hidary,speaker
fb39d84c-3017-46bd-8b68-a4d499b74751,8dea46615c78,Jaime Teevan,speaker
fb39d84c-3017-46bd-8b68-a4d499b74751,665e3384141e,Jeff Pohlman,speaker
fb39d84c-3017-46bd-8b68-a4d499b74751,cb005bb29ef5,Jodi Halpern,speaker
fb39d84c-3017-46bd-8b68-a4d499b74751,aeb3ad57fcee,Josh Kampel,moderator
fb39d84c-3017-46bd-8b68-a4d499b74751,8c30a24641da,Ken Virgin,speaker
fb39d84c-3017-46bd-8b68-a4d499b74751,089aae4b4d97,Kimberly Lawrence,speaker
fb39d84c-3017-46bd-8b68-a4d499b74751,09f0ba6823a2,Liz Centoni,speaker
fb39d84c-3017-46bd-8b68-a4d499b74751,1faeeba179b9,Lu Zhang,speaker
fb39d84c-3017-46bd-8b68-a4d499b74751,1089a8701817,Mary Lou Jepsen,speaker
fb39d84c-3017-46bd-8b68-a4d499b74751,ba94a150a16e,Mei Lin Fung,speaker
fb39d84c-3017-46bd-8b68-a4d499b74751,29156a435d3b,Mike Schlegel,speaker
fb39d84c-3017-46bd-8b68-a4d499b74751,b8c18bb86f46,Mutale Nkonde,speaker
fb39d84c-3017-46bd-8b68-a4d499b74751,f470c3adc727,Phil Radford,speaker
fb39d84c-3017-46bd-8b68-a4d499b74751,6f1ec56db026,Rana Gujral,speaker
fb39d84c-3017-46bd-8b68-a4d499b74751,958d3b5f0581,Ryan Panchadsaram,speaker
fb39d84c-3017-46bd-8b68-a4d499b74751,f0605fa7531e,Tara Balakrishnan,speaker
fb39d84c-3017-46bd-8b68-a4d499b74751,3397c055e200,Udbhav Tiwari,speaker
fb39d84c-3017-46bd-8b68-a4d499b74751,6a831cbac78f,Vinesh Sukumar,speaker
fb39d84c-3017-46bd-8b68-a4d499b74751,7ad81ac2c7a5,Vivienne Ming,speaker
fb612116-f255-4111-b3bc-c8aceee62153,0acdeb358bce,Alena Petrova,host
fb6a5d8b-b197-4e17-b53f-c485a8ebc48d,f53b7ee3966a,Beatriz Puente,host
fb6a5d8b-b197-4e17-b53f-c485a8ebc48d,c1b9f9a31e6d,Dat (Jumpstart),host
fb6a5d8b-b197-4e17-b53f-c485a8ebc48d,c6115fc0d8cf,Enzo Cavalie,host
fb6a5d8b-b197-4e17-b53f-c485a8ebc48d,95166ecd6c96,Leticia Souza (Jumpstart),host
fb6a5d8b-b197-4e17-b53f-c485a8ebc48d,b6f0d19c2447,Luciana Lorenzi,host
fb6a5d8b-b197-4e17-b53f-c485a8ebc48d,c333dc4c50bd,Thiago Bessa,host
fb9f5940-978d-447b-ad06-956061cda708,061b4c2c52b0,Alex Pelin,host
fb9f5940-978d-447b-ad06-956061cda708,a12355c66ea9,Erad Fridman,speaker
fb9f5940-978d-447b-ad06-956061cda708,34b23534284d,Felicia Malupa,host
fb9f5940-978d-447b-ad06-956061cda708,405089d5d050,Joshua March,speaker
fb9f5940-978d-447b-ad06-956061cda708,77a5710e38f0,Lee Fan,speaker
fb9f5940-978d-447b-ad06-956061cda708,8dfe08f78932,Natasha Vernier,speaker
fb9f5940-978d-447b-ad06-956061cda708,7bd3e66be4fa,Rebecca Lynn,speaker
fb9f5940-978d-447b-ad06-956061cda708,5e4bd6e2423e,Shawn Repulles,host
fba747a7-46dd-43a3-a41c-ca34ee2b8caf,77df2daca31b,Avery Kayle,host
fba747a7-46dd-43a3-a41c-ca34ee2b8caf,2f2b73aab8b5,kosara tsoneva,host
fba747a7-46dd-43a3-a41c-ca34ee2b8caf,0c4c7a8e9ca8,Reed Smith,host
fbaa1b09-da0c-40dc-b030-f36dd19baee6,28dba0d0189e,Christin Glorioso,panelist
fbaa1b09-da0c-40dc-b030-f36dd19baee6,7f7eeecfc797,Girish Redekar,panelist
fbaa1b09-da0c-40dc-b030-f36dd19baee6,7360787b4fb0,Hannah Tono,moderator
fbaa1b09-da0c-40dc-b030-f36dd19baee6,514b650b29c4,Max Marchione,panelist
fbaa1b09-da0c-40dc-b030-f36dd19baee6,90c081f1310b,Merve Isler,host
fbaa1b09-da0c-40dc-b030-f36dd19baee6,10764c740a20,Nicole Orme,host
fbaa1b09-da0c-40dc-b030-f36dd19baee6,19d7cdf7ccbc,Ronjon Nag,host
fbb44a16-2a89-493d-8336-86abc3cdc74f,9a3b6b7b1b79,Vivian Lei,host
fbdb9624-5b6c-43a2-908f-31c3b9dab7a6,4438a129a55c,David Cushman,panelist
fbdb9624-5b6c-43a2-908f-31c3b9dab7a6,4d0bfbce4d8b,Dawn Song,panelist
fbdb9624-5b6c-43a2-908f-31c3b9dab7a6,bbeb0dbdb424,João Moura,speaker / panelist
fbdb9624-5b6c-43a2-908f-31c3b9dab7a6,0f2fdba5f4f9,Julianna Nijmeh,host
fbdb9624-5b6c-43a2-908f-31c3b9dab7a6,2791323057a8,Risto Miikkulainen,speaker / panelist
fbdd9532-a98d-436d-967d-306923146c5c,eb20dec06b6e,Cenk Bayrakdar,speaker
fbf26663-4fff-4cce-851c-f6d6ead11756,f53f4643ccd8,Hudson Cheng,host
fbf26663-4fff-4cce-851c-f6d6ead11756,a2f5184a3920,Kevin Hsieh,host
fc094227-d2c1-4534-9aa2-1c685b63be7b,d4227aefa2bc,Aviz Networks,host
fc094227-d2c1-4534-9aa2-1c685b63be7b,e900eabc2296,Chid Perumal,speaker
fc094227-d2c1-4534-9aa2-1c685b63be7b,a9ab83bc64c5,Nicole Gong,host
fc094227-d2c1-4534-9aa2-1c685b63be7b,1af82a31b9f3,Scott Sneddon,panelist
fc094227-d2c1-4534-9aa2-1c685b63be7b,8283c3b87e7a,Yijie Hong,panelist
fc4ed51f-c30b-4518-af02-82f04f96d332,8eadd6de5871,Nellie - Genspark,host
fc4ed51f-c30b-4518-af02-82f04f96d332,2974f952b4c9,Wen Sang,speaker
fc63cc44-d384-461d-9feb-2118840008ce,4344c7c23a23,George Bandarian,host
fc9dae6f-b04e-4e8c-83f0-4535c4dbc888,c4d098a7ce4c,Naveen Raju,host
fc9dae6f-b04e-4e8c-83f0-4535c4dbc888,11a05b905072,Shabnam Khan,host
fc9dae6f-b04e-4e8c-83f0-4535c4dbc888,c0b4d0d63599,Trupti Sharma,host
fc9dae6f-b04e-4e8c-83f0-4535c4dbc888,bffcfc41404f,Vaishnavi Dhotre,host
fcb5966d-45b9-47c3-96a2-f8129a4ae84c,1c25dfc6ddbd,Anastasia Crew,host
fcb5966d-45b9-47c3-96a2-f8129a4ae84c,fcbdb7e22197,George Cameron,speaker
fcb5966d-45b9-47c3-96a2-f8129a4ae84c,f0b140064935,Jane Alexander,moderator
fcb5966d-45b9-47c3-96a2-f8129a4ae84c,0f55f67fe38b,Peter Walker,speaker
fcf13500-a2ec-4911-99da-4e033ec57338,86cd49b7c9c2,Keerthi Nalabotu,host
fd077fb7-de6b-4875-a62c-3d4cd18cfe32,7d6fd6e457b9,Neda Emami,host
fd077fb7-de6b-4875-a62c-3d4cd18cfe32,9ffa678ef7e9,"Shan Potts, Esq.",guest attendee/participant
fd1bea4d-5647-4b86-ae73-af68ec90795d,bc454ad8da91,Ayush Ojha,host
fd1bea4d-5647-4b86-ae73-af68ec90795d,e6d8ca212dd8,Syrus Akbary,host
fd539f22-97c2-4884-b92e-f7d6ac0b9777,97fe8d644978,Cullen Hilkene,host
fd539f22-97c2-4884-b92e-f7d6ac0b9777,cd3a11493ca1,Divyansh Agarwal,host
fda6b0d6-73fd-4ac0-aa07-e74c13bfad04,5db3add42b13,Agija Rumpe,host
fda6b0d6-73fd-4ac0-aa07-e74c13bfad04,824d61b426ea,Dan Greenberg,host
fda6b0d6-73fd-4ac0-aa07-e74c13bfad04,012170903aba,May Win,host
fe12cc9c-d6f9-4fad-837b-8756d8d749fb,2626dd2f1e54,Oliver Spring,host
fe12cc9c-d6f9-4fad-837b-8756d8d749fb,5519e7345e96,Sita Chopra,host
fe2bb9fc-8457-4277-b288-5b7f77ecb21d,6cda9999f0ea,Alex Pentland,speaker
fe2bb9fc-8457-4277-b288-5b7f77ecb21d,0473827d6964,Jiaxin Pei,speaker
fe2bb9fc-8457-4277-b288-5b7f77ecb21d,51019ada61d4,Xiangning(Shining) Lin,host
fe324699-2bcf-4c4b-9be7-c2dd6c45a2e1,3a3b0d932b46,Shreya Nischal,host
fe34ee3c-da02-41ad-b761-3759beb3b0b1,04c0cb2918f6,Audrey Chou,presenter
fe387a9a-bc0f-4790-b496-456e25e165d4,b3c55545da48,MoFo BD,host
fe735d61-02f2-4ab8-b389-0aab14a3f99d,fbee18483da6,Elizabeth,host
fe7ee845-f81f-4343-a685-b960292202b2,2ad0d4a2142d,Alice,builder showcase presenter
fe7ee845-f81f-4343-a685-b960292202b2,f673ccc07c74,Amy Irfan,host
fe7ee845-f81f-4343-a685-b960292202b2,9f2fef05e7ad,Jeff Zielinski,showcase speaker
fe7ee845-f81f-4343-a685-b960292202b2,27e445fe4cf3,Joy Wu,builder showcase presenter
fe7ee845-f81f-4343-a685-b960292202b2,1fcbce1a80d7,Kun Yue Giam,showcase speaker
fe7ee845-f81f-4343-a685-b960292202b2,e33f13b9d7d2,Spencer,builder showcase presenter
fe7ee845-f81f-4343-a685-b960292202b2,3c5c0dcb87d4,Sumit Jagdale,showcase speaker
fe7ee845-f81f-4343-a685-b960292202b2,6ee9c96ecba4,UGLY TALK - AMY,host
ff447771-3973-48c8-97ec-1b2726ece493,176b32db56da,Eike Gerhardt,host
ff447771-3973-48c8-97ec-1b2726ece493,855a2bf01221,Jo Teichmann,host
ff447771-3973-48c8-97ec-1b2726ece493,2648d32c5b80,Mike Mahlkow,host
ff4ec730-0b03-4858-a0c9-842d96d5be8e,a0d80e8c497c,Kevin Miao,host
ff4ec730-0b03-4858-a0c9-842d96d5be8e,78f961561671,Vinitra Swamy,host
ffce7e5c-49a8-417f-bfdc-7a7ad06da8fd,47eef6d899be,Yuwei An,speaker
