id,title,headline,summary,date,start,end,area,address,host,registration,needsApproval,availability,rsvpCount,intents,topics,formats,url,peopleCount
031320ff-c3de-46cf-a814-c05212edef72,Who Benefits from AGI Abundance,Who Benefits from AGI Abundance,,2026-10-05,2026-10-05T15:00:00-07:00,2026-10-05T16:30:00-07:00,SOMA,,Savas Labs,RSVP,false,LimitedAvailability,166,build,AI; Media & entertainment,Panels & firesides; Hackathons & workshops,https://partiful.com/e/WeQaUL8rAS2vL40hisyo,3
04e13435-ee1b-47c3-8694-3ed66bf3eb0d,A Founder's Journey to Scaling the US,A Founder's Journey to Scaling the US,Join an intimate conversation with a founder who moved to the US and built their company here.,2026-10-05,2026-10-05T14:00:00-07:00,2026-10-05T17:00:00-07:00,SOMA,,Ellis Porter,Application,true,,122,raise,AI; Finance; GTM & sales,Panels & firesides,https://partiful.com/e/Db8Bxr4wHqJgcJ8kKsdB,1
07110910-0e7f-4d03-8f61-d567ceaa373f,Field Trips: Family Movie Night,Field Trips: Family Movie Night,"Bring your kids and young engineers for the launch of Gigascale's new video series, Field Trips.",2026-10-05,2026-10-05T17:30:00-07:00,2026-10-05T20:30:00-07:00,Mission,,Gigascale Capital,Application,true,,,meet,Robotics & hardware,Happy hours & drinks; Networking & mixers,https://partiful.com/e/4O5SjUTp6CmTX0yvROWV,3
07c556e4-0626-4cb0-a7a8-ebdbfa15e807,Skills That Matter,Learn the skills and workflows that make AI useful at work,AI can provide us tremendous value personally and professionally and its (current) weaknesses are largely predictable and workable with experience.,2026-10-05,2026-10-05T13:30:00-07:00,2026-10-05T14:45:00-07:00,SOMA,,Savas Labs,RSVP,false,LimitedAvailability,221,raise; build,AI; Media & entertainment; Finance,Panels & firesides; Hackathons & workshops,https://partiful.com/e/0h2120jrZ2YEQ8jVaWOZ,1
09d20088-201a-4b46-a2bf-d3870ae83edd,FARR Summit After Party,FARR Summit After Party,FARR Summit Official After-Party,2026-10-05,2026-10-05T20:00:00-07:00,2026-10-06T00:30:00-07:00,Embarcadero,,FARR Summit,Application,true,,,raise; meet; fun,AI; Finance,Happy hours & drinks; Networking & mixers,https://partiful.com/e/gp4BmjrV3OU5Cs68Yuas,5
0b0ee004-6b32-4699-8c72-aba2b9aafcb6,"LegalTech Beyond Drafting: AI, Automation & Billable Hours","LegalTech Beyond Drafting: AI, Automation & Billable Hours","AI and automation aren't abstract anymore — they're practical tools that cut repetitive work, improve margins, and change what clients expect.",2026-10-05,2026-10-05T17:30:00-07:00,,SOMA,"Antler HQ, 144 Townsend St, San Francisco, CA",Aparti AI,Application,true,,223,meet,AI; Finance,Panels & firesides,https://partiful.com/e/2K3ul39zJa30WXMmOnrg,5
0ea0e2f1-a6da-4730-9be8-7f438e269f9c,AI Karaoke with Andala Labs,AI Karaoke with Andala Labs,"Nobody knows what's coming, including the machine.",2026-10-05,2026-10-05T18:00:00-07:00,2026-10-05T21:00:00-07:00,FiDi (SF),"Financial District, San Francisco, CA",Andala Labs,Application,true,,150,meet; fun,AI; Media & entertainment,Happy hours & drinks; Networking & mixers,https://partiful.com/e/z1JWis6uN0Y11qHwlbX4,1
0eec0946-8d89-4f30-9980-5b6778c5b09c,How to Make Trust Your GTM Advantage - Keynote by Court Lorenzini,How to Make Trust Your GTM Advantage - Keynote by Court Lorenzini,AI has made it easy for any startup to produce great content and outreach.,2026-10-05,2026-10-05T15:00:00-07:00,2026-10-05T17:00:00-07:00,SOMA,"Silicon Valley Bank (SVB), 222 2nd St 17th floor, San Francisco, CA",Skillsheet,Application,true,,280,sell; meet,GTM & sales; AI,Networking & mixers; Panels & firesides,https://partiful.com/e/ERzuSBbVhQUwRSNNBS9i,3
10fd7bb3-b761-44bc-b3b6-a4e990ea6b5d,"INTELLIGENCE, Decanted. VIP Salon on AI Judgment, Trust, & Outcome Maxxing.","INTELLIGENCE, Decanted. VIP Salon on AI Judgment, Trust, & Outcome Maxxing.",An invite-only 𝗪𝗼𝗿𝗹𝗱 𝗪𝗶𝗻𝗲 𝗧𝗼𝘂𝗿 + conversations on 𝘄𝗵𝗮𝘁 𝘀𝗲𝗽𝗮𝗿𝗮𝘁𝗲𝘀 𝗔𝗜 𝘀𝗽𝗲𝗻𝗱 𝗳𝗿𝗼𝗺 𝗔𝗜 𝗥𝗢𝗜.,2026-10-05,2026-10-05T14:30:00-07:00,2026-10-05T17:30:00-07:00,Rincon Hill,,ScaleAgentic,Unknown,false,,,build; meet,AI; GTM & sales,Networking & mixers; Hackathons & workshops,https://partiful.com/e/V7Ea3RUhyfemiKsISz1y,3
11d8c75e-39aa-416a-91f4-0234c914849b,"Taiwan × Silicon Valley: Founders, Capital & the Next Wave of Innovation","Taiwan × Silicon Valley: Founders, Capital & the Next Wave of Innovation","Hosted by Startup Island TAIWAN – Silicon Valley Hub and Taiwan Global Angels, in partnership with Google Cloud, the afternoon will feature candid conversations with investors and founders, curated five-minute startup pitches, and an…",2026-10-05,2026-10-05T13:00:00-07:00,2026-10-05T17:00:00-07:00,Other,"STAK Space - Broadway, 1920 Broadway 2F, Oakland, CA","Startup Island TAIWAN -Silicon Valley Hub, Taiwan Global Angels",Application,true,,246,raise; build; meet,AI; Health & biotech,Networking & mixers; Panels & firesides; Demos & pitches,https://partiful.com/e/jvRWNlc4IBvo2E1k7Rpj,18
12921ad2-087e-4892-ac19-2fc019f376b6,Roundtable Dinner: La Mesa Dinner by pygma & La Residencia,Roundtable Dinner: La Mesa Dinner by pygma & La Residencia,An intimate dinner during SF Tech Week for the founders and investors.,2026-10-05,2026-10-05T19:00:00-07:00,,SOMA,"Montesacro SoMa, 510 Stevenson St, San Francisco, CA",Pygma,Application,true,,35,meet,AI; Finance,Dinners,https://partiful.com/e/3STTK948DXKrMIcwqqzH,0
129e91c4-ecf8-4f4f-ac75-ad9e73a478e2,International Expansion: Is Your Startup Ready to Take on the World?,International Expansion: Is Your Startup Ready to Take on the World?,• Raised funding and are ready to expand into international markets; or,2026-10-05,2026-10-05T15:00:00-07:00,,Union Square (SF),,Taylor Wessing,Application,true,,112,meet,AI,Networking & mixers; Panels & firesides,https://partiful.com/e/8AGV0ExKtLyrE3jRdyb9,0
136e2595-a176-4968-b943-00e0df2c9433,VIP Enterprise Sales Dinner,VIP Enterprise Sales Dinner,We’re pulling together an exclusive group of GTM and sales leaders from high-growth AI companies for Japanese cuisine.,2026-10-05,2026-10-05T17:30:00-07:00,2026-10-05T20:00:00-07:00,Downtown (SF),,Assenteo,Application,true,,,sell; meet,GTM & sales,Dinners; Networking & mixers,https://partiful.com/e/RS4bQVaKv02W1dlZrkAB,2
14a6b782-3385-4652-9ba8-aaad5ba9307f,Seamaphore Open House,Seamaphore Open House,"Kick-off your SF TechWeek at Seamaphore, the new maritime technology incubator, studio, and workspace located upstairs at San Francisco Boatworks.",2026-10-05,2026-10-05T17:00:00-07:00,2026-10-05T19:00:00-07:00,Mission Bay,"San Francisco Boat Works, 835 Terry A Francois Blvd Upstairs at SF Boatworks, San Francisco, CA",Seamaphore,Application,true,,182,raise; build; meet,AI; GTM & sales,Happy hours & drinks; Networking & mixers; Demos & pitches,https://partiful.com/e/X8QC9tOiYpfa0SEljfZQ,2
15a5f70b-7d48-4891-b874-7aa2d170a9b4,USER EXPERIENCE - new expressions in tech,USER EXPERIENCE - new expressions in tech,"USER EXPERIENCE is a physical gallery of new, weird, raw, and interesting ideas in tech — an experience you can walk into, see, hear, touch, and even smell.",2026-10-05,2026-10-05T12:00:00-07:00,2026-11-01T01:00:00-07:00,Union Square (SF),"236 Powell St, San Francisco, CA","USER EXPERIENCE by Material Album, presented by Forerunner Ventures",RSVP,false,,566,meet,AI; Media & entertainment,Happy hours & drinks; Networking & mixers,https://partiful.com/e/Jl7wC4UPm4fV5XZFCWA1,1
16130ed2-dd9c-4c65-859f-1021a23381ad,Shark Tank: Most “Ethical” Hackathon & Pitch Competition,Shark Tank: Most “Ethical” Hackathon & Pitch Competition,"Learn how to build quickly with AI tools, team up for a hands-on sprint, then demo your prototype and pitch it live to the room.",2026-10-05,2026-10-05T18:30:00-07:00,2026-10-05T22:00:00-07:00,Mission Bay,"Mission Bay, San Francisco, CA",IRL Fandoms,Unknown,false,,135,raise; build; meet,AI; GTM & sales; Health & biotech,Demos & pitches; Hackathons & workshops; Networking & mixers,https://partiful.com/e/hYZO0CD3vARVS1DIICdg,1
16d56763-74b6-4610-95e6-53466f9c5330,"Actually, I AM the Manager - Women Building Next Gen VC Firms","Actually, I AM the Manager - Women Building Next Gen VC Firms","ACTUALLY, I AM THE MANAGER",2026-10-05,2026-10-05T17:30:00-07:00,2026-10-05T20:30:00-07:00,Mission,,Entelechy Ventures and NDVC,Application,true,,,raise; build; meet,AI; Finance,Happy hours & drinks,https://partiful.com/e/GtjBUp6J5ejAnQuUtTPf,8
1a9c06c1-10bf-415d-9922-dea448faefa4,Why Pick the Boring,Why Pick the Boring,"The value in joining companies that take on boring, unfinished problems gets overlooked every day.",2026-10-05,2026-10-05T13:00:00-07:00,,SOMA,,Valon,Application,true,,,,AI; Finance,Panels & firesides,https://partiful.com/e/LwvlXLNAHOl7SLD8Cdph,0
1aa23671-7270-42bf-a46e-9805f14ac4c5,Vectors Capital 2026 AGM & VC Happy Hour,Vectors Capital 2026 AGM & VC Happy Hour,3:40–4:40 PM | Portfolio Company & Partner Panel Discussion + Q&A,2026-10-05,2026-10-05T15:00:00-07:00,2026-10-05T21:00:00-07:00,FiDi (SF),"9Zero Innovation Hub San Francisco, 350 California St 4th Floor, San Francisco, CA",Vectors Capital,Application,true,,194,raise; build; meet,AI,Happy hours & drinks; Hackathons & workshops,https://partiful.com/e/os0DMQtJva659hho1M2z,2
1c23a335-0897-444f-a6c2-98b6c7397695,GTM Happy Hour,GTM Happy Hour,"Enjoy drinks, food and good GTM talk with founders and operators.",2026-10-05,2026-10-05T19:00:00-07:00,2026-10-05T21:00:00-07:00,SOMA,"Silicon Valley Bank (SVB), 222 2nd St 17th floor, San Francisco, CA",Skillsheet,Application,true,,271,sell; meet,GTM & sales; AI,Happy hours & drinks; Networking & mixers,https://partiful.com/e/KrvN4oz2Ttso0xMAFpGJ,1
1cd1c3a7-1366-44e0-8241-74609099fd45,Israel × Silicon Valley Capital Mixer,Israel × Silicon Valley Capital Mixer,"A Monday-evening reception for the Israel crowd - investors who already back Israeli companies, founders mid-raise, and the angels looking for a door in.",2026-10-05,2026-10-05T18:00:00-07:00,2026-10-05T20:30:00-07:00,Civic Center,,Leverage,Application,true,,274,raise; meet,AI; Finance,Networking & mixers; Happy hours & drinks,https://partiful.com/e/wgXDHWij04IN8OwjeTeW,0
1f86742f-713e-4c18-bac1-5ad51dc4aaff,Investor Founder Mixer,Investor Founder Mixer,Monday at noon is the best hour of the whole week.,2026-10-05,2026-10-05T12:30:00-07:00,2026-10-05T14:30:00-07:00,Mission,,OnlyExit Ventures,Application,true,,472,raise; meet,AI; Finance,Networking & mixers; Coffee & breakfast,https://partiful.com/e/hTRXcs1RRUYumlOzSCGX,3
2048f56f-e51e-4053-8e73-ee32faca40da,Clementino Classic,Clementino Classic,Start SF Tech Week with a 5k instead of a meeting.,2026-10-05,2026-10-05T07:00:00-07:00,,Marina,"Palace of Fine Arts, 3301 Lyon St, San Francisco, CA 94123",Domu,RSVP,false,,100,meet,AI; Finance,Networking & mixers,https://partiful.com/e/NX9YHpmdXVpB3zb9njKD,0
21b86a7c-a26c-420c-9008-39c54c6985b4,"Spill the Tea, Not Your Energy: Council Capital x J.P. Morgan High Tea Experience","Spill the Tea, Not Your Energy: Council Capital x J.P. Morgan High Tea Experience","Hosted by Council Capital x JPMorgan, we're bringing back our beloved SF high tea - because Tech Week is a marathon, and this is your intentional start to the week.",2026-10-05,2026-10-05T15:00:00-07:00,2026-10-05T17:00:00-07:00,SOMA,,Council Capital,Application,true,,36,raise; build; meet,AI; Finance,Networking & mixers; Hackathons & workshops,https://partiful.com/e/VV94EA9El7NJQ1mC2XKx,3
21de4a77-11cc-433a-a888-a134e38bce34,"Bots, Bagels & Brews",Meet agent builders over bagels and morning coffee,"A relaxed morning with Startup Grind and Bright Data: agentic AI conversations, fresh bagels and brews. No long presentations.",2026-10-05,2026-10-05T08:00:00-07:00,2026-10-05T10:00:00-07:00,SOMA,"The Web Data Loft, 625 2nd Street, San Francisco CA 94107",Startup Grind,Unknown,false,,663,meet,AI,Coffee & breakfast; Networking & mixers,https://partiful.com/e/jE4ag5QP7d77aS5GJdcc,3
222c22ee-4b29-4a56-b86e-7002bd4edc38,Find Your Dream Team,Find Your Dream Team,"Calling technical founders, builders, operators!",2026-10-05,2026-10-05T17:00:00-07:00,2026-10-05T20:00:00-07:00,Mission Bay,,"Learning Layer, axcicapital, Workato",Application,true,,,meet,AI,Networking & mixers,https://partiful.com/e/LEvETTMfnJO8ZU0LGJhg,3
226e2a04-57ec-495b-b3e9-48187a6a4c09,Kickoff: Pitch & Connect,Kickoff: Pitch & Connect,"Kick off SF Tech Week with an engaging mid-morning session designed to fund, feature, and connect local innovators. Hosted co-jointly by the San Mateo Small Business Development Center (SBDC), the Women’s Business Center (WBC), and the Renaissance Entrepreneurship Center, SF Tech…",2026-10-05,2026-10-05T10:00:00-07:00,2026-10-05T12:00:00-07:00,SOMA,,"San Mateo SBDC, WBC, Renaissance Entrepreneurship",Unknown,false,,,raise; meet,AI; Finance,Coffee & breakfast; Networking & mixers; Panels & firesides,https://partiful.com/e/QsrvluRmWpieOP5aTU6h,0
22eb5208-ca3b-4daf-93e1-65b4689f038b,Rabbits on the Run,"Run with CodeRabbit, then have breakfast at their HQ","Join the CodeRabbit crew for a relaxed morning run through San Francisco, followed by breakfast and coffee at CodeRabbit HQ.",2026-10-05,2026-10-05T08:00:00-07:00,,Embarcadero,,CodeRabbit,Application,true,,,meet; fun,AI,Runs & walks; Coffee & breakfast; Networking & mixers,https://partiful.com/e/hsxLf30hzwudVPVg1zKa,1
25db3120-fba8-4d6e-aa02-4afd7a297933,Agent Matcha Popup,Agent Matcha Popup,Rooftop matcha break. Free if your agent orders it.,2026-10-05,2026-10-05T14:00:00-07:00,2026-10-05T17:00:00-07:00,Downtown (SF),,"Monid, Inc.",Unknown,false,,,build; meet,AI,Happy hours & drinks; Networking & mixers,https://partiful.com/e/vKgShvlUiX1IJ4s7BBb8,0
25f92110-af73-478c-b0fb-998446c1d0e5,What Founders Get Wrong (& Right) when Hiring Founding Teams,What Founders Get Wrong (& Right) when Hiring Founding Teams,"Katy Stover Fox, Founder/CEO of HigherPeople, sits down with two of Afore Capital's portfolio founders to talk the dos and don'ts of hiring your founding team: who to hire first, how to spot talent early, and what actually breaks when…",2026-10-05,2026-10-05T18:00:00-07:00,,SOMA,,"HigherPeople, Afore Capital",RSVP,false,,50,raise; hire,AI; Finance,Panels & firesides,https://partiful.com/e/vFDCHTBYOuV8PKiCtrJF,6
29f4e589-fa0c-41a2-a399-b38db8b123c0,The Oasis @ SF Tech Week - Human Flourishing,The Oasis @ SF Tech Week - Human Flourishing,Flowstate x Leave Normal Behind Present: Human Flourishing in the Age of AI,2026-10-05,2026-10-05T13:00:00-07:00,2026-10-05T17:00:00-07:00,FiDi (SF),,"Vibe Space, AI Collective, Flowstate",Application,true,,282,meet,AI,Networking & mixers; Panels & firesides,https://partiful.com/e/9BWKZ85UkgYrBT7cCdF5,11
2a140f1b-c415-429d-988e-6fa695c93e11,AI Startup Accounting & Tax: The Essentials,AI Startup Accounting & Tax: The Essentials,"Join us for drinks, appetizers, and networking as we cover the accounting and tax essentials every AI startup should know.",2026-10-05,2026-10-05T17:00:00-07:00,2026-10-05T20:00:00-07:00,Downtown (SF),"333 Bush Street, Suite 1000, San Francisco, CA 94104",Baker Tilly,Application,true,,193,meet,AI; Finance,Networking & mixers,https://partiful.com/e/ShlqgRKpuICbE4pBaCu3,2
30b39a74-0947-40a3-9199-6421a861199d,Founders Dinner on the Field with Barry Bonds,Founders Dinner on the Field with Barry Bonds,"A special dinner, on the San Francisco Giants field, with 100 fast growing global founders.",2026-10-05,2026-10-05T18:00:00-07:00,,South Beach,,Airwallex,Application,true,,105,raise; meet,AI; Finance,Dinners,https://partiful.com/e/usC0ifzXcq4ECNnurZqn,6
3155ddf9-6976-4277-9ef1-b0d5f1d5461f,GTM Panel: When and How to Expand Beyond Your Core Business,GTM Panel: When and How to Expand Beyond Your Core Business,Title: The GTM Panel: what is actually working right now,2026-10-05,,,SOMA,"Silicon Valley Bank, 222 2nd St 17th floor, San Francisco, CA",Skillsheet,Application,true,,,sell,GTM & sales; AI,Panels & firesides,https://partiful.com/e/qBF6UygsJmFejka29GBW,3
353846ba-0892-419d-96fe-757cfd42300f,Coffee Chat Silicon Valley: Faith In Business,Coffee Chat Silicon Valley: Faith In Business,"Through AB Petitions, he supports founders, researchers, and accomplished professionals pursuing O-1A and EB-1A pathways, alongside career coaching and scholarship initiatives.",2026-10-05,2026-10-05T10:00:00-07:00,,Downtown (SF),,Travelbay,Application,true,,230,raise; meet,AI; Finance; GTM & sales,Coffee & breakfast; Panels & firesides,https://partiful.com/e/pGSheYFKLjBhzasbhxbT,4
399d0570-94a9-4df8-bc2e-83c53377d9c1,Jackson Square Lunch for Early Stage Founders & Investors,Jackson Square Lunch for Early Stage Founders & Investors,"Kick off SF Tech Week with us in Jackson Square - no panels, no agenda, just good food and good people.",2026-10-05,2026-10-05T12:00:00-07:00,2026-10-05T14:00:00-07:00,Jackson Square,,Precursor Ventures,Unknown,false,,,raise; meet,AI,Coffee & breakfast; Networking & mixers,https://partiful.com/e/03LAQ7giVi9tHrbO76p7,0
39e2de15-42e7-4ac9-9662-4e21308e6c29,Funded Female Founders VII,Funded Female Founders VII,Join 200+ Founders and VCs for our 7th Funded Female Founders event and one of our biggest gatherings yet during SFTW.,2026-10-05,2026-10-05T17:00:00-07:00,,SOMA,"CBRE, 415 Mission St, Ste 4600, San Francisco, CA","Superconnected LLC, Startup Grind",RSVP,false,,203,raise; meet,AI; Finance,Networking & mixers; Panels & firesides,https://partiful.com/e/iqS40evZNpl7TAjZO5H0,10
3a3d3c40-4ad1-4af9-84f9-2b8db3e04b03,You Didn't Sign Up to Run Marketing: Why Growth-Stage GTM Stalls,You Didn't Sign Up to Run Marketing: Why Growth-Stage GTM Stalls,"You're a founder or an operator, and somewhere along the way go-to-market landed on your desk.",2026-10-05,2026-10-05T11:00:00-07:00,2026-10-05T12:30:00-07:00,Jackson Square,,Andyama Advisory,Application,true,,100,build; sell; fun,GTM & sales,Runs & walks; Hackathons & workshops,https://partiful.com/e/nlsfEobpS2ps8p5kTC7a,1
3bcb9fef-5c68-4215-8291-1e1261ee5343,"Model Training Night by Overmind, Daytona & Prima Labs","Model Training Night by Overmind, Daytona & Prima Labs","Model Training Night Hosted by Overmind, Daytona and Doubleword.",2026-10-05,2026-10-05T17:00:00-07:00,,SOMA,,"Overmind, Daytona, Doubleword",Application,true,,245,raise; build; meet,AI,Hackathons & workshops; Happy hours & drinks; Demos & pitches,https://partiful.com/e/zVfEE2R1zoj8WUlJCwqj,0
3cd7e854-d1c1-4f5f-a840-4ce189d2bf98,Bringing AI and Asset Management Intelligence to Your Home,Bringing AI and Asset Management Intelligence to Your Home,Expect a live demo - you may find yourself talking to one of his agents.,2026-10-05,2026-10-05T18:00:00-07:00,2026-10-05T20:30:00-07:00,FiDi (SF),"Financial District, San Francisco, CA","UP2HOMES Inc, Nixon Peabody",RSVP,false,,172,build; meet,AI; Finance,Networking & mixers; Panels & firesides,https://partiful.com/e/yRonmc5HVjUIFVbV7rsp,7
3d96ea7c-2ef8-4d41-a266-8090bbe7e1c1,Brain Gains Leaderboard,Brain Gains Leaderboard,,2026-10-05,2026-10-05T07:00:00-07:00,2026-10-11T23:45:00-07:00,Other,,Soma,Application,true,,,,Health & biotech,,https://partiful.com/e/JLlCFIhfl20vM03qBFNH,0
3e12c93d-58d4-49f0-9a3b-0bfbcf4d5c2c,Building a Future in the U.S.: Career and Talent Strategies of International Professionals,Building a Future in the U.S.: Career and Talent Strategies of International Professionals,"This panel brings together industry leaders, career strategists, immigration experts, and startup founders to discuss how international talent can successfully transition from education to employment, leadership, and entrepreneurship in…",2026-10-05,2026-10-05T12:00:00-07:00,,FiDi (SF),,GoElite,Application,true,,273,build; hire,AI,Panels & firesides,https://partiful.com/e/KhdbUQfxS57HkjtOVYTi,1
3e5dd632-59cd-4942-b8d8-207cbec2e6e0,"Sensors, Signals & Self: Consumer Healthtech Coffee",Compare wearables and neurotech ideas over afternoon coffee,"Join us during Tech Week for an intimate afternoon coffee break between pitch events - with founders, engineers, researchers, and builders working at the intersection of consumer healthtech, wearables, and digital well-being.",2026-10-05,2026-10-05T14:00:00-07:00,2026-10-05T16:00:00-07:00,Mission,,SensePulse,Application,true,,30,build; meet,Health & biotech; AI,Coffee & breakfast; Networking & mixers; Hackathons & workshops,https://partiful.com/e/Nuifvy0DvOtgAinX8Je7,1
3f65aa03-4a2e-4a10-9f44-e4813c6c4faf,Women in Life Sciences and Healthtech Innovation Dinner,Women in Life Sciences and Healthtech Innovation Dinner,"Join us for a private dinner during SF Tech Week, an evening of conversation and cocktails for women in life sciences and biotech.",2026-10-05,2026-10-05T18:30:00-07:00,2026-10-05T20:30:00-07:00,FiDi (SF),,Fenwick & West,Unknown,false,,,meet,Health & biotech,Dinners,https://partiful.com/e/nCAbWTnQcSsrwxF5cLvB,0
4215fdab-7888-4aac-a08d-f3427e65ec4b,Zero Day: Physical AI + Security — Seed Pitch & Live Demo,Pitch physical AI and security demos to seed investors for live feedback,"Bring a 1-pager and a live demo, deliver a 3-minute pitch, and get real feedback from seed investors who've actually written checks — a rare shot to put yourself in front of the room.",2026-10-05,2026-10-05T12:00:00-07:00,2026-10-05T15:30:00-07:00,SOMA,"DG717 Digital Garage, 717 Market St, San Francisco, CA","Digital Garage, Inc.",Application,true,,,raise; build; meet,AI; Robotics & hardware; Finance,Demos & pitches; Networking & mixers; Panels & firesides,https://partiful.com/e/V3dzumUhXBJNj8b9rAdS,5
4310866b-3340-4391-bde8-579d6d5851d8,OpsStars,OpsStars,"OpsStars is the go-to event for RevOps leaders, GTM strategists, and revenue operators looking to lead the next era of go-to-market.",2026-10-05,2026-10-05T08:00:00-07:00,2026-10-05T18:30:00-07:00,SOMA,,LeanData,Unknown,false,,,build; meet,AI,Networking & mixers; Panels & firesides; Hackathons & workshops,https://partiful.com/e/cspE0KnHogGaE73OQmXm,1
444952bf-6888-4798-a4a4-18e9c1c8cd90,Airwallex Agentic Banking Hackathon Kickoff,Airwallex Agentic Banking Hackathon Kickoff,"Drinks, builders, and the official kickoff of Airwallex's Agentic Banking Hackathon — a global challenge to build AI agents that do real finance work: reconciliation, treasury, collections, payouts, spend policy, and close.",2026-10-05,2026-10-05T16:30:00-07:00,,Downtown (SF),,Airwallex,Application,true,,,build; meet,AI; Finance,Hackathons & workshops; Happy hours & drinks,https://partiful.com/e/1JAefpTDOKW7UwVwH6gT,2
451288e5-c281-4864-9216-9a411f3548de,"Shaping What’s Next with Techstars, Zendesk & DigitalOcean","Shaping What’s Next with Techstars, Zendesk & DigitalOcean","Join Techstars, Zendesk, and DigitalOcean for a conversation with founders and C-suite leaders on how to stay ahead, make smart decisions in a rapidly changing landscape, and build companies that stand out.",2026-10-05,2026-10-05T10:00:00-07:00,2026-10-05T14:00:00-07:00,SOMA,,"Techstars, DigitalOcean, Zendesk",Application,true,,511,meet,AI,Coffee & breakfast; Panels & firesides,https://partiful.com/e/2kPuURvKMjzx8ceGHlRi,4
454d0a7c-cf8e-49bd-babc-e64d6abb7183,Matched by Verci,Matched by Verci,"Tech Week is packed with people you should meet, you just don't know who yet.",2026-10-05,2026-10-05T09:00:00-07:00,2026-10-11T22:00:00-07:00,Other,,Verci,Application,true,,,meet,,Networking & mixers,https://partiful.com/e/IeGRDuCnW5WwoyPxRD0b,0
4621c5ca-2c22-4cc4-953e-d929433f5dfa,Faith at Work: Kickoff,Faith at Work: Kickoff,"Kick off SF Tech Week with coffee, community, and connection.",2026-10-05,2026-10-05T09:00:00-07:00,2026-10-05T10:30:00-07:00,FiDi (SF),"Spaces - coworking on Mission and 3rd, 95 3rd St Floor 2, FL 2, San Francisco, CA",Christians*inTech,RSVP,false,,321,raise; meet,AI; Finance,Networking & mixers,https://partiful.com/e/iwnE9UFKDwgHapwcnxoY,2
47ecf74f-29dc-4934-88c9-0303b8e467fc,Agents in Production: Shared Memory,See how production AI agents keep shared memory accurate,"Talks, live demos and Q&A with SurrealDB and Mastra. Doors at 5 PM; talks at 6:10; networking at 7:30. Physical government photo ID required; 18+.",2026-10-05,2026-10-05T17:00:00-07:00,2026-10-05T20:30:00-07:00,FiDi (SF),"AWS Builder Loft, 525 Market St, FL 2, San Francisco, CA",SurrealDB,Application,true,,395,build; meet,AI,Panels & firesides; Hackathons & workshops,https://partiful.com/e/bEUTsPYnYrF7jjMTz6OI,4
491fd7fb-c105-4e4b-a061-9b581998c531,Deciphering Medvi's playbook for Telehealth & D2C marketers,Deciphering Medvi's playbook for Telehealth & D2C marketers,"We are reading the public record: the New York Times profile of Medvi (Apr 2, 2026), the numbers the Times said it reviewed ($401M in sales in 2025, two FTEs, tracking $1.8B in 2026), and his own line.",2026-10-05,2026-10-05T18:00:00-07:00,,SOMA,"SOMA, San Francisco, CA",marketingloops.ai,Application,true,,25,meet,AI; Health & biotech,Dinners; Networking & mixers; Panels & firesides,https://partiful.com/e/AJ27yQKyj7CknpGf24NH,1
495129aa-f1b7-4cf0-b9ae-87efedd289ae,"AI Infra Seller Meetup #7, Tech Week Edition","AI Infra Seller Meetup #7, Tech Week Edition",​Calling all AI Infra Sellers!,2026-10-05,2026-10-05T17:30:00-07:00,2026-10-05T19:30:00-07:00,FiDi (SF),,"Informal, 3 sellers from different compute companies",Unknown,false,,,build; meet,AI,Happy hours & drinks; Networking & mixers,https://partiful.com/e/Ct3Oth7PxTKFI9Ki10pA,1
4982a276-5f6c-4662-8eac-04de3ab0a759,The Human Edge: Tech & Human Flourishing,The Human Edge: Tech & Human Flourishing,🤝 8:00–8:30 PM | Closing & Networking (30 min),2026-10-05,2026-10-05T09:30:00-07:00,2026-10-05T11:30:00-07:00,Golden Gate Park,"Fog City Community Fitness, 1649 Valencia St, San Francisco, CA",Life Stages,RSVP,false,,,meet,AI,,https://partiful.com/e/6puyOQVr7wvxWpk0bmzH,1
4a137ad1-f3bb-4977-b7b6-b2a0b2beeca0,B2B Founders Sail in the Bay ⛵,B2B Founders Sail in the Bay ⛵,An evening sail on the San Francisco Bay with B2B founders and the VCs who back them.,2026-10-05,2026-10-05T17:00:00-07:00,2026-10-05T19:00:00-07:00,Fisherman's Wharf,"Pier 39, Pier 39, San Francisco, CA","BDev Ventures, Western Alliance Bank",Application,true,,166,raise,AI; Finance,,https://partiful.com/e/52nXqs0XpYqaRrCQB2PN,0
4aa6cc54-6cc7-44a0-9e66-d156be184d7a,Polish SF Pitch Event and Networking,"Watch Polish startups pitch, then meet founders over food and drinks",Join us to hear to exciting Polish startups pitch to our expert investor panel.,2026-10-05,2026-10-05T18:00:00-07:00,2026-10-05T21:00:00-07:00,Lower Nob Hill,"The Royale, 800 Post St, San Francisco, CA",Granite Landings LLC,RSVP,false,,,raise; build; meet,Finance,Demos & pitches; Networking & mixers,https://partiful.com/e/ljAvTcrR7LGlI9lyGzvT,1
4c1bd8b7-a53a-4006-a4a1-bfe02270a680,South Asian Mixer,South Asian Mixer,Description Join us for an evening connecting the South Asian tech community during SF Tech Week.,2026-10-05,2026-10-05T18:00:00-07:00,2026-10-05T20:30:00-07:00,SOMA,,"Open Atlas, americansouthasiannetwork",Application,true,,,meet,AI,Networking & mixers,https://partiful.com/e/wFFAWBKVG9g3t630CgNu,0
4fefb62c-4136-45f4-85e9-886839240205,[Codex Community Meetup] Frontier Models in Production,[Codex Community Meetup] Frontier Models in Production,"Expect a fast-moving conversation grounded in what people are actually building, followed by live demos from early-stage teams.",2026-10-05,2026-10-05T16:30:00-07:00,2026-10-05T19:30:00-07:00,FiDi (SF),"350 Mission St, Salesforce East, 350 Mission St, San Francisco, CA",UpScaleX,Application,true,,262,build; meet,AI,Networking & mixers; Panels & firesides,https://partiful.com/e/sq3MzCjrL97nPOt414vk,10
5038b325-a2f0-450b-82b5-ff33238e3a4e,Inception Co-Founder Matching Day,Inception Co-Founder Matching Day,As a reminder - this is a closed event and is invite only.,2026-10-05,2026-10-05T09:00:00-07:00,2026-10-05T19:00:00-07:00,SOMA,,Inception Studio,Application,true,,,raise; build; hire; meet,AI,Networking & mixers; Demos & pitches,https://partiful.com/e/S2thVuEiWZ1Kx7MLDjTX,3
504235ce-7b66-407a-b1f1-b4012214802f,Architects of the Next Era: AI Founder Dinner,Architects of the Next Era: AI Founder Dinner,"Join Arizona Commerce Authority and KPMG for an exclusive dinner during SF Tech Week, bringing together founders, AI leaders, investors, and executives shaping the future of artificial intelligence.",2026-10-05,2026-10-05T18:00:00-07:00,2026-10-05T20:00:00-07:00,NOPA,,"Arizona Commerce Authority, KPMG",Application,true,,20,meet,AI,Dinners,https://partiful.com/e/NIB4W0l0snifxDI3pqKk,2
541721ed-d87b-4c7e-b9e2-500e1d10f244,Get Matched to Your Most Meaningful Connections at,Get Matched to Your Most Meaningful Connections at,"🎟️ Tech Week has 1,700+ events. You can’t be everywhere—and you don’t need to be.",2026-10-05,2026-10-05T08:00:00-07:00,2026-10-11T23:45:00-07:00,Virtual (SF),,articuler.ai,Unknown,false,,,meet,AI; GTM & sales,Networking & mixers,https://partiful.com/e/X4F6V8ixqGAiBMQomc92,0
552d31a1-6dff-4d7d-ac1a-155d6356c9de,NEXT.BIO 2026 - The AI x BIO Dev Summit -#StartUp Battlefield,NEXT.BIO 2026 - The AI x BIO Dev Summit -#StartUp Battlefield,"NEXT.BIO is a world-class week long tech conference featuring the best startups, industry leaders and investors in AI x BIO across a series of Tech Events, a unique Hackathon and a DEMO Day 🚀",2026-10-05,2026-10-05T19:00:00-07:00,2026-10-10T22:00:00-07:00,Downtown (SF),,Next Sequence,Application,true,,65,raise; build,AI; Health & biotech,Demos & pitches,https://partiful.com/e/Etk7CF9PcQZUhrXmJIof,1
56d872ca-1487-4933-ad27-517d070f41de,Why Investors Say No + In The Ring with an Investor,Why Investors Say No + In The Ring with an Investor,"This is a small-format fireside designed for honest conversation, not polished talking points.",2026-10-05,2026-10-05T13:45:00-07:00,,Union Square (SF),,GoPresent,Application,true,,136,raise,AI; Finance,Panels & firesides,https://partiful.com/e/7BFMhG5SUHlF6oSjQthx,1
58dc0e34-ffba-459b-8f60-48ad10bcfbe2,M13 Chess Night,M13 Chess Night,"Join M13 for an intimate evening of chess, conversation, and new connections at Mechanics’ Institute, featuring Grandmaster Sam Shankland.",2026-10-05,2026-10-05T17:30:00-07:00,2026-10-05T21:00:00-07:00,FiDi (SF),,M13,Application,true,,210,meet,AI,Happy hours & drinks; Networking & mixers,https://partiful.com/e/NN41R91SxciUevaPZeUq,2
58f9fbb5-b83c-4ec9-9b1c-db41d83e7bf8,Run Tech Club | Signal Run,"Run three miles with founders and builders, then get breakfast","The best of that signal earns visibility at Signal Showcase — quarterly, across LA, NY, Seattle, and SF.",2026-10-05,2026-10-05T07:30:00-07:00,2026-10-05T09:00:00-07:00,Embarcadero,"Shack15, 1 Ferry Building, Suite 201, San Francisco, CA",Run Tech Club,Application,true,,,raise; build; meet; fun,AI,Runs & walks; Coffee & breakfast; Networking & mixers; Demos & pitches,https://partiful.com/e/SxFRgnM9Ze3nlv4drWh5,0
5957c8e6-f9ce-4424-9f90-aa21ce8a8699,A Hack of All Trades,A Hack of All Trades,Real Workflows: Live demonstrations of high-leverage AI workflows built and tested by executive leaders.,2026-10-05,2026-10-05T17:00:00-07:00,,Jackson Square,"735 Montgomery St 3, San Francisco, CA",Chief,Application,true,,18,meet,AI,Happy hours & drinks; Networking & mixers; Panels & firesides,https://partiful.com/e/5cGcV5GboXf1yB6KsrZ9,6
5a6f0232-f064-49ba-96ee-d079801f22af,First drinks Aussie style - Co Ventures x Airtree,First drinks Aussie style - Co Ventures x Airtree,"There are more Australians building in San Francisco than ever, and most of them have never been in the same room.",2026-10-05,2026-10-05T18:00:00-07:00,2026-10-05T20:00:00-07:00,Marina,,Co Ventures,Application,true,,71,raise; meet,AI; Finance,Happy hours & drinks; Networking & mixers; Panels & firesides,https://partiful.com/e/h6Jz0kpPtBTMQ1SoWTd0,2
5b3949a6-931e-4650-86e7-3a00bd33c7ca,Sunrise Cold Plunge with Soma,Take a sunrise cold plunge by the Golden Gate Bridge,"Come join fellow builders, operators, and real chillers to kick off Tech Week with a cold plunge by the Golden Gate Bridge.",2026-10-05,2026-10-05T07:00:00-07:00,,Marina,,Soma,Application,true,,325,,Health & biotech,,https://partiful.com/e/iKHGgP4vkAxOtzJtiwMy,0
5c9801a4-49aa-44ad-9b48-703dd04be400,Salesforce Revenue Management Executive Dinner,Salesforce Revenue Management Executive Dinner,"Join Salesforce for an exclusive invite-only seated dinner during SF Tech Week, hosted by Sam Chung, Chief Customer Officer, Agentforce Revenue Management.",2026-10-05,2026-10-05T18:00:00-07:00,2026-10-05T20:30:00-07:00,SOMA,,Salesforce,Application,true,,11,sell; meet,AI,Dinners,https://partiful.com/e/44WBqs3taIa8uD3iclaU,3
5ca73c40-439b-40a3-8ad0-9d69cbcb9747,"AGI, Inc. Store - Wearables Pop-up","AGI, Inc. Store - Wearables Pop-up","Put on the glasses, look at something on the shelf, and it's yours.",2026-10-05,2026-10-05T09:00:00-07:00,2026-10-07T18:00:00-07:00,Mission,"434 Shotwell St, San Francisco, CA 94110","AGI, Inc.",Application,true,,539,meet,AI; Robotics & hardware,Coffee & breakfast; Networking & mixers,https://partiful.com/e/oZm5m0LpvJi2ziHpN1fO,3
5ccd23ec-afbe-4206-99a0-3208dd443476,Causal AI for Drug Discovery: Learning from Patient Data - #SF TechWeek,Causal AI for Drug Discovery: Learning from Patient Data - #SF TechWeek,Join us for Causal AI for Drug Discovery: Learning from Patient Data - Learning causal structure across environments and task-aware data enhancement,2026-10-05,2026-10-05T13:00:00-07:00,2026-10-05T14:00:00-07:00,Virtual (SF),,Synlico,Application,true,,221,,AI; Health & biotech,Panels & firesides,https://partiful.com/e/gh9DqJ2U5W9uTkivd92w,5
620fc85a-6db8-4654-90f6-c0cd958bc033,TokenTechWalk Sponsored by Vonage and Lovable,Meet tech founders and investors on a one-hour park walk,Guided walking-partner swaps • Conversation starters • Bring your own drink,2026-10-05,,,Golden Gate Park,,TechWalk,RSVP,false,,,meet,AI,Networking & mixers,https://partiful.com/e/DsPTbR2dWA13OrJfvIkS,5
6ad9316f-0502-48ac-8fa5-c8e39b7a3827,Seed Stage Founder Mixer,Seed Stage Founder Mixer,,2026-10-05,2026-10-05T18:00:00-07:00,2026-10-05T20:00:00-07:00,Other,,Rayda,Application,true,,,raise; meet,Robotics & hardware,Happy hours & drinks; Networking & mixers,https://partiful.com/e/xS7bYbdd1Butgr4Ao8b6,1
6b32a1b3-ab04-44a7-9f8f-65da6f62a3b7,Swedish House,Swedish House,"The program creates business value through tailored, high-quality meetings, complemented by panel discussions, roundtables, networking events, and company visits - all in one place at the Swedish House.",2026-10-05,2026-10-05T09:00:00-07:00,2026-10-08T21:00:00-07:00,FiDi (SF),,Business Sweden,Application,true,,339,raise; meet,AI; Finance,Networking & mixers; Panels & firesides,https://partiful.com/e/czGK7PzK96H9mOl0S8sb,0
6ba21209-762e-42e8-abb2-606b6c676d40,How to bring your buyers under one roof,How to bring your buyers under one roof,▫️You'll learn how to get buyers out of their chairs and fill the room without a large marketing budget.,2026-10-05,2026-10-05T18:00:00-07:00,2026-10-05T19:00:00-07:00,SOMA,"Silicon Valley Bank (SVB), 222 2nd St 17th floor, San Francisco, CA",Skillsheet,RSVP,false,,94,build; sell,AI; GTM & sales,Hackathons & workshops,https://partiful.com/e/tGMZ2iWCtc45qOlFIXJI,2
6c515f8b-3549-4477-97f5-febb46ebf9cf,The Diligence Room: Founders & Funders DD Forum,The Diligence Room: Founders & Funders DD Forum,"Join us for a focused 2.5-hour forum hosted by LNB Accounting, co-hosted by Hanson Bridgett, and featuring Morgan Stanley Private Wealth Management during SF Tech Week.",2026-10-05,2026-10-05T14:45:00-07:00,2026-10-05T17:30:00-07:00,Downtown (SF),"Hanson Bridgett 425 Market St 26th floor, San Francisco, CA 94105, San Francisco, CA",LNB ACCOUNTING,RSVP,false,,,raise,AI; Finance,Panels & firesides,https://partiful.com/e/Vk31hlXDlTlm0HVnZLtO,4
70f099de-8067-4950-946f-b736e334d33b,Growth Teardown: 5 Companies in 60 Minutes,Growth Teardown: 5 Companies in 60 Minutes,This is a growth and distribution workshop and is not limited to AI-built products.,2026-10-05,2026-10-05T10:00:00-07:00,2026-10-05T11:00:00-07:00,Virtual (SF),,"Juliet AI, Inc.",Application,true,,244,build; sell,GTM & sales,Hackathons & workshops,https://partiful.com/e/WXMvnQBhvLnqhN0N5nQM,1
729327e7-adb9-47b8-b22d-92750c1ea95f,Coffee Rave for AI Builders,Meet AI builders over music and coffee,"Kick off #SFTechWeek with a caffeine-charged meetup where espresso, beats, and bold ideas mix.",2026-10-05,2026-10-05T09:00:00-07:00,2026-10-05T11:30:00-07:00,FiDi (SF),,EchoHer,Application,true,,301,build; meet; fun,AI,Coffee & breakfast; Parties & raves; Networking & mixers,https://partiful.com/e/cQUrIYXVBThF15Wezeh0,1
738385a8-dc7c-44e8-aaaa-6a2148ff601b,AI Readiness Audit Workshop,Audit your company’s AI adoption and leave with an improvement plan,"Many SMBs are stuck in the ""experimentation phase,"" struggling to turn one-off tool usage into integrated, scalable business processes.",2026-10-05,2026-10-05T14:30:00-07:00,2026-10-05T17:00:00-07:00,Hayes Valley,"The Commons, 550 & 540 Laguna St, San Francisco, CA",Lini,Application,true,,,build,AI; Health & biotech,Hackathons & workshops,https://partiful.com/e/IfMep5yj41894MORbQly,3
73a0c330-cbd9-4895-93fd-aa55007b3269,Trust in the Age of AI: Cross-Industry Perspectives on Risk and Regulation,Trust in the Age of AI: Cross-Industry Perspectives on Risk and Regulation,"Join us for a cross-industry panel on how healthcare, HR, finance, and government are tackling AI regulation, mitigating risk, and building systems people can actually trust.",2026-10-05,2026-10-05T17:30:00-07:00,2026-10-05T20:00:00-07:00,Hayes Valley,"The Commons, 550 & 540 Laguna St, San Francisco, CA",Lini,Application,true,,,,AI; Health & biotech,Panels & firesides,https://partiful.com/e/7m7zf8bKN0CkBUHBVYjp,4
74ad46d7-9b3d-456c-acfd-b294ffe3dbd4,Founders & Investors Mixer,Founders & Investors Mixer,"Founders & Investors, let's hang out and get to know each other",2026-10-05,2026-10-05T19:00:00-07:00,2026-10-05T21:00:00-07:00,SOMA,,Technology Founders of America,RSVP,false,,600,raise; meet,AI; Finance,Networking & mixers; Happy hours & drinks,https://partiful.com/e/CTvj6axNLLyKnFMmjl12,2
79a58346-8a61-45f8-84ce-cb86b877a7eb,ur +1 is a stranger,ur +1 is a stranger,"somewhere in sf this week, someone you should know is going to the same event as you. maybe your next hire, customer, or investor. NEXA thinks you two should meet.",2026-10-05,2026-10-05T00:00:00-07:00,2026-10-11T23:45:00-07:00,Virtual (SF),,NEXA,Unknown,false,,,raise; meet,AI; Finance,Networking & mixers,https://partiful.com/e/0QoMnjzM2NOldF9syKOn,2
7b368001-8c62-4833-9d66-27032914a50b,Founders' Coffee,Drop in for coffee with founders — stay as long as you like,"Start your Tech Week with a good coffee and the right people for the week, on us.",2026-10-05,2026-10-05T09:00:00-07:00,2026-10-05T15:00:00-07:00,Dogpatch,,"Y·US Ventures, Bridgit",RSVP,false,,420,meet,AI; Media & entertainment,Coffee & breakfast; Happy hours & drinks; Networking & mixers,https://partiful.com/e/DtHdOqLhnKv0vsthORJJ,0
7b81ad16-6b52-494b-927f-3121472482bc,Can your agents actually ship?,Can your agents actually ship?,- Live demos of AI agents shipping production-ready code,2026-10-05,2026-10-05T18:00:00-07:00,,FiDi (SF),,Virtus Lab,Application,true,,329,build; meet,AI,Happy hours & drinks; Networking & mixers; Hackathons & workshops,https://partiful.com/e/huwvlBmbtqyYlPOciWYM,4
7bce0d2c-2422-48a7-9557-c45f3878e5db,Law in the Age of AI,Hear how AI is changing legal work for startups and established firms,Join SimpleClosure and Carta for an exclusive panel discussion on the future of law in the age of AI.,2026-10-05,2026-10-05T09:00:00-07:00,2026-10-05T11:00:00-07:00,FiDi (SF),"SVB Experience Center, 532 Market St, San Francisco, CA","SimpleClosure, Carta",Application,true,,,meet,AI,Coffee & breakfast,https://partiful.com/e/con6v0i0cwPvODNG0l2T,5
7d3d9227-ed55-4940-af2a-2119a601f7f6,Physical AI Hackathon: From Idea to Factory,Physical AI Hackathon: From Idea to Factory,"A Physical AI Hackathon for Creators, Founders & Investors",2026-10-05,2026-10-05T09:00:00-07:00,2026-10-05T12:45:00-07:00,Embarcadero,,One Culture Foundation,Unknown,false,,,build; meet,AI; Robotics & hardware; Health & biotech,Hackathons & workshops; Networking & mixers,https://partiful.com/e/ng6oAlWJQrqtoCB65Vem,3
7f1264fd-10dd-419a-b308-f8fc698736c6,"Founder Off the Record, presented by  Citizens For Startups  - # SF TechWeek","Founder Off the Record, presented by  Citizens For Startups  - # SF TechWeek",Join a select group of early stage founders for an exclusive dinner during SF Tech Week.,2026-10-05,2026-10-05T18:00:00-07:00,2026-10-05T21:00:00-07:00,FiDi (SF),,Citizens Private Bank,Application,true,,,meet,AI,Dinners,https://partiful.com/e/KXdM4sR9Xujzp3WLr18K,1
7f94624b-3af5-4a44-907d-5dc814f0e68f,"Future of Creativity, Experiences & Play","Future of Creativity, Experiences & Play",→ Panel Discussions: Insights and panel conversations featuring industry leaders and creatives.,2026-10-05,2026-10-05T14:30:00-07:00,2026-10-05T17:30:00-07:00,Downtown (SF),,Gold House Ventures,Application,true,,,meet,AI; Media & entertainment,Happy hours & drinks; Panels & firesides,https://partiful.com/e/2i2ezrcDZaa8Evezzzag,4
8082086c-c3c1-4f6e-8f62-27aea9339aa6,Flex VC Dinner,Flex VC Dinner,"A private dinner designed for General Partners, venture investors, and exceptional ecosystem leaders, hosted by Flex.",2026-10-05,2026-10-05T18:00:00-07:00,2026-10-05T21:00:00-07:00,Downtown (SF),,Flex,Application,true,,,raise; meet,AI; Finance,Dinners,https://partiful.com/e/QAov4zSSt8Il0MmqJkFE,1
80d77b88-e75c-4d8d-88f9-50348ad5e186,🤖 Towards AGI: solving physical AI,🤖 Towards AGI: solving physical AI,Whether embodiment is necessary for general intelligence or just the fastest route to it.,2026-10-05,2026-10-05T17:45:00-07:00,2026-10-05T21:00:00-07:00,Other,"1950 Broadway, Oakland, CA",Cognitive Intelligence Company,Application,true,,,build,AI; Robotics & hardware,Hackathons & workshops,https://partiful.com/e/CPToyBIGynlg6DqstdiI,1
85ba1851-ec51-40cf-904f-edfd4f9a66a8,Hack Alcatraz with Cloudflare and Kling AI,Hack Alcatraz with Cloudflare and Kling AI,"This isn’t a startup pitch competition, so leave the deck at home.",2026-10-05,2026-10-05T17:00:00-07:00,2026-10-05T21:00:00-07:00,Embarcadero,"Hornblower Landing Parking, 3 The Embarcadero, San Francisco, CA",Cloudflare,Unknown,false,LimitedAvailability,328,build; meet,AI; Media & entertainment,Hackathons & workshops; Happy hours & drinks,https://partiful.com/e/eCaHdWFnG2wup28XcOHi,3
85d82db4-ad3c-401e-8698-eafc43a8ea29,/build-with-AI Buildathon,/build-with-AI Buildathon,Bring an idea you want to turn into something real.,2026-10-05,2026-10-05T16:00:00-07:00,2026-10-05T21:00:00-07:00,Palo Alto,SVAI Hub,Mem0,Application,true,,190,build; meet,AI,Hackathons & workshops; Networking & mixers; Panels & firesides,https://partiful.com/e/R8tmSQnj89DXbVe4Ghr9,2
8611f9ba-6c91-422c-98b2-a1917ec0051b,Trader Buildathon & Happy Hour,Trader Buildathon & Happy Hour,You will be the first to access our newest and most advanced feature: S t r a t e g i e s.,2026-10-05,2026-10-05T14:00:00-07:00,2026-10-05T21:00:00-07:00,Rincon Hill,"388 Beale Street, 388 Beale St Lounge, San Francisco, CA",True Markets,Application,true,,131,build; meet,Finance,Happy hours & drinks; Hackathons & workshops; Networking & mixers,https://partiful.com/e/8PO9l7A731C69kpsHfoe,0
8741db8a-e986-4d29-8821-dff6c392088a,AI Is Eating Work,AI Is Eating Work,Let’s explore how they’re changing the way businesses operate.,2026-10-05,2026-10-05T18:30:00-07:00,2026-10-05T21:00:00-07:00,Nob Hill,,Sheltie,Application,true,,13,raise; build; meet,AI; GTM & sales,Networking & mixers; Panels & firesides; Demos & pitches,https://partiful.com/e/lARNNo2F0ptUqXL235wK,1
88db3f1c-01aa-4e8d-8c34-fa189d735d83,The Down Under Mixer #2 🏄 Galileo x Relevance AI,The Down Under Mixer #2 🏄 Galileo x Relevance AI,"Join Galileo Ventures, a top global seed stage fund that backs Aussie founders expanding into the USA like Relevance AI, Andromeda and Tixel to name a few!",2026-10-05,2026-10-05T16:00:00-07:00,2026-10-05T20:00:00-07:00,FiDi (SF),,Galileo Ventures,RSVP,false,,278,raise; meet,AI; Finance,Networking & mixers; Happy hours & drinks; Panels & firesides,https://partiful.com/e/bsGjhvVpvxJlgfysvhan,2
8b23a01e-2b74-4710-baa5-a35237b7ec2f,Asia-to-US: The AI-Leverage Playbook for Crossing the Pacific,Asia-to-US: The AI-Leverage Playbook for Crossing the Pacific,Entering the US used to take a 30-person GTM team and two years of burn.,2026-10-05,2026-10-05T17:00:00-07:00,2026-10-05T19:30:00-07:00,Downtown (SF),"300 Grant Ave, San Francisco, CA","Runbear, Upstage",Application,true,,,raise; build; meet,AI; GTM & sales,Networking & mixers; Panels & firesides; Demos & pitches,https://partiful.com/e/pcI9EarSIhOosAcFrMxq,7
8c2925a4-fc7a-47b7-abf0-a65ad1cdcf2f,Builders Beyond Barriers - Vibe Coding Showcase,Builders Beyond Barriers - Vibe Coding Showcase,Join us for an afternoon celebrating the next generation of builders using vibe coding and AI-assisted development to turn ideas into real products.,2026-10-05,2026-10-05T13:00:00-07:00,2026-10-05T17:00:00-07:00,Mission,"1417 15th St, San Francisco, CA 94103","EchoHer, Hackathons at Berkeley, MemOS, Pebblebed",Application,true,,254,build,AI,Hackathons & workshops,https://partiful.com/e/mGyFYFRLUKRuPrt92A6e,6
8d663af9-3ba9-40dd-98a1-485c396a3e55,The Future of Video Intelligence,The Future of Video Intelligence,The conversation will be followed by audience Q&A and networking.,2026-10-05,2026-10-05T16:00:00-07:00,,SOMA,,Naver Ventures,Application,true,,386,raise; meet,AI; Finance,Networking & mixers; Panels & firesides,https://partiful.com/e/qOpmvf6G5GS2TvTXKMug,5
910e21d3-068b-4d3e-927d-d38a69701e6e,Bringing a Chief of Staff Mindset to AI Transformation,Learn how operators turn AI ideas into adoption across teams,Join Microsoft and Ask a Chief of Staff during SF Tech Week as we discuss what it means to bring a Chief of Staff mindset to AI implementation and how professionals across functions can thrive in an era of rapid change.,2026-10-05,2026-10-05T15:00:00-07:00,2026-10-05T17:00:00-07:00,FiDi (SF),"555 California Street, 555 California St 350, San Francisco, CA",Ask a Chief of Staff,Unknown,false,,,,AI,Panels & firesides,https://partiful.com/e/5cmqIMMKXvXHnbENxX8S,4
9607715a-5a04-409a-a8cd-ade880dfc6d0,AI Beyond the Screen,AI Beyond the Screen,"We'll discuss the next generation of intelligent products, from wearables and connected vehicles to edge systems, robotics, and emerging physical technologies, and what it takes to move from an impressive prototype to a reliable,…",2026-10-05,2026-10-05T17:00:00-07:00,2026-10-05T20:00:00-07:00,Mission,"3001 19th St, San Francisco, CA",House of 434,Application,true,,178,meet,AI; Robotics & hardware,Panels & firesides,https://partiful.com/e/jpm7z2Y4Ja02KSZj2JrH,5
9607faf2-2830-49ae-9313-e674bc55404d,Smash Bros & Agents Night,Smash Bros & Agents Night,"Join Dosu during SF Tech Week for an evening of Super Smash Bros., food, drinks, and conversations about the future of AI agents and agentic development.",2026-10-05,2026-10-05T18:30:00-07:00,2026-10-05T21:45:00-07:00,Duboce Triangle,,Dosu,Application,true,,102,build; meet,AI,,https://partiful.com/e/cCIj54Ud3UAvESTnzjUT,1
961995dd-ba56-4f2c-9ae0-5b45a02e8625,The Founders & Funders Mixer / Showcase - #SF TechWeek,The Founders & Funders Mixer / Showcase - #SF TechWeek,"Mid-evening, five selected companies take the stage in our founder showcase — real businesses, real traction, presenting to the full room — plus a live demo from ZeroClick on what selling to AI agents actually looks like.",2026-10-05,2026-10-05T18:00:00-07:00,2026-10-05T21:00:00-07:00,Civic Center,"Finix, 760 Market St, San Francisco, CA","Musa Capital, Collide Capital, Mayer Brown LLP, Rho",RSVP,false,,754,raise; build; meet,AI; Finance,Networking & mixers; Happy hours & drinks; Demos & pitches,https://partiful.com/e/2tq9G7ZFGlW9OMN2qob1,4
982a042a-3796-45b9-b007-9c98fdc28fb1,Science x AI Breakfast,Breakfast at the intersection of science and AI,"Join founders, researchers, investors, engineers, and scientists for an early-morning breakfast focused on how AI is changing discovery, biology, medicine, and research.",2026-10-05,2026-10-05T06:15:00-07:00,2026-10-05T10:00:00-07:00,Marina,TBA!,Endpoint Arena,RSVP,false,,599,meet,AI; Health & biotech,Coffee & breakfast,https://partiful.com/e/NuJIL6o1KBCUnGaAOrLS,0
98c0b73a-fb2f-4700-8cac-fbcf357d7431,Compliance at Fintech Speed,Compliance at Fintech Speed,An invite-only evening with Stripe and MidLyr — SF Tech Week,2026-10-05,2026-10-05T18:00:00-07:00,,Mission Bay,,"Midlyr, Stripe",Application,true,,,build; meet,Finance; AI,Dinners; Panels & firesides; Hackathons & workshops,https://partiful.com/e/IDMDMgrXicuhtP8U9WdK,4
99c5d96a-a0de-4c8f-ac1c-6ff2ff1c1de4,Rho Women's Brunch: Founders x Funders,Rho Women's Brunch: Founders x Funders,Every SF Tech Week starts the same way for us - brunch with the women building and backing the next generation of great companies.,2026-10-05,2026-10-05T08:30:00-07:00,2026-10-05T11:30:00-07:00,Jackson Square,,Rho,Unknown,false,,,meet,,Dinners; Happy hours & drinks; Networking & mixers,https://partiful.com/e/wAQkxMGy4uzgoyxACm5K,0
9dcd3aa0-94da-45a3-b0c5-43f9a04fb8cb,Psychological Burnout in the Age of AI,Psychological Burnout in the Age of AI,This workshop explores the intersection of rapid technological integration and human psychological limits.,2026-10-05,2026-10-05T15:00:00-07:00,2026-10-05T16:30:00-07:00,Embarcadero,"Presidio, San Francisco, CA",The Workplace Psychologist PLLC,RSVP,false,,110,build,AI; Health & biotech,Hackathons & workshops,https://partiful.com/e/njAleOwDWhsRleoXm2aD,1
9e5a527b-9055-41a6-a71a-d45388e3daaa,Winning In The U.S: Global GTM,Winning In The U.S: Global GTM,"Join a curated group of international founders with proven traction, plus teams from Build Momentum, J.P.",2026-10-05,2026-10-05T14:00:00-07:00,2026-10-05T16:30:00-07:00,Downtown (SF),,Build Momentum,Application,true,,259,sell; meet,GTM & sales,Networking & mixers; Panels & firesides,https://partiful.com/e/F6fEEwW9Aq82xiPQn9KY,4
9eda9470-1423-4c89-ac58-ccfe903cfff4,"Niural AI's Quiet Room: Free coffee, wifi, zero networking.","Niural AI's Quiet Room: Free coffee, wifi, zero networking.","Here's our pitch. We're not throwing a rooftop thing. By Wednesday of Tech Week you'll have shaken 200 hands, collected 40 stickers, and fallen three days behind on Slack. We're offering the opposite a chair with your name on it so you can catch up.",2026-10-05,2026-10-05T06:00:00-07:00,2026-10-09T17:00:00-07:00,FiDi (SF),,Niural AI,Application,true,,,raise; meet,AI; Finance,,https://partiful.com/e/iKZ5enaWsXRmva3yeGpH,2
a1e99071-b414-4aeb-a103-219771c17676,"Networking for Introverts: 
SF TechWeek Kick-Off 
* Virtual *","Networking for Introverts: 
SF TechWeek Kick-Off 
* Virtual *",Networking for Introverts is a 60-minute working session built for executives and founders who would rather have one real conversation than fifty shallow ones.,2026-10-05,2026-10-05T12:00:00-07:00,2026-10-05T14:00:00-07:00,Embarcadero,,Catapult Circles,Application,true,,187,raise; build; meet,AI; Finance,Networking & mixers; Hackathons & workshops,https://partiful.com/e/f6XzUSi0XAcYDMsKhTcz,1
a209d59f-b4c6-41dc-9eb6-45295768ceb1,PassRight Meet’n’Mingle,PassRight Meet’n’Mingle,We’ve joined forces with Press Club and are moving our event to “How to Get Press Without a PR Agency.”,2026-10-05,2026-10-05T17:00:00-07:00,,Downtown (SF),,PassRight,Application,true,SoldOut,,meet,AI; Media & entertainment,Happy hours & drinks; Networking & mixers; Panels & firesides,https://partiful.com/e/90EKBgMBSmKPUZogl1sq,6
a2f105ac-702f-4835-92b2-66134e15ffe6,Robots & Hardware Coffee @Tesla Showroom,Meet AI infrastructure builders over coffee at a Tesla showroom,"Coffee, Pastries and good conversation with AI Infra builders @Tesla.",2026-10-05,2026-10-05T08:30:00-07:00,2026-10-05T11:30:00-07:00,Civic Center,,Leverage,Application,true,,792,meet,Robotics & hardware,Coffee & breakfast,https://partiful.com/e/cZeYjS7jFMT3xTv7PGSi,0
a2fdc2c0-4ee2-4637-9bcd-f2514f12d757,"AI X Healthcare: Founders, Funders and the First Cohort - #SF TechWeek",Explore healthcare-AI funding and meet an accelerator’s first cohort,Join Silicon Valley Bank and Intelligence Ventures for a conversation with founders and investors at the forefront of this transformation.,2026-10-05,2026-10-05T14:00:00-07:00,2026-10-05T17:00:00-07:00,FiDi (SF),"SVB Experience Center, 532 Market St, San Francisco, CA","Silicon Valley Bank, Intelligence Ventures",Application,true,,,raise; meet,AI; Health & biotech; Finance,Networking & mixers; Panels & firesides,https://partiful.com/e/UpFNrg3U7Hd76aILujdD,12
a522bd03-75dc-4fae-adc8-3712ea5e92da,Benefits & Backhands - Padel Tournament,Benefits & Backhands - Padel Tournament,"Founders and Heads of People, you’ve earned a break from comp bands, headcount plans, and “quick syncs.” Join Deel, Human Interest and Sterling Capital Brokers for a great day where the only things we’re tracking are padel scores, empty…",2026-10-05,2026-10-05T10:00:00-07:00,2026-10-05T13:00:00-07:00,Embarcadero,,"Deel, Human Interest, Sterling Brokers",Application,true,,82,meet,,Networking & mixers,https://partiful.com/e/q0ALGGEZ0ywgK0Pst52T,3
a58c487e-53dc-43d8-94cf-737b913a5e28,Eon x Shaun Maguire Fireside,Eon x Shaun Maguire Fireside,Fireside chat with Shaun Maguire on building for AI agents.,2026-10-05,2026-10-05T17:00:00-07:00,2026-10-05T19:00:00-07:00,SOMA,"Dawn Club, 10 Annie St, San Francisco, CA",Eon.io,Application,true,,107,raise,AI; Finance,Panels & firesides,https://partiful.com/e/QUGXx7A0ZrLBPWlSiFMt,3
a5bca5ec-efb2-4fa2-ac2f-134f6d70a1bb,Design Health Promotion in Context and Environment,Design Health Promotion in Context and Environment,Join us for an afternoon at the frontier of health behavior change.,2026-10-05,2026-10-05T15:00:00-07:00,2026-10-05T18:00:00-07:00,Union Square (SF),"Center for Architecture + Design, 140 Sutter St, San Francisco, CA",Nippon Life X,Application,true,,172,raise; build; meet,Health & biotech; AI,Happy hours & drinks; Panels & firesides; Demos & pitches,https://partiful.com/e/As4lt0L0CLdQi8SoLavl,8
a80070a6-173e-4fe4-af0e-009b9d97f282,Contextful AI Summit,Contextful AI Summit,"AI doesn’t have to be a choice between acceleration and safety, humans and machines, abundance and control.",2026-10-05,2026-10-05T09:30:00-07:00,2026-10-05T22:00:00-07:00,Downtown (SF),"Presidio Golf Course, 300 Finley Rd, San Francisco, CA",Contextful,Application,true,,39,raise; build,AI; Finance,Panels & firesides; Demos & pitches; Hackathons & workshops,https://partiful.com/e/FYSIuBZDPPsMX1XyOYuZ,1
a88963de-8fa5-4c76-b942-605683fe8c45,AI Pay Summit,AI Pay Summit,"Jordan Liu, founder and CEO of AIsa, on what changes when software becomes the buyer — followed by a live demo, open Q&A, and drinks.",2026-10-05,2026-10-05T19:00:00-07:00,,Alamo Square,,AIsa,Application,true,,24,raise; build; meet,AI; Finance,Networking & mixers; Demos & pitches; Hackathons & workshops,https://partiful.com/e/ooMibOnFMuxs4vP2QMUg,1
a9e9ca45-9197-4d27-908f-26a41791dbee,Who Hosts the Hosts?,Who Hosts the Hosts?,"Running an SF Tech Week event is a full-time job on top of your day job. Before the week pulls you in every direction, connect with the people running the rooms.",2026-10-05,2026-10-05T00:00:00-07:00,2026-10-05T21:00:00-07:00,Embarcadero,,Growee,Unknown,false,,,build; meet,GTM & sales,Dinners; Hackathons & workshops,https://partiful.com/e/1JreCld4VpBIzoYbt12X,0
aba77689-88fd-4863-829b-61972a1f085d,Funding Founders - JP Morgan x DealMaker Dinner,Funding Founders - JP Morgan x DealMaker Dinner,"JP Morgan and DealMaker are hosting a hand-picked dinner, small on purpose so every founder and investor is worth talking to.",2026-10-05,2026-10-05T18:00:00-07:00,2026-10-05T21:00:00-07:00,Embarcadero,,"DealMaker, JPMorgan",Application,true,,,raise; meet,Finance; AI,Dinners,https://partiful.com/e/vgDwZJ9rVbflgLGcDdrU,1
ad2cf8e9-6240-4af3-a042-3224b1980e72,"Robotics, AI Infra & Physical AI Startup Pitch Competition","Robotics, AI Infra & Physical AI Startup Pitch Competition",* Format: Startup Pitch Competition followed by an exclusive dinner for VCs and judges ‼️,2026-10-05,2026-10-05T15:00:00-07:00,2026-10-05T18:00:00-07:00,Downtown (SF),,AWS+ Fundraising bootcamp,Application,true,,481,raise; build,AI; Robotics & hardware; Finance,Demos & pitches,https://partiful.com/e/awBW20xzbXQOmY0M731R,11
adb5e555-8d3e-48be-9680-a4ca1279f056,Agentic Business Cards Are Here,Agentic Business Cards Are Here,Join us for a new kind of networking experience.,2026-10-05,2026-10-05T18:30:00-07:00,2026-10-05T20:30:00-07:00,Mission,"Mission Dolores Park, 566 Dolores St, San Francisco, CA",Purpose:Labs,Application,true,,97,meet,AI; Media & entertainment,Networking & mixers,https://partiful.com/e/Z52L19HqU1hDA5Ky0hOB,1
ae7919f8-941c-47aa-a4db-cb3e4cd03c19,Bria × fal × LTX: What's New in Open-Weights Pipelines,Bria × fal × LTX: What's New in Open-Weights Pipelines,"Bria, fal, and LTX are hosting a builders' breakfast on assembling generative media pipelines from open weights — where control actually comes from, what the three of us just shipped, and what still doesn't work.",2026-10-05,2026-10-05T08:30:00-07:00,2026-10-05T11:30:00-07:00,SOMA,"House of AI  - 40 Board Pl, San Francisco","Bria, Fal, LTX",Application,true,,203,build; meet,AI; Media & entertainment,Coffee & breakfast; Networking & mixers; Hackathons & workshops,https://partiful.com/e/9OQfXbXauvFiBYUoEekQ,4
aebd8b3e-24cd-4b52-a56f-3cfa2fd2f391,IRL Events Re-imagined,IRL Events Re-imagined,"As agents and agentic workflows become an essential part of our daily lives, it is time we hold important discussions about what IRL events (big and small) will look like in the near future.",2026-10-05,2026-10-05T19:00:00-07:00,2026-10-05T22:00:00-07:00,Hayes Valley,"Manny's, 3092 16th St, San Francisco, CA",SubWire,Application,true,,213,meet,AI; Media & entertainment,Happy hours & drinks,https://partiful.com/e/nYOdy7mIB0OKwitWWYyr,0
affc8860-5de6-482b-97ed-7667718ab905,"Fireworks x a16z: Official Tech Week Kickoff w/ Vercel, ElevenLabs, & Stripe","Fireworks x a16z: Official Tech Week Kickoff w/ Vercel, ElevenLabs, & Stripe","This is a tightly curated room of people building what's next, kicking things off right before the week gets going.",2026-10-05,2026-10-05T18:00:00-07:00,2026-10-05T22:00:00-07:00,Mission Bay,,"Fireworks, Stripe, Vercel",Application,true,,968,meet,AI,Happy hours & drinks,https://partiful.com/e/Fp4oMyFGQC6HzotKXc8T,1
b03f9420-0a56-4c00-bad2-ec30acaa25a5,The DigitalOcean Shuttle,The DigitalOcean Shuttle,WHERE TO FIND THE BUS: https://digitaloceanevents.com/,2026-10-05,2026-10-05T08:00:00-07:00,2026-10-09T20:00:00-07:00,Downtown (SF),,DigitalOcean,Unknown,false,,,,AI,,https://partiful.com/e/yIQsQ8Jo5WG61mmY9C7o,0
b0955d83-9929-4684-a5db-72221f26c2a4,The Zero Marginal Cost Tax Department 505 Howard St.,The Zero Marginal Cost Tax Department 505 Howard St.,"Join KPMG and a group of leading tax and finance voices from across the venture ecosystem for a candid, forward-looking working session built specifically for tax directors at high-growth, AI-driven companies.",2026-10-05,2026-10-05T15:00:00-07:00,2026-10-05T16:00:00-07:00,Downtown (SF),,KPMG LLP,Application,true,,140,,AI; Finance,Panels & firesides,https://partiful.com/e/tDudDmvgSfAXb4bsFyj3,4
b302662c-3e93-4ccf-92c8-350c8db6c25e,Architecting AI-Native GTM,Architecting AI-Native GTM,"4:00pm · Arrival + reception, live demos around the space",2026-10-05,2026-10-05T16:00:00-07:00,2026-10-05T19:00:00-07:00,FiDi (SF),"Eragon Office, 575 Market St Suite 2450, San Francisco",Amdahl,Application,true,,,raise; build; sell; meet,AI; GTM & sales,Networking & mixers; Panels & firesides; Demos & pitches,https://partiful.com/e/DeVaHuQMKsIDTYlO4j7g,8
b375e240-67ad-44a0-b155-d7be25860450,Watts & Wisdom: An Evening with Filippo Pozzato,Watts & Wisdom: An Evening with Filippo Pozzato,"Join us at Rillet HQ for an intimate Fireside Chat with Filippo Pozzato: winner of Milan–San Remo 2006, stage winner at both the Tour de France and the Giro d'Italia, Tirreno–Adriatico champion, and one of the most stylish riders of his…",2026-10-05,2026-10-05T16:00:00-07:00,2026-10-05T18:00:00-07:00,FiDi (SF),,"a16z, Rillet",Application,true,,93,meet,AI,Coffee & breakfast,https://partiful.com/e/U8s958NJIwIFvAMydIEr,3
b4eb2660-763c-4e7c-bba9-f8ad12811ccb,The U.S. – Sweden Technology Prosperity Deal - What does it mean for Business Leaders?,The U.S. – Sweden Technology Prosperity Deal - What does it mean for Business Leaders?,"The Swedish House during SF Tech Week gathers founders, VCs, corporates, and academia across and serves as a curated hub connecting Swedish and US companies through events, networking, and co‑working throughout the week.",2026-10-05,2026-10-05T12:00:00-07:00,2026-10-05T13:00:00-07:00,Nob Hill,"The Art of San Francisco, 2 Sacramento St, San Francisco, CA",Business Sweden,Application,true,,125,meet,AI,Panels & firesides,https://partiful.com/e/3k4fEOBuaTzEF1Exjv7z,7
b508bc99-7126-4702-92b6-b9580717fbc2,Building the Future of Preventive Health,Explore where data and AI can make preventive health work,"A forward-looking conversation on how new technologies, data and AI are transforming preventive health and giving individuals greater insight into their own biology.",2026-10-05,2026-10-05T16:00:00-07:00,2026-10-05T18:00:00-07:00,FiDi (SF),"Fenwick Office, 1 Front St, San Francisco, CA",Fenwick & West,Application,true,,275,build,Health & biotech,Panels & firesides,https://partiful.com/e/AwSqINGcVmfVJOTdFSYF,4
b687e085-b57d-49e7-8d73-5e96a1db2ffd,"Telemetry In, Fixes Out: Closing the Agent Reliability Loop (Talk, Demo, Pizza)","Telemetry In, Fixes Out: Closing the Agent Reliability Loop (Talk, Demo, Pizza)","Your agents run real business tasks: canceling orders, checking claims, booking travel.",2026-10-05,2026-10-05T17:30:00-07:00,2026-10-05T20:00:00-07:00,Downtown (SF),San Francisco (venue shared with guests soon),Lumoz AI Inc.,RSVP,false,LimitedAvailability,75,raise; build; meet,AI,Demos & pitches; Happy hours & drinks; Networking & mixers; Panels & firesides; Hackathons & workshops,https://partiful.com/e/9XLKa6Ah4Hvmu4m2R55g,2
b7654076-9f73-41c2-b972-dfd0833ecf86,Latino Tech Week Coffee Mixer,Meet the Latino tech community over coffee,"Join the Latino Tech Week team and our friends at Chispa VC, with Domingo Guerra, for a morning built to celebrate and connect the Latino diaspora in tech.",2026-10-05,2026-10-05T09:00:00-07:00,,SOMA,"505 Howard St Ste 1000, San Francisco, CA 94105",Pygma,Application,true,,150,raise; meet,AI; Finance,Coffee & breakfast; Networking & mixers,https://partiful.com/e/2lnHQIY4vqsRFCC7ifp3,4
b97f2772-183b-4137-98aa-0319da03b95e,AI Has Agents. What Should Human Agency Look Like at Work?,Redesign an AI-changed workflow and clarify who makes the decisions,"Join Zhennovate during SF Tech Week 2026 for a participatory Human Agency Field Lab exploring how AI is reshaping professional contribution, human judgment, decision rights and accountability.",2026-10-05,2026-10-05T12:00:00-07:00,2026-10-05T14:30:00-07:00,Virtual (SF),,Zhennovate,Application,true,,197,build,AI,Panels & firesides; Hackathons & workshops,https://partiful.com/e/1O8PjsED8Wzoloqx5JCk,0
ba495ca9-7e4b-4dbf-84da-6cc1d4d24737,Marketers' Hot Take Happy Hour: An Evening of Agree or Disagree,Marketers' Hot Take Happy Hour: An Evening of Agree or Disagree,"Join fellow B2B marketing and communications pros at a rooftop bar for a happy hour built around the topics we love to debate — what’s working, what’s overrated, what needs to disappear, and where marketing and comms are headed next.",2026-10-05,2026-10-05T16:30:00-07:00,2026-10-05T18:30:00-07:00,SOMA,"Rooftop 25 @ 25 Lusk St, San Francisco, CA 94107",Big Valley Marketing,RSVP,false,,380,meet,AI; Media & entertainment,Happy hours & drinks; Networking & mixers,https://partiful.com/e/RxkakL6ey0GFQdeeTCGF,1
bb0dd34f-6599-4cf3-b2e3-606c4224f7da,"Ship, Scale, Sail","Ship, Scale, Sail","Join builders, operators, and technical leaders working across AI and data infrastructure for dinner, drinks, and a relaxed, free-flowing evening as we cruise the Bay.",2026-10-05,2026-10-05T18:15:00-07:00,2026-10-05T20:30:00-07:00,Mission Bay,"China Basin Ferry Terminal, Terry A Francois Blvd & 3rd St, San Francisco, CA","MotherDuck, Braintrust, Modal",RSVP,false,,,meet,AI,Dinners; Networking & mixers,https://partiful.com/e/ZVpoCf7Cu8AZyRSGekcv,2
bbf60f13-2cdc-4ffa-8640-e0be0b85dce6,Sidebar Summit 2026,Sidebar Summit 2026,"Sidebar Summit is back in the Bay Area for an exclusive, high-impact gathering during SF TechWeek.",2026-10-05,2026-10-05T14:00:00-07:00,,SOMA,,Sidebar Summit,Application,true,,,raise; meet,AI; Finance; Media & entertainment,Networking & mixers; Panels & firesides,https://partiful.com/e/7zewqvn4CdHZzVnA9iMW,14
bc1c27cf-1505-4bf5-b585-f8a25c0c94a2,"Women Founders, Funders, & Operators: First-Timers Walk","Women Founders, Funders, & Operators: First-Timers Walk",Join The Investment Committee (TIC) for a relaxed morning walk designed for women navigating Tech Week for the first time.,2026-10-05,2026-10-05T08:00:00-07:00,2026-10-05T09:30:00-07:00,Salesforce Park,,The Investment Committee,Application,true,SoldOut,29,raise; meet; fun,Media & entertainment; AI; Finance,Runs & walks; Networking & mixers,https://partiful.com/e/P3NKcuyxn299yujAqq5I,2
bc61891f-9d97-4dfc-87d4-5480e586ced6,"Agents & APIs Meetup by Baseten, Postman, Rootly AI, Supabase, & The Prompting Co.","Agents & APIs Meetup by Baseten, Postman, Rootly AI, Supabase, & The Prompting Co.","Catch live demos from Baseten, Postman, Rootly AI, Supabase and The Prompting Company (YC S25).",2026-10-05,2026-10-05T17:30:00-07:00,2026-10-05T19:30:00-07:00,FiDi (SF),,"Rootly AI, Postman",Application,true,,588,raise; build; meet,AI,Networking & mixers; Panels & firesides; Demos & pitches; Hackathons & workshops,https://partiful.com/e/bkdCMLAO0Y2rJQjxJMoq,6
bc8d3468-e18d-437a-83ff-4598b9d41e2c,Continual Learning After Hours,Continual Learning After Hours,"Continual learning—getting models to keep self improving from their own experience is one of the most interesting problems at the frontier, and a live question of its impact for anyone building in AI, infrastructure, physical AI, deep…",2026-10-05,2026-10-05T18:00:00-07:00,,FiDi (SF),,Fusion Fund,Application,true,,,meet,AI; Health & biotech,Happy hours & drinks; Networking & mixers; Panels & firesides,https://partiful.com/e/M451cLAPnXY0UqZohQ3V,7
bceac512-fc80-45a6-8d8e-e109456d2dfe,Kickoff DJ Set | A Masquerave™,Kickoff DJ Set | A Masquerave™,"By replacing traditional resumes with natural voice conversations, Navii helps candidates showcase their true potential while matching hiring teams with deeply aligned, highly qualified talent at scale.",2026-10-05,2026-10-05T19:00:00-07:00,2026-10-05T23:00:00-07:00,SOMA,"SF Social Club, 30 Sheridan St, San Francisco, CA",Circe,Application,true,,,raise; fun,AI; Finance,Parties & raves,https://partiful.com/e/rQIlJYIDTgtSI6z8FTV5,2
be942bb3-7a17-40c9-bc9f-db77a054ef96,Energize for Tech Week at SF’s newest wellness studio,Energize for Tech Week at SF’s newest wellness studio,"Heading into a busy week of meetings, events, and networking? Start SF Tech Week feeling energized and ready to go.",2026-10-05,2026-10-05T08:00:00-07:00,2026-10-05T20:00:00-07:00,Duboce Triangle,,Pause Castro,Unknown,false,,,meet; fun,Health & biotech,Networking & mixers,https://partiful.com/e/tqCedAF8NeLTwuvIW3LO,1
c1018ca1-fc78-47cf-8ccc-b8b0462b81b5,Token Happy Hour,Token Happy Hour,"Kick off SF Tech Week with Inco and TokenRouter on Monday, October 5. Doors open at 4:30 PM at Industrious.",2026-10-05,2026-10-05T16:30:00-07:00,2026-10-05T19:00:00-07:00,Palo Alto,,TokenRouter,Unknown,false,,,meet,AI,Happy hours & drinks,https://partiful.com/e/JYHIeSugbKBQhWyTj8WH,0
c1948734-429b-48f2-bff4-3c7c752a2bcd,"Be honest. You're not really doing evals, are you?","Be honest. You're not really doing evals, are you?","This is a technical evening - built for the platform engineers, AI engineers and tech leads who are running agents against real production traffic.",2026-10-05,2026-10-05T18:30:00-07:00,,Mission,"Mission District, San Francisco, CA",ZenML GmbH,Application,true,,420,build; meet,AI,Networking & mixers; Panels & firesides; Hackathons & workshops,https://partiful.com/e/zy0l9HXxDxSvxglXOwtQ,2
c2ab24d6-e54c-426a-9a1d-d4bd14a041ac,"Demos After Dark w/ Fin, Clay","Demos After Dark w/ Fin, Clay","We're kicking off SF Tech Week with a demo night for the founders, builders and shakers in our startups community.",2026-10-05,2026-10-05T18:00:00-07:00,,FiDi (SF),,"Fin, Clay",Application,true,,181,raise; build,AI; GTM & sales,Demos & pitches,https://partiful.com/e/4hR2c72SkILJeP0NNOZT,2
c608f1e5-5f78-415c-a646-1917d2a4254f,Builders x Bosses x Beers at Club 345,Builders x Bosses x Beers at Club 345,"7:45 PM — Bites, drinks and networking until 9.",2026-10-05,2026-10-05T18:00:00-07:00,2026-10-05T21:00:00-07:00,FiDi (SF),"Club 345, 345 California St 5th Floor, San Francisco, CA","RocketRide, Cushman & Wakefield",Application,true,,,build; meet,AI,Happy hours & drinks; Networking & mixers,https://partiful.com/e/ZO1u81kUARBDh55Uz2PN,2
c91c2f81-fae6-4e04-921e-e6292d1b4894,The AI-Native Finance Workshop (with The FP&A Guy Paul Barnhurst),Use Claude for forecasting and reporting you can trace back to real data,This is a hands-on session on what actually changes when a finance function becomes AI-native.,2026-10-05,2026-10-05T14:00:00-07:00,,SOMA,,Pluvo,Application,true,,,build; meet,AI; Finance,Hackathons & workshops; Networking & mixers,https://partiful.com/e/GOaiFiZ4XSmkxtSidMJl,1
ca2b1452-2892-4741-bb1d-5d593e85f839,Women in Tech Leadership Brunch,Women in Tech Leadership Brunch,Kick off SF Tech Week over an Asian-inspired brunch with an intentional group of female leaders shaping the future of business with AI.,2026-10-05,2026-10-05T11:00:00-07:00,2026-10-05T13:00:00-07:00,SOMA,,AI/R Compass,Unknown,false,,,meet,AI,Coffee & breakfast; Networking & mixers,https://partiful.com/e/0BcRsyNypW4HzOYkr1fi,1
cc0345c8-42b5-4f20-8034-797b7abfdad2,AI Agents After Hours: The Next Chapter of Manus,AI Agents After Hours: The Next Chapter of Manus,​The next chapter of Manus starts with good company.,2026-10-05,2026-10-05T17:00:00-07:00,2026-10-05T20:00:00-07:00,FiDi (SF),,Manus AI,Application,true,,,build; meet,AI,Happy hours & drinks; Networking & mixers; Hackathons & workshops,https://partiful.com/e/BWzqWovyI2P0wJWRSfBc,2
ccbd9805-e5e1-4e27-90aa-c78e28234ca8,"Liquidity, Before the Exit","Liquidity, Before the Exit",Join Section Partners and Silicon Valley Bank for an evening exploring the expanding range of options for shareholders in late-stage private companies.,2026-10-05,2026-10-05T17:30:00-07:00,2026-10-05T20:00:00-07:00,Jackson Square,,"Section Partners, Silicon Valley Bank",Application,true,,,raise; meet,AI; Finance,Happy hours & drinks; Networking & mixers; Panels & firesides,https://partiful.com/e/I5KrM62j4kRlVLB0R2zb,4
d0c54b5a-d645-431b-b905-4586bdbc030a,"1,200 Free Coffees | Brewbird x Flex",Pick up a free coffee from Brewbird × Flex,Join BrewBird & Flex for coffee before the chaos.,2026-10-05,2026-10-05T08:00:00-07:00,2026-10-05T12:00:00-07:00,Downtown (SF),"Ray Florets, 40 Grant Ave, San Francisco, CA",Flex,RSVP,false,,403,meet,Finance; GTM & sales,Coffee & breakfast; Networking & mixers,https://partiful.com/e/0t3E5XQ4FuJYFdWO9Amr,2
d198db1b-cb33-4002-851a-f16bc5067428,Hardware Founders and Builders Breakfast,Compare hardware-building lessons over a small-group breakfast,"Join Byteforge Systems for a small, invite-only breakfast at a quaint, farm-to-table restaurant.",2026-10-05,2026-10-05T09:00:00-07:00,2026-10-05T11:00:00-07:00,SOMA,,Byteforge Systems,Application,true,,,build; meet,Robotics & hardware; Health & biotech,Coffee & breakfast; Networking & mixers,https://partiful.com/e/GUyVdHdlOrBVlsWwt6xI,1
d281fd99-64e7-4b2d-b2e0-506af17a1e3c,"Welcome Breakfast w/ Deel, Ramp, AWS & SOMA Capital","Welcome Breakfast w/ Deel, Ramp, AWS & SOMA Capital",This is how the you should be starting SF Tech Week!,2026-10-05,2026-10-05T09:00:00-07:00,,SOMA,,"Deel, Ramp",Application,true,,476,raise; meet,AI; Finance,Coffee & breakfast,https://partiful.com/e/sshCwLbYMZecQ5ogTF8l,3
d5075b70-f416-4d56-a57a-a993c8ebfa71,AI Native in Half a Day,"Build and test an AI prototype in a half-day, nontechnical workshop","Now that #GenAI has democratized buiding, Tech Week is for everyone!",2026-10-05,2026-10-05T10:00:00-07:00,,FiDi (SF),,"Corporate Accelerator Forum, University of San Francisco",Application,true,,197,build; meet,AI,Hackathons & workshops,https://partiful.com/e/djgA3DaRKo5ejNf6IrlA,3
d50db0ce-3431-4fbb-a31a-be272a0f5d12,Reverse Pitch Night: Cleantech & Sustainability Investors,Watch cleantech investors pitch themselves to a startup jury,Innovation Norway and Women in Cleantech & Sustainability are teaming up to host a Reverse Pitch Night.,2026-10-05,2026-10-05T17:30:00-07:00,2026-10-05T20:30:00-07:00,FiDi (SF),,"Innovation Norway, Women in Cleantech & Sustainability",Application,true,,302,raise; build; meet,AI,Demos & pitches; Networking & mixers,https://partiful.com/e/J4E9649wyPOb2N5Afc1X,2
d8b5f207-3093-4229-bf55-d6ccf8c979a1,Supporting Tech Teams Through Rapid Growth,Supporting Tech Teams Through Rapid Growth,From Disruption to Direction...,2026-10-05,2026-10-05T09:00:00-07:00,,Virtual (SF),,STRATIVIS,Unknown,false,,,build; sell,AI,Hackathons & workshops,https://partiful.com/e/G781Hi1P3TUVFPuY4ztS,1
db5ba5ac-90bd-44d0-b983-fbf1e94e2c65,How to get press without a PR agency,How to get press without a PR agency,"In this workshop, we'll talk about exactly how to find those 200 targeted journalists, how we've consistently achieved a 10% response rate (compared to the industry average of 0.5%), and the step-by-step process of how we've landed our…",2026-10-05,2026-10-05T17:30:00-07:00,2026-10-05T20:00:00-07:00,Mission,,Press Club,Application,true,,259,build; meet,AI; GTM & sales; Media & entertainment,Networking & mixers; Hackathons & workshops,https://partiful.com/e/CPjgUCjZH9VEdENr8rGG,5
dd756840-4ee9-40a4-852d-3ffa5bcf1ab4,AI-matched dinners with Rauk AI [SF],AI-matched dinners with Rauk AI [SF],Join us for a unique semi-private networking dinner where you'll be matched with up to 5 like-minded professionals using our AI-algorithm for an intimate and intentional night of connection.,2026-10-05,2026-10-05T19:00:00-07:00,,SOMA,,RAUK AI,RSVP,false,,,meet,AI,Dinners,https://partiful.com/e/g9PN84jDLja8eYPNngcQ,0
dfb0b32b-bd0b-4c6b-b153-660d3ad4d13d,AI-Native Design: Build with AI Agents,AI-Native Design: Build with AI Agents,"Join a small, hands-on builder workshop during #SFTechWeek.",2026-10-05,2026-10-05T14:00:00-07:00,2026-10-05T16:00:00-07:00,SOMA,,Koki AI,Application,true,,99,build,AI; Media & entertainment,Hackathons & workshops,https://partiful.com/e/tNsxXknU1I9ORcQFUzyA,1
dfc52c14-600b-465e-a4d1-f2d2f43979fe,[Demoscene],[Demoscene],,2026-10-05,2026-10-05T00:00:00-07:00,2026-10-11T23:45:00-07:00,SOMA,,Nlink,Application,true,,27,build,AI; Robotics & hardware; Media & entertainment,Panels & firesides; Hackathons & workshops,https://partiful.com/e/rutXHBiyWSEzT1lphL3n,2
e23307fd-b66f-4dcb-abd1-d9542ccc4107,Founders Dinner at the Shack15,Founders Dinner at the Shack15,"Join Luminar Ventures and Mesh Collective for an exclusive, high-signal gathering of top founders, leading investors, and Angels at Tech Week SF.",2026-10-05,2026-10-05T18:00:00-07:00,,Embarcadero,,Luminar Ventures,Application,true,,,meet,AI,Dinners; Networking & mixers,https://partiful.com/e/1H2S4jfepnmgU8GHcGp1,2
e288ceff-64e9-4a25-8b1f-26effa47024f,How Much Should AI Know About You?,Discuss the trade-off between AI usefulness and privacy over breakfast,"A breakfast panel with EFF Executive Director Nicole Ozer and a founder to be announced, hosted by the Swiss Consulate General.",2026-10-05,2026-10-05T09:00:00-07:00,2026-10-05T10:30:00-07:00,Other,"Residence, Consul General of Switzerland, San Francisco, CA",Consulate General of Switzerland in San Francisco,Application,true,,127,meet,AI,Coffee & breakfast; Networking & mixers; Panels & firesides,https://partiful.com/e/Davppm6AYmV5asACRhwD,3
e57ea098-cba3-4d70-b01c-086934d48951,BrewBird’s Coffee Before the Chaos,Taste four SF roasters through BrewBird’s pour-over brewer,Join BrewBird & Flex for coffee before the chaos of SF Tech Week.,2026-10-05,2026-10-05T08:00:00-07:00,2026-10-05T12:00:00-07:00,Jackson Square,,BrewBird,Application,true,,164,raise; build; meet,Robotics & hardware,Coffee & breakfast; Demos & pitches,https://partiful.com/e/ky1vbbVkLF1q0PfvSYTl,0
e64ff1fb-297b-4356-a10c-9358ec8602fd,Cyberglam NFC Nail Party,Cyberglam NFC Nail Party,"This is for the girlies who want to get glammed up for tech week, have you ever thought how convenient it would be to have your business card or keyfob embedded in your nails?",2026-10-05,2026-10-05T10:00:00-07:00,2026-10-05T13:00:00-07:00,Hayes Valley,"476 Grove St, San Francisco, CA",hallucinate LLC,Application,true,,556,meet; fun,Media & entertainment; Robotics & hardware,Parties & raves; Happy hours & drinks; Networking & mixers,https://partiful.com/e/cMV0MP8PxuhXIAFt4QIo,3
e67d5e17-9c3a-456a-a9ee-339b0815e13c,Wrapping up the Raise Luncheon - Deep Tech Investors & Closing Founders,Wrapping up the Raise Luncheon - Deep Tech Investors & Closing Founders,"Join Actuate Ventures and Strativ for an exclusive luncheon during SF Tech Week, designed to connect and inspire the brightest minds in the investment community.",2026-10-05,2026-10-05T11:30:00-07:00,2026-10-05T14:30:00-07:00,Other,,"Actuate Ventures, Strativ",Application,true,,45,raise; meet,AI; Finance; Robotics & hardware,Coffee & breakfast; Networking & mixers,https://partiful.com/e/0r8eF7wf5dPBkrt0Dd5O,2
e7d88c47-685a-4035-adea-0d5f75799454,⚡️The FUTURE of CAPITAL,⚡️The FUTURE of CAPITAL,"The evening will feature a panel discussion with investors and AI/commerce leaders, followed by drinks, food, and networking with the SFTechWeek community.",2026-10-05,2026-10-05T18:00:00-07:00,,SOMA,,Wizium,Application,true,,230,raise; meet,AI; Finance,Happy hours & drinks; Networking & mixers; Panels & firesides,https://partiful.com/e/nNXBQZGX2ug2bkYePPEM,7
e8773674-4485-4480-887e-f3bee71cbb72,Don't Be a Frango Lifting Club - Daily 6-9am,Don't Be a Frango Lifting Club - Daily 6-9am,[Join us in LA as well: LA.dontfrango.com],2026-10-05,2026-10-05T06:00:00-07:00,2026-10-11T10:00:00-07:00,SOMA,,Oxus Finance,Unknown,false,,,meet,Health & biotech,Networking & mixers,https://partiful.com/e/QRTqRJNlIe8x4XiheJ8j,0
e8a6ce99-f032-4ff9-af4c-0d0624e8f604,From Series A to Scale: Scaling Without Losing Control,From Series A to Scale: Scaling Without Losing Control,Join us for a candid panel discussion with experienced venture investors and ecosystem leaders on what their most successful founders consider after raising a Series A.,2026-10-05,2026-10-05T11:30:00-07:00,2026-10-05T13:30:00-07:00,Downtown (SF),,BPM LLP,Application,true,,160,raise,AI; Finance,Panels & firesides,https://partiful.com/e/SDZqRsGN0BuhHHJh4f3x,9
e90b5156-2b4e-4c38-ac65-ffb91843f89f,NEXA Café,NEXA Café,"SF Tech Week gets busy quickly, and sometimes you just need somewhere to go between events.",2026-10-05,2026-10-05T13:00:00-07:00,2026-10-05T16:00:00-07:00,FiDi (SF),,NEXA,Application,true,,,raise; meet,AI; Finance,Networking & mixers,https://partiful.com/e/m840kE5txBslNFdBQ68p,2
eb33aa6b-ff6d-4888-bec9-7f777cfb9eec,Built in SF,Built in SF,"​A night for the builders and backers who bet on San Francisco. Presented by Resource Commercial Real Estate with Garry's List and the SF Chamber of Commerce. Drinks, light bites, and good company with the people building this city's future. www.yourresource.com",2026-10-05,2026-10-05T16:30:00-07:00,2026-10-05T18:30:00-07:00,FiDi (SF),,Resource Commercial Real Estate,Unknown,false,,,raise; meet,AI; Finance,Happy hours & drinks; Networking & mixers; Panels & firesides,https://partiful.com/e/aiCM5GDHU1OUbK4Bfjs3,1
eb4f7aea-e110-4150-9dd3-018b96e4ee80,From Term Sheet To Cap Table - Workshop for Early Stage Founders,From Term Sheet To Cap Table - Workshop for Early Stage Founders,Join us for an interactive #SFTechWeek Workshop on navigating Term Sheets featuring leading San Francisco startup attorneys.,2026-10-05,2026-10-05T10:00:00-07:00,2026-10-05T11:30:00-07:00,Downtown (SF),,Qapita,Application,true,,227,raise; build,AI; Finance,Hackathons & workshops; Panels & firesides,https://partiful.com/e/C3jyBKO3Sn0qXSqWOBbE,3
eb80e25b-53e9-438e-a9fe-9dff1a4e5661,FinTech Founders' Lunch,FinTech Founders' Lunch,A seated lunch pairing fintech founders with fintech operators & enterprises who already made the crossing.,2026-10-05,2026-10-05T12:00:00-07:00,2026-10-05T14:30:00-07:00,Mission,,Leverage,Application,true,,25,meet,Finance,Coffee & breakfast,https://partiful.com/e/FaxYdhmYnPx7FJX706n3,0
f04b2ba5-21bd-4cc1-a48a-c1d15e34657e,"Building on Hard Ground: AI, Child Safety, and the CSAM Problem","Building on Hard Ground: AI, Child Safety, and the CSAM Problem","Generative AI has changed both sides of one of the internet's oldest safety problems. Detection tooling is faster and more capable than it has ever been — and so is the production of abuse material, including synthetic imagery that existing hash-matching infrastructure was never …",2026-10-05,2026-10-05T16:00:00-07:00,,Virtual (SF),,Shah Laboratories,Application,true,,,build,AI,Panels & firesides; Hackathons & workshops,https://partiful.com/e/lbhLdbLdinllFybvnps8,3
f05ed1ba-1087-4ea8-9a8d-80f442b586b8,ZEN VR EVENT,ZEN VR EVENT,"I’m based in Kyoto Japan, where I’m developing brain fatigue measurement system and the ZEN Recovery Program.",2026-10-05,2026-10-05T15:00:00-07:00,2026-10-05T17:00:00-07:00,FiDi (SF),"Salesforce Park, 425 Mission St, San Francisco, CA",NeuralPort Inc.,RSVP,false,SoldOut,60,,AI; Health & biotech,,https://partiful.com/e/xvfwiUVGlQSqHBeca3iP,3
f0c41431-6dad-476e-8d8b-dc70e9977579,Physical AI Series A founders & CVCs Breakfast,"Meet robotics founders, investors and researchers over breakfast","We're opening SF Tech Week with a breakfast for CVCs and robotics founders around Series A - one table, before the week gets loud.",2026-10-05,2026-10-05T08:30:00-07:00,2026-10-05T10:30:00-07:00,Downtown (SF),,Raisable,Application,true,,28,raise; meet,AI; Robotics & hardware,Coffee & breakfast,https://partiful.com/e/e116G5oDSjhCjQjBVVxi,2
f120974f-3990-416f-b3f3-c2ed3b39ef0f,LaughBytes By Gunreet Bal & Improvisors,LaughBytes By Gunreet Bal & Improvisors,"Welcome to Laugh Bytes* By Gunreet Bal — a live show about Love, Connection & AI.",2026-10-05,2026-10-05T18:30:00-07:00,2026-10-05T20:15:00-07:00,Other,Coming Soon,Guni Bal,Application,true,,90,,AI; Media & entertainment,,https://partiful.com/e/QFHsJDK5xhJblk4mTCFm,1
f20b27c4-a44c-480f-a678-2df8dad6cbd7,From a Data Swamp to a Data Agent You Can Trust: What It Actually Takes,From a Data Swamp to a Data Agent You Can Trust: What It Actually Takes,"In almost every conversation we have with technology leaders, the same problem surfaces.",2026-10-05,2026-10-05T16:00:00-07:00,,FiDi (SF),,Virtus Lab,Application,true,,207,build; meet,AI; GTM & sales,Happy hours & drinks; Networking & mixers; Panels & firesides,https://partiful.com/e/Air9OT3kYRs0gcg0Ldhd,5
f287651e-b96a-4845-94fa-f80a7932d122,AI Buyer Pitch Teardown @ Auth0,Pitch your AI startup to enterprise buyers for feedback,Join us at SF Tech Week for Auth0's Buyer Pitch Teardown.,2026-10-05,2026-10-05T14:00:00-07:00,2026-10-05T17:00:00-07:00,Downtown (SF),,Auth0,Application,true,,471,raise; build; sell; meet,AI,Demos & pitches; Networking & mixers,https://partiful.com/e/rtaNxMHufDNSg4ZVDGDT,8
f2ce2f67-1555-4ebc-a2a8-f464348b3941,GTM101: Influencer Hiring & Brand Partnerships,GTM101: Influencer Hiring & Brand Partnerships,"Creator partnerships have become a real growth channel, but most founders are figuring out how to hire, structure, and manage them as they go.",2026-10-05,2026-10-05T13:00:00-07:00,2026-10-05T14:00:00-07:00,Virtual (SF),,Luvira Consulting,RSVP,false,SoldOut,147,build; hire; sell,Media & entertainment; GTM & sales,Panels & firesides; Hackathons & workshops,https://partiful.com/e/rb06cYusK2vaHgD9UnoK,2
f61177e0-279c-41e5-9105-0743257fadfd,The Data Center Summit @,The Data Center Summit @,"We’ll discuss the biggest constraints and opportunities shaping the sector - including power availability, speed to capacity, modular construction, supply chains, new technologies, and how AI is changing the scale and economics of data…",2026-10-05,2026-10-05T17:30:00-07:00,,FiDi (SF),,Zacua Ventures,Application,true,,285,meet,AI; Robotics & hardware,Happy hours & drinks; Networking & mixers; Panels & firesides,https://partiful.com/e/z6exIARUW4fDuPkwTA4x,9
f78aa2ba-d835-4526-8635-b27a9a6ddee8,The Integration Layer for AI Agents,"Discuss how to connect production agents to tools, data and APIs","Join Open Future Forum during SFTechWeek for a practical, developer-focused conversation about the integration layer behind production-ready agents, the protocols, connectors, identity systems, and infrastructure that turn an AI model…",2026-10-05,2026-10-05T13:00:00-07:00,2026-10-05T15:30:00-07:00,FiDi (SF),"Yes SF Headquarters, 220 Montgomery St, San Francisco, CA","Open Future Forum, Agentic Fabriq",Application,true,,225,build; meet,AI,Networking & mixers,https://partiful.com/e/e47dXDQoGppojK0MMDHV,2
fa926522-a7c1-4190-b805-7fe0a2b780ea,MedTech/BioTech/NeuroTech battle scars,MedTech/BioTech/NeuroTech battle scars,Meet with folks in the broad lifesciences space.,2026-10-05,2026-10-05T17:30:00-07:00,2026-10-05T20:30:00-07:00,San Mateo,,Chaanakya Capital,RSVP,false,LimitedAvailability,141,raise; meet,Health & biotech; AI; Finance; GTM & sales,Networking & mixers; Panels & firesides,https://partiful.com/e/1Da4BBCEeRxBqCOqTvIy,3
fb9f5940-978d-447b-ad06-956061cda708,Fintech House SF (4th edition),Fintech House SF (4th edition),Join us for an evening of networking and conversations at the intersection of Fintech x AI x Venture.,2026-10-05,2026-10-05T18:00:00-07:00,2026-10-05T20:00:00-07:00,SOMA,,The Financial Club,Application,true,,120,build; meet,Finance; AI,Happy hours & drinks; Networking & mixers; Panels & firesides,https://partiful.com/e/9bLj62m5RjxJtUZ7aJ47,8
fbb44a16-2a89-493d-8336-86abc3cdc74f,The Next Consumer Breakouts: Founder × Investor Speed Dating,The Next Consumer Breakouts: Founder × Investor Speed Dating,"The most iconic tech companies are those that change how we communicate, create, travel, shop, learn, and live, becoming part of the fabric of everyday life.",2026-10-05,2026-10-05T15:00:00-07:00,2026-10-05T17:00:00-07:00,FiDi (SF),,PowerYou AI,Unknown,false,,,raise; meet,AI; Finance,Networking & mixers,https://partiful.com/e/WSezeKAcp3lUaowGfDBe,1
fbeace57-bc94-492f-92a2-6ccb408cca23,Biotech Happy Hour and Launch Party by ModernVivo,Biotech Happy Hour and Launch Party by ModernVivo,"Join us for an evening of drinks and conversation with the biotech community, hosted by ModernVivo.",2026-10-05,2026-10-05T18:00:00-07:00,,SOMA,,ModernVivo,Application,true,,276,meet; fun,Health & biotech; AI,Happy hours & drinks; Parties & raves; Networking & mixers,https://partiful.com/e/WSNasMBgeuYAg7qmnB0k,0
fd077fb7-de6b-4875-a62c-3d4cd18cfe32,Founder x Investor mixer,Founder x Investor mixer,We all know we’re secretly hoping to run into an investor during Tech Week. 👀,2026-10-05,2026-10-05T19:00:00-07:00,,NOPA,,Neda Emami,Unknown,false,,,raise; meet,AI,Happy hours & drinks; Networking & mixers,https://partiful.com/e/SGSMh7CMR7tBGmQD0DIx,2
fd1bea4d-5647-4b86-ae73-af68ec90795d,Infrastructure for the Agentic future,Infrastructure for the Agentic future,# Infrastructure for the Agentic Future,2026-10-05,2026-10-05T18:00:00-07:00,2026-10-05T20:00:00-07:00,SOMA,,Wasmer,Unknown,false,,,raise; build; meet,AI,Dinners; Demos & pitches; Hackathons & workshops,https://partiful.com/e/e7nzsUEwK4p3coY6mkXM,2
fe735d61-02f2-4ab8-b389-0aab14a3f99d,Rooftop AI Founders Happy Hour Mixer,Rooftop AI Founders Happy Hour Mixer,"Join us for a Rooftop AI Founders Happy Hour during #SFTechWeek — a relaxed evening bringing together AI founders, builders, operators, and investors from across the Bay Area.",2026-10-05,2026-10-05T17:00:00-07:00,,SOMA,"461 Bryant St, San Francisco, CA",Agiliway,Application,true,,47,meet,AI,Coffee & breakfast,https://partiful.com/e/JF5plTVVlYueMap27foZ,1
ff447771-3973-48c8-97ec-1b2726ece493,European Private Dinner at The Battery SF,European Private Dinner at The Battery SF,"Autopoiesis Sciences, Mune BioTech and Mike Mahlkow invite you to a European Private Dinner at The Battery SF.",2026-10-05,2026-10-05T19:00:00-07:00,2026-10-05T22:00:00-07:00,Jackson Square,,Autopoiesis Sciences,Unknown,false,,,meet,Health & biotech,Dinners; Networking & mixers,https://partiful.com/e/DZg8gm1QiQWbYjPBVI1P,3
0027a0ca-c6e9-4d90-87ea-52e4aacbce25,[The Future of Personal AI: On-Device Intelligence],[The Future of Personal AI: On-Device Intelligence],"📍 San Francisco
📅 October 6 · Evening
🍸 Panel + Networking",2026-10-06,2026-10-06T18:30:00-07:00,2026-10-06T21:30:00-07:00,FiDi (SF),,Clipto AI,Unknown,false,,,meet,AI; Media & entertainment,Happy hours & drinks; Networking & mixers; Panels & firesides,https://partiful.com/e/vjPLZ1zcMk5yRwQeB6dO,6
00978ebe-9a4f-4a4b-9e9f-779aab6143dd,Roundtable Dinner: Building a Risk-Proof Growth Engine - [DTWN],Roundtable Dinner: Building a Risk-Proof Growth Engine - [DTWN],Balancing domestic HR compliance and international talent strategy from Seed to Scale,2026-10-06,2026-10-06T18:30:00-07:00,2026-10-06T20:30:00-07:00,FiDi (SF),,G-P / Globalization Partners,Unknown,false,,,build; sell; meet,,Dinners,https://partiful.com/e/gHSuwneA2YCUX54U4QFc,2
020c1c27-f554-4c07-8569-e010d7e30a8b,Human-Centered AI: Safety in Cyberspace,Human-Centered AI: Safety in Cyberspace,Most conversations about AI and security start with the system. This one starts with the person using it.,2026-10-06,2026-10-06T15:15:00-07:00,,Virtual (SF),,Shah Laboratories,Application,true,,,build,,Panels & firesides; Hackathons & workshops,https://partiful.com/e/WsWTMkIBvNIDVaTHl9UX,2
02bd75fc-b5eb-44f0-beb6-385b9890a7e6,AI + Games : Good Start Labs Happy Hour,AI + Games : Good Start Labs Happy Hour,Join us for our Good Start Labs x SF Tech Week Happy Hour!,2026-10-06,2026-10-06T18:00:00-07:00,,Dogpatch,"Third Rail, 628 20th St, San Francisco, CA",Good Start Labs,Application,true,,96,meet; fun,AI,Happy hours & drinks,https://partiful.com/e/icp7kaojabHTxhwkLEFN,2
036ab2ff-1566-41ee-af53-643c2eaf024f,From Prototype to Production: Scaling Voice AI,From Prototype to Production: Scaling Voice AI,"In San Francisco’s Financial District, From Prototype to Production will bring together AI builders, engineers, founders, technology partners, and innovators for an evening of thought-provoking conversations, live demonstrations, and…",2026-10-06,2026-10-06T17:30:00-07:00,2026-10-06T20:30:00-07:00,FiDi (SF),"Financial District, San Francisco, CA",Agora,Application,true,,262,build; meet,AI,Networking & mixers; Panels & firesides,https://partiful.com/e/IL3sKweGcfohlDRJGFkk,8
03d0e8d8-6b9f-4688-a25c-e169e179502c,Agent Run to Coffee,Join Entire for a run that ends with coffee,"Join AI builders for a chill, easy group fun run!",2026-10-06,2026-10-06T08:00:00-07:00,,Downtown (SF),"Gott's Ferry Building, 1 Ferry Building, Unit 6, San Francisco, CA",Entire,Application,true,,89,build; meet; fun,AI; GTM & sales,Coffee & breakfast; Runs & walks,https://partiful.com/e/oUords2EfHJ1eV3c053l,1
03f41c6d-0989-432b-b859-48972363a381,Shipping Agents you can Trust,Shipping Agents you can Trust,"Agents are moving into real production workflows - they handle sensitive data, execute long horizon tasks and act autonomously. We're bringing together agent builders and practitioners from across security and trust and safety to exchange thoughts on building, shipping and securi…",2026-10-06,2026-10-06T17:30:00-07:00,2026-10-06T19:30:00-07:00,SOMA,,Realm Labs,Unknown,false,,,build; meet,AI,Networking & mixers; Panels & firesides,https://partiful.com/e/mm2RQMdNFk3kSXtUTL4B,0
0774a00f-6a52-4c0c-888d-a50c7735224d,RESET - Sunset Walk + Talk,RESET - Sunset Walk + Talk,Take a break from #SFTechWeek hopping and come get outside for some salty air.,2026-10-06,2026-10-06T17:30:00-07:00,,Presidio Heights,,BTC Inc,Unknown,false,,,raise; fun,Finance; AI; Health & biotech,,https://partiful.com/e/FRqjViB7ED43757B78xh,1
07c0f54a-3461-45bc-b8c8-271d00d538e8,Founder Circle | A Group Coaching Experience,Founder Circle | A Group Coaching Experience,"Founder Circle is a small, intimate group coaching experience hosted by Dar Patel, an executive coach, founder, and host of the Little Pursuits podcast.",2026-10-06,2026-10-06T09:30:00-07:00,,Downtown (SF),,Little Pursuits,Unknown,false,LimitedAvailability,40,raise; build; meet,AI; Finance,Hackathons & workshops,https://partiful.com/e/wtg21a5gvOsvSq6QJNra,2
0a533181-e9ea-47ca-90b4-c1e63589a0b1,International Founders: The AI & SaaS Pitch Clinic,International Founders: The AI & SaaS Pitch Clinic,"This is a 90-minute, neuroscience-based clinic, capped small so everyone gets real, personal feedback.",2026-10-06,2026-10-06T12:30:00-07:00,,Virtual (SF),,Jennifer Pawlitschek Consulting,RSVP,false,,,raise; build,AI,Demos & pitches; Hackathons & workshops,https://partiful.com/e/cCPgM5KVXpmlR3S6bnXH,1
0a61c61c-2492-4ed6-8b8d-7f4a55af2832,Own you Agentic Voice AMA,Own you Agentic Voice AMA,"Join us for a weekly office hours designed exclusively for AI agency owners, builders, and innovators at the intersection of telephony and AI voice.",2026-10-06,2026-10-06T12:30:00-07:00,2026-10-06T13:30:00-07:00,Virtual (SF),,"Cloudonix, Inc",RSVP,false,,89,build,AI,Hackathons & workshops,https://partiful.com/e/hdS7P4Rk0QIJlLT0sShF,2
0bfde2ee-0ea1-4cf0-a783-773e9a5aa994,Fine Tuning Your (Software) Factory Settings,Fine Tuning Your (Software) Factory Settings,AI-generated code is going into production.,2026-10-06,2026-10-06T12:00:00-07:00,2026-10-06T14:00:00-07:00,FiDi (SF),,CircleCI,Application,true,,206,build; meet,AI,Coffee & breakfast; Hackathons & workshops,https://partiful.com/e/p7wbsI2PqLVgqkW9Qxsw,1
0cc0320c-8cfe-4193-8bb6-8a9848ba2d61,🤖 The ChatGPT Moment for Robotics,🤖 The ChatGPT Moment for Robotics,"What consumer robotics still needs before it reaches households, and how long that takes.",2026-10-06,2026-10-06T17:45:00-07:00,2026-10-06T21:00:00-07:00,East Bay,"1950 Broadway, Oakland, CA",Cognitive Intelligence Company,Application,true,,,build,Robotics & hardware; AI,Hackathons & workshops,https://partiful.com/e/xf932qyXrYH0MLfy2mq2,1
0dbcd944-7e8f-4ed3-8176-d722f6ea9b2f,What Breaks When You Scale: The Hidden HR Risks of Growth,What Breaks When You Scale: The Hidden HR Risks of Growth,"As companies scale quickly, HR infrastructure often fails to keep pace—creating hidden exposure (and cost) in hiring, policies, documentation, manager practices, and the rapid adoption of AI tools without governance. These gaps can compound into compliance issues, investigations,…",2026-10-06,2026-10-06T11:00:00-07:00,2026-10-06T11:45:00-07:00,Virtual (SF),,DOMENICA,Unknown,false,,,build; sell,,Hackathons & workshops,https://partiful.com/e/z195kyPIjmJxwokHMV0p,0
0e7e1911-de7e-4068-af60-e6c906aba215,Kick off RUN & bottomless coffee,"Run with the tech community, then refuel over coffee",Kick off #SFTechWeek with #runners in #tech community AND BOTTOMLESS COFFEE ☕☕☕,2026-10-06,2026-10-06T07:00:00-07:00,2026-10-06T08:30:00-07:00,Downtown (SF),,"The Inflection, Zedra",Application,true,,172,raise; meet; fun,Finance; AI; GTM & sales,Coffee & breakfast; Runs & walks; Networking & mixers,https://partiful.com/e/EyxyN17T4nuj4FHj2WWV,0
0f2683ed-655e-4276-ba0a-6c0d4cd0924c,"Tech-Tile Tuesday at The Exploratorium, Hosted by Lightning AI","Tech-Tile Tuesday at The Exploratorium, Hosted by Lightning AI","Join founders, engineers, operators, and tech leaders for an evening where hands-on science meets the SF tech ecosystem.",2026-10-06,2026-10-06T19:00:00-07:00,2026-10-06T22:00:00-07:00,Embarcadero,,Lightning AI,Application,true,,382,build; meet,AI; Robotics & hardware,Happy hours & drinks; Networking & mixers,https://partiful.com/e/xFUO11tO8zPo7TBafOva,0
0f8ed9b2-953d-4c1c-b349-a30e1cd1e742,Smart Fleet Meet & Greet,Smart Fleet Meet & Greet,"Join us for an unforgettable experience chatting with founders, robotics enthusiasts, engineers, industry leaders, and the smart robots themselves.",2026-10-06,2026-10-06T17:00:00-07:00,2026-10-06T20:00:00-07:00,Downtown (SF),,"OpenMind, Bay Area Robotics Association",Application,true,,88,meet,AI; Robotics & hardware,Happy hours & drinks; Networking & mixers,https://partiful.com/e/MXdZ2h4NRXDoF7dtSakX,4
104b50cb-f03c-4118-a98d-405ef18a47de,AI Heist Challenge with Cogent x Modal x LangChain,AI Heist Challenge with Cogent x Modal x LangChain,"Cogent, Modal, and LangChain are hosting a live, team-based 'AI Heist challenge for SF Tech Week.",2026-10-06,2026-10-06T18:30:00-07:00,2026-10-06T21:00:00-07:00,Downtown (SF),,"Cogent, LangChain, Modal",Application,true,,56,build; meet,AI,Dinners; Hackathons & workshops; Networking & mixers,https://partiful.com/e/CQdFO5si7fnkMcfXet7q,4
10f17797-d76c-4a99-89b2-13f9e090d8b6,Morning Mixer @ Maiden Lane,Morning Mixer @ Maiden Lane,Start your SF Tech Week morning with Opal Security & Fable Security on Maiden Lane.,2026-10-06,2026-10-06T09:00:00-07:00,2026-10-06T12:00:00-07:00,FiDi (SF),"33 Maiden Lane, San Francisco, CA","Opal Security, Fable Security",RSVP,false,,262,meet,AI,Networking & mixers; Coffee & breakfast,https://partiful.com/e/zS8I5twCnqhL85GuNZDk,1
10f53fd3-f3d7-40d3-b486-8bd4867fc017,From 0 to Product Market Fit Panel,From 0 to Product Market Fit Panel,"Join leaders from Mercury, Supabase, Corgi, and Vanta for an honest conversation about finding your first customers, learning what they actually need, and building something they can’t live without.",2026-10-06,2026-10-06T16:00:00-07:00,2026-10-06T17:30:00-07:00,SOMA,"House of AI, 40 Boardman Pl, San Francisco, CA",Mercury,Application,true,,375,,AI; GTM & sales,Panels & firesides,https://partiful.com/e/wvaJ3ixy7pCTGR27QIoU,1
115af5ae-cf8c-4aec-8519-d3c3a38814e8,Consumer Apps Rooftop Mixer,Consumer Apps Rooftop Mixer,Hosting a small rooftop mixer at my place in the Mission for consumer app founders.,2026-10-06,2026-10-06T17:30:00-07:00,2026-10-06T20:00:00-07:00,Mission,,"Yesterday, Overtake",Application,true,,146,meet,Media & entertainment,Networking & mixers; Happy hours & drinks,https://partiful.com/e/f9i4wniSfH4HxIil25cR,0
11826192-52e1-455c-9a7f-3869665f3086,The Top Floor - An Evening for GTM Leaders,The Top Floor - An Evening for GTM Leaders,"Join a curated group of executives for an evening of connection, perspective, and ideas shaping the future of go-to-market.",2026-10-06,2026-10-06T17:30:00-07:00,2026-10-06T19:30:00-07:00,FiDi (SF),,Dust,Application,true,,,sell; meet,GTM & sales; AI,Happy hours & drinks,https://partiful.com/e/usxaJAdtp5DsC3BLqLlJ,1
13a2ec19-9de1-40c6-a735-0ed7e3b4c6d3,"Stand With Crypto × TFOT: AI, Web3, Deep Tech Happy Hour","Stand With Crypto × TFOT: AI, Web3, Deep Tech Happy Hour","Join SWC x TFOT: Happy Hour during #SFTechWeek for an evening of drinks, bites, good energy, and the kind of conversations that can turn into something more.",2026-10-06,2026-10-06T17:00:00-07:00,2026-10-06T20:00:00-07:00,Civic Center,"San Francisco War Memorial, 401 Van Ness Ave, San Francisco, CA",The Future of Tech,Application,true,,123,raise; meet,AI; Finance,Happy hours & drinks; Networking & mixers,https://partiful.com/e/aC2sLlE6RacePEMMW4K0,2
15f08877-91f7-4284-959e-58004295ff9a,Analog After Hours,Analog After Hours,"Pinball tournament hosted by Trunk at Emporium in NoPa, with food, drinks, prizes, and plenty of time to meet fellow founders and builders.",2026-10-06,2026-10-06T18:30:00-07:00,2026-10-06T21:30:00-07:00,NOPA,,trunk.io,Application,true,,81,meet,AI,Happy hours & drinks; Networking & mixers,https://partiful.com/e/gpGbuH5DwxSnOON7ofue,2
16377d5e-b7e0-4138-8871-48d539cffa3b,Voice & Chill Ice Cream Truck,Voice & Chill Ice Cream Truck,We’re hitting the streets of SF Tech Week with free ice cream and a few surprises along the way.,2026-10-06,2026-10-06T12:00:00-07:00,2026-10-06T18:00:00-07:00,Jackson Square,,AssemblyAI,RSVP,false,,180,meet,AI,Networking & mixers,https://partiful.com/e/81UFMe5uTqCmmZSZygWE,0
16482ccc-d51a-4628-833c-fce210d6f7b4,Breaking Things: An Off-the-Record AI Delivery Brunch,Breaking Things: An Off-the-Record AI Delivery Brunch,"This is a brunch for the people who actually have to deliver: AI application owners, product managers, GTM leaders and platform owners.",2026-10-06,2026-10-06T09:30:00-07:00,2026-10-06T12:00:00-07:00,Downtown (SF),"Financial District, SF",Impact.AI,Application,true,,,meet,AI,Coffee & breakfast; Networking & mixers; Panels & firesides,https://partiful.com/e/uVCBe0iG7ngGQ1JpEkrD,6
16951ece-b81d-426e-8b84-6a825dcb37a1,Applied AI in the Enterprise (Exclusive Dinner),Applied AI in the Enterprise (Exclusive Dinner),"A small, hosted dinner during SF Tech Week for people actually putting AI into production inside real companies — not a pitch night.",2026-10-06,2026-10-06T18:00:00-07:00,,FiDi (SF),,Schober Advisory,Application,true,,,sell; meet,AI,Dinners,https://partiful.com/e/pnY4k6WMplsnVe6KKm8D,1
173d3b04-910b-403d-ace6-8d8a0b29febd,Zero to Agent: Hands-on Agentic Workshop,Zero to Agent: Hands-on Agentic Workshop,Build an Agentic Workflow That Actually Works 🚀,2026-10-06,2026-10-06T18:30:00-07:00,,Embarcadero,"Cloudflare, 101 Townsend St, San Francisco, CA",RocketRide,Application,true,,161,build; meet,AI; GTM & sales,Coffee & breakfast; Networking & mixers; Hackathons & workshops,https://partiful.com/e/ft7BW22Hhymf3rkqEZFJ,2
183b5100-5586-45e4-b6a6-14d2fb51bf75,Morning Reset for Builders,Morning Reset for Builders,,2026-10-06,2026-10-06T08:00:00-07:00,,Marina,"Baker St, San Francisco, CA",evobeing LLC,RSVP,false,,,build; meet,AI; Robotics & hardware,Coffee & breakfast,https://partiful.com/e/NCN558aM2BZq1StR3DdY,1
188597a1-3bec-4d6a-b207-f1c2b79fe477,Ugly Talk: Women Founder Open Mic and Mixer,Ugly Talk: Women Founder Open Mic and Mixer,"This is an open mic format, so the stage belongs to the room.",2026-10-06,2026-10-06T19:00:00-07:00,,Downtown (SF),,Ugly Talk,RSVP,false,,139,meet,GTM & sales,Networking & mixers; Happy hours & drinks,https://partiful.com/e/ERgFBgXuNXCjE2tgOgi8,1
18e1f83c-42a1-4555-982d-7596154cc48c,LUNCH&LEARN: BUILDING A FOUNDER BRAND,LUNCH&LEARN: BUILDING A FOUNDER BRAND,Founders are increasingly becoming the front door to their business.,2026-10-06,2026-10-06T12:00:00-07:00,,Downtown (SF),,VoiceScale,RSVP,false,,176,build; meet,,Coffee & breakfast; Panels & firesides; Hackathons & workshops,https://partiful.com/e/q3bNdgfSLETBeKAO8ocw,1
191f7886-e75c-4f3c-a7c9-427e00fb0429,Inside the Executive Suite - Ask Me Anything,Inside the Executive Suite - Ask Me Anything,"Join PwC during SF Tech Week for an ask-me-anything conversation with Sameer Shirsekar, PwC Partner, Brian Roberts, a16z Partner and former CFO of Lyft and Splunk, and Andrew Peek, Head of Technical Accounting & Reporting at Anthropic.",2026-10-06,2026-10-06T09:00:00-07:00,2026-10-06T11:00:00-07:00,SOMA,,PwC,Application,true,,28,raise; meet,AI; Finance,Coffee & breakfast,https://partiful.com/e/QPGJFsglf42vorYNVpx9,6
19aabe19-bf95-4993-b7a0-f658c5ae0441,Beyond Borders: Building Global Companies,Beyond Borders: Building Global Companies,"Join Ontop during Tech Week for an evening bringing together founders, operators, and business leaders building companies beyond borders.",2026-10-06,2026-10-06T18:00:00-07:00,,Union Square (SF),,Ontop,Unknown,false,,,build; meet,,Dinners; Happy hours & drinks,https://partiful.com/e/N7GPdPRfLW474NOYETnY,1
1ae3d5a2-d6a5-4290-b573-dbc2a4f8f006,Building in Health Tech: Founder Talks + Technical Networking,Building in Health Tech: Founder Talks + Technical Networking,"An evening for Berkeley and Bay Area technical students built around short engineering-led talks from health-tech founders, followed by structured networking with those founders and their engineering teams.",2026-10-06,2026-10-06T18:30:00-07:00,2026-10-06T21:00:00-07:00,East Bay,,"Health Engine, Techstars, Wavemaker 360",Application,true,,302,raise; build; meet,Health & biotech; AI; Finance,Networking & mixers; Dinners; Panels & firesides,https://partiful.com/e/BYJlwUtDc2VtgKc2AcvR,3
1c6c2d42-6e5e-4baa-97da-4637ae580f00,Tool Social Club,Tool Social Club,Join us as we bring together the leading model makers shaping the future of creative AI for a night of candid conversation about the rapidly evolving frontier of generative AI and how it’s impacting commercial and entertainment content…,2026-10-06,2026-10-06T18:00:00-07:00,2026-10-06T21:00:00-07:00,SOMA,,Tool,Unknown,false,,99,,AI,Panels & firesides,https://partiful.com/e/hFOQv0LDW2a1vehxwDRt,3
1e8ab954-dfe0-42d3-9208-a30f52d88334,"Future of Aging: AI, Longevity & Care","Future of Aging: AI, Longevity & Care","Join founders, investors, healthcare leaders, and aging experts for a conversation on the future of AgeTech and how AI is reshaping the way we support older adults.",2026-10-06,2026-10-06T14:00:00-07:00,,Stanford,,Care Mojo,Application,true,,122,build; meet,AI,Networking & mixers; Panels & firesides; Hackathons & workshops,https://partiful.com/e/WhcVRusCXhuoVrxVjqsX,5
1e9a7f17-73c3-4f14-9d3c-7321baee1ffc,Agentic commerce builders night,Agentic commerce builders night,AI agents are the new customers 🤑,2026-10-06,2026-10-06T18:00:00-07:00,2026-10-06T21:00:00-07:00,SOMA,,Apify,Unknown,false,,,build; meet,AI,Networking & mixers; Panels & firesides,https://partiful.com/e/wHF5PBerCfyW4K9XjF1R,6
1e9cbabf-2d1a-4e9f-ac24-6fa652f35ab4,NYX AI BUILDERS NIGHT,NYX AI BUILDERS NIGHT,"An invite only gathering bringing together the NYX community, portfolio founders, and trusted partners during SF Tech Week.",2026-10-06,2026-10-06T18:00:00-07:00,2026-10-06T21:00:00-07:00,Chinatown,,NYX Ventures,Application,true,,9,build; meet,AI,Dinners; Networking & mixers; Panels & firesides,https://partiful.com/e/h1bzMYbQtoRvUkL4jrQk,1
1ee0a2e5-80d3-4d58-b78d-8662c18e560c,Women-Led Startups Pitch & Network,Meet 10 women-led startups and hear their 90-second pitches,"Join EchoHer during #SFTechWeek for an afternoon celebrating women-led startups, new ideas, and meaningful connections.",2026-10-06,2026-10-06T14:00:00-07:00,2026-10-06T17:00:00-07:00,Mission,,"EchoHer, Pebblebed",Application,true,,269,raise; build; meet,AI; Finance,Demos & pitches; Networking & mixers,https://partiful.com/e/mTnO1ArLMfjKqBMk7VCm,8
2006e8ee-f8da-4d75-b009-a040305cb7a5,Consumer AI Showcase: Live Demos & A Panel on The Retention Playbook - #SF TechWeek,See six consumer AI products live and learn what keeps users coming back,"Retention panel at 10:15 AM, then six live product demos from 11:30 with Q&A. Speakers are still to be announced; applications to demo close October 2.",2026-10-06,2026-10-06T18:00:00-07:00,2026-10-06T21:00:00-07:00,Union Square (SF),,Walnut AI,Application,true,,,raise; build; meet,AI; GTM & sales,Demos & pitches; Panels & firesides,https://partiful.com/e/qLf3m32yiVD07GQUpuQF,2
201447ed-c38a-4dd6-bb1b-6f3c1c636464,The Art of Narrative by Verci,The Art of Narrative by Verci,"We're bringing together visual artists, content creators, writers, and storytellers who are shaping how brands connect — the people at the forefront of turning products into narratives and companies into something people actually care…",2026-10-06,2026-10-06T16:00:00-07:00,2026-10-06T19:00:00-07:00,Other,,Verci,Application,true,,,build,Media & entertainment; AI,Hackathons & workshops,https://partiful.com/e/1iBttIF52k3vVGCO8gg8,0
21ee60e3-759f-457c-ac41-9fd156a14ad8,Apollo GTM 90s Workout: in the Park,Apollo GTM 90s Workout: in the Park,"By registering for or attending this event, you agree to Apollo's Event Terms & Release of Liability (see below).",2026-10-06,,,Embarcadero,,Apollo.io,Application,true,,,sell; meet,AI; GTM & sales,Coffee & breakfast,https://partiful.com/e/1oOqXSpCN1k0G0Or2Bff,3
22a2a88b-6e09-44f1-b2aa-e73214a68378,Blue Startups Showcase & ʻOhana Mixer,Blue Startups Showcase & ʻOhana Mixer,Join Blue Startups and ThriveHI during SF Tech Week for an evening celebrating Hawaiʻi’s growing startup ecosystem.,2026-10-06,2026-10-06T17:00:00-07:00,,FiDi (SF),,"Blue Startups, Thrive HI",Application,true,,,raise; meet,AI; Finance,Networking & mixers; Happy hours & drinks; Panels & firesides,https://partiful.com/e/0ANfpyfbVruyDl6vMDjc,3
22b0a0f2-32fa-49be-bfb6-97dd95724eb0,Building Global Companies - Panel + Sunset Mixer,Building Global Companies - Panel + Sunset Mixer,"Join us for a sunset with a great panel featuring Julian Nuñez Cofounder of Yuno, Ivan Montoya Founder & MP at NuMundo Ventures; moderated by Daniel Ospina Co-founder at Pygma.  #SFTechWeek",2026-10-06,2026-10-06T17:00:00-07:00,,Stanford,,Pygma,Unknown,false,,,raise; build; meet; fun,AI; Finance,Happy hours & drinks; Networking & mixers; Panels & firesides,https://partiful.com/e/Rh8HiFtibeYawDLqqhIp,3
22b6da7d-f8bc-44ed-8e2e-6e278b18fc7d,"Books, Media & AI: Surrounded","Books, Media & AI: Surrounded","If you can talk to a book, do you still need to read it? If AI takes on a specific author's world view, is that better or worse for the user?",2026-10-06,2026-10-06T15:30:00-07:00,2026-10-06T17:30:00-07:00,FiDi (SF),,PowerYou AI,Unknown,false,,,build,AI; Media & entertainment,Panels & firesides; Hackathons & workshops,https://partiful.com/e/KgzVU1Hb5SAgri2mPL4e,1
23dffd4a-626b-4967-a52c-888584100892,CPO & Talent AMA,CPO & Talent AMA,"Join STRATIVIS during San Francisco Tech Week for an open, practical conversation with CHRO/CPO Jenna Ferrua and talent experts Erin Todus, Amy Crook, and Christine Hill.",2026-10-06,2026-10-06T09:00:00-07:00,,Virtual (SF),,STRATIVIS,Application,true,,,build; hire,,Panels & firesides; Hackathons & workshops,https://partiful.com/e/evIMlFO5u1oS3yWBmfue,4
243d4369-0c3b-42e6-8a50-bd3789456345,Founding GPs VC Omakase,Founding GPs VC Omakase,"Join Unicorner, Mercury, and Carta for a small and highly curated omakase dinner with a room of founding GPs.",2026-10-06,2026-10-06T18:00:00-07:00,2026-10-06T21:00:00-07:00,SOMA,,"Unicorner, Mercury",Application,true,,,raise; meet,AI; Finance,Dinners,https://partiful.com/e/DFEq03SNjlL1zNgmZ9VD,1
257e316c-4742-4936-aa18-2a77121ceb6d,Space Hardware Demo Day,Space Hardware Demo Day,"This is a demo day, so expect to see the real thing- prototypes, test rigs, and founders who can answer hard technical questions on the spot.",2026-10-06,2026-10-06T19:00:00-07:00,,SOMA,,Small Steps & Giant Leaps,Application,true,,122,raise; build; meet,AI; Finance; Robotics & hardware,Demos & pitches; Networking & mixers,https://partiful.com/e/7nfqkmoBCMmQ3OE14XwP,1
26205a13-4380-4a07-ab8d-cef1e08245d0,Founder and Investor Happy Hour,Founder and Investor Happy Hour,"Join McDermott Will & Schulte, BDO and Berkeley Angel Network for an exclusive evening where founders, investors, and technology leaders come together to connect beyond the conference floor.",2026-10-06,2026-10-06T17:30:00-07:00,2026-10-06T19:30:00-07:00,Palo Alto,,"McDermott Will & Schulte, BDO, Berkeley Angel Network",Application,true,,,raise; meet,AI; Finance,Happy hours & drinks,https://partiful.com/e/AMzjVDnJsoZFlx8Tv81D,1
266e8516-f0f2-43cf-80ab-634a63342877,Fashion Tech: 3D Printed Fashion and Beyond,Fashion Tech: 3D Printed Fashion and Beyond,"Join us for SF Tech Week to learn about the future of fashion: 3D printed fashion, founders working in the space (and Filipino food and drinks for purchase!) 
Local DJs will be playing after our talk for an evening of networking with like minded fashion enthusiasts.",2026-10-06,2026-10-06T17:00:00-07:00,2026-10-06T20:00:00-07:00,Panhandle,,Soigné,Application,true,,,meet,AI,Networking & mixers; Panels & firesides,https://partiful.com/e/PFZntdIm8y9JFch4wAyu,6
269d6768-ae2b-4616-8fc3-e35ed384b58c,Data Centers on Fire. Green Software the Extinguisher - #SF TechWeek,Data Centers on Fire. Green Software the Extinguisher - #SF TechWeek,"Join us for a candid conversation on where the real leverage is in solving AI's energy crisis, and what it means for the future of data center and cloud design.",2026-10-06,2026-10-06T17:00:00-07:00,2026-10-06T19:00:00-07:00,FiDi (SF),,9 Zero,Application,true,,161,,AI,Panels & firesides,https://partiful.com/e/ltSnISQtjhNgFt0D1usK,5
26d84245-e472-4fd5-b867-456576198af3,Mercury Bookstore,Mercury Bookstore,"To join the more than 300K entrepreneurs that trust Mercury, visit mercury.com.",2026-10-06,2026-10-06T10:00:00-07:00,2026-10-08T16:00:00-07:00,Jackson Square,"201 Jackson St, San Francisco, CA",Mercury,RSVP,false,,,meet,Finance,Networking & mixers; Panels & firesides,https://partiful.com/e/EK8RuGJHGnj6NrXuzfD2,4
272d2be8-d2ab-4112-9ab3-741d00d664e0,Agent Controls and the Governance Gap,Agent Controls and the Governance Gap,"As AI agents take on more responsibility, how can enterprises keep them within scope, compliant, and reliable?",2026-10-06,2026-10-06T13:00:00-07:00,2026-10-06T17:00:00-07:00,Embarcadero,,AI Realized and K&L Gates,Application,true,,,build; meet,AI,Coffee & breakfast,https://partiful.com/e/AIp1BBNvUsXCzjUUnnAS,15
2815b4a3-d50f-4568-8fcc-172cc55d3a4c,Brain Fuel Pop Up,Brain Fuel Pop Up,"No pitch, no badge scan — just brain fuel and good conversation about what's actually keeping your head clear this week.",2026-10-06,2026-10-06T11:00:00-07:00,2026-10-08T16:00:00-07:00,Other,,Soma,Application,true,,,,Health & biotech,,https://partiful.com/e/yUiyKfaqwROoWjXViMG5,0
28f4b1e1-ade8-4b22-8d45-260e83fece77,Post-Training & Agent Infra - #SF TechWeek,Post-Training & Agent Infra - #SF TechWeek,"Own Your Agent: Weights, Harness, and the Humans in Between",2026-10-06,2026-10-06T16:00:00-07:00,2026-10-06T20:00:00-07:00,Palo Alto,,Beta University,Application,true,,,build,AI; Robotics & hardware,Panels & firesides,https://partiful.com/e/Wp8uDUZ7eMKtWL7NTQk0,2
29410668-2ddb-4413-8860-27ef1833054c,Creator Economy Office Hours,Creator Economy Office Hours,Join us for a candid conversation on what makes a pitch land and what brands are actually looking for in a creator partner right now (hint: it's not just follower count).,2026-10-06,2026-10-06T18:30:00-07:00,2026-10-06T21:00:00-07:00,Civic Center,"3108 Fillmore St B, San Francisco, CA 94123","Wati, AhaCreator",Application,true,,156,,Media & entertainment,Panels & firesides,https://partiful.com/e/td9A7HFbw2WXXnWaw3CH,5
2bb716da-776c-472c-91ce-3ea4cb7dbc6e,Self-improving Agentic Harness,Self-improving Agentic Harness,It runs the whole thing as a continuous loop so every failure becomes a permanent test case.,2026-10-06,2026-10-06T17:30:00-07:00,2026-10-06T19:30:00-07:00,SOMA,,Neens.ai,RSVP,false,,,build; meet,AI,Happy hours & drinks; Networking & mixers; Hackathons & workshops,https://partiful.com/e/H0NQascM2psY2hqATBrJ,0
2bdb80da-df0f-4a90-9cba-d9329ca39fdb,Digital Asset Strategy Roundtable,Digital Asset Strategy Roundtable,"In October, BRG and the California Blockchain Advocacy Coalition will host a private, invitation-only roundtable in San Francisco for senior leaders from financial institutions, fintechs, and digital asset firms to discuss how these…",2026-10-06,2026-10-06T09:00:00-07:00,2026-10-06T11:00:00-07:00,Presidio Heights,,"California Blockchain Advocacy Coalition, Berkeley Research Group",Application,true,,31,build; meet,,Hackathons & workshops,https://partiful.com/e/3N2tUpgYrCvq4Bh8CPJI,2
2c9bce40-f00a-4552-9ba4-075a193efed9,Agents After Hours,Agents After Hours,"No panels, no pitch competition, and no forced networking; just a strong room, great drinks, and real conversations with people working on what comes next.",2026-10-06,2026-10-06T17:00:00-07:00,2026-10-06T20:00:00-07:00,Marina,"Marina District, San Francisco, CA","Lydo, Rails AI",Application,true,,,raise; build; meet,AI; Finance,Happy hours & drinks; Networking & mixers,https://partiful.com/e/Mfn8U0Dx4wg4NErB0g39,2
2ca005c7-2d8a-457d-bbc5-9eef2b7095a9,Cafe Compute: CTO Salon,Cafe Compute: CTO Salon,"Enjoy the vibes of a pop-up coffeeshop with a barista bar ☕️, cozy snacks and couches 🛋️, and more.",2026-10-06,2026-10-06T19:00:00-07:00,2026-10-06T21:00:00-07:00,FiDi (SF),"50 Fremont St 35th floor, San Francisco, CA","Cerebras, Datadog",Application,true,,,meet,AI,Happy hours & drinks; Networking & mixers,https://partiful.com/e/NOMZSIfQxnv1UeWYei0W,3
2d0dcc97-4293-4352-b598-a10dba34c98a,Beyond the Equity,Beyond the Equity,"Beyond the Equity: Navigating Liquidity, Taxes, and What Comes Next",2026-10-06,2026-10-06T16:00:00-07:00,2026-10-06T18:00:00-07:00,FiDi (SF),,Inflection Capital Management,Unknown,false,,,raise; meet,AI; Finance,Happy hours & drinks; Networking & mixers; Panels & firesides,https://partiful.com/e/vMMID3vvzwc1xu5Ypz5A,3
2e9c7b57-fe5f-470f-9512-5afe44ca215f,Robotics Data & Commercialization - @Robotics Center,Robotics Data & Commercialization - @Robotics Center,"Robotics Data & Commercialization brings together perspectives from foundation model research, robotics companies, and data providers to discuss how robotics data moves from collection and training to real-world deployment and commercial value.",2026-10-06,2026-10-06T18:00:00-07:00,2026-10-06T21:00:00-07:00,SOMA,,Physical AI Operators,Unknown,false,,,meet,AI; Robotics & hardware,Networking & mixers; Panels & firesides,https://partiful.com/e/EhStPQqUj2hxuOFyYYNc,5
2ef476e1-55f9-4f4d-b818-fdf0b3b421f6,Ulysses: Ocean Robotics,Ulysses: Ocean Robotics,Only a few more spaces left!,2026-10-06,2026-10-06T17:30:00-07:00,2026-10-06T20:00:00-07:00,South Beach,,SF Blue Tech,Unknown,false,,,meet,,Happy hours & drinks; Networking & mixers; Panels & firesides,https://partiful.com/e/YjEDbWFdINGVV1UtlgGx,2
2fe6e2bb-d17b-42d3-b29b-d2787c17f537,AI Insider Dinner & Roundtable (Invite Only),AI Insider Dinner & Roundtable (Invite Only),"Breakthroughs in AI coding tools and foundation models have fundamentally altered how software is written, who writes it, and what it means to be an engineer. With a growing number of tasks now being tackled by AI-enabled agents, tech leaders must navigate how best to manage thes…",2026-10-06,2026-10-06T18:00:00-07:00,2026-10-06T21:00:00-07:00,Design District,,Business Insider,Unknown,false,,,meet,AI,Dinners,https://partiful.com/e/lrDxWQkIwSobBdnmj3dq,1
30ae2bf2-17ee-4197-8d57-885e834613b2,Built Different: UnCommon Demo Night,Built Different: UnCommon Demo Night,"For the past 90 days, the UnCommon Incubator has brought together an ambitious group of founders to refine their ideas, sharpen their pitches, and build alongside a supportive community.",2026-10-06,2026-10-06T17:30:00-07:00,,East Bay,"The Rotunda - UnCommon Incubator, 300 Frank H Ogawa Plaza, Oakland, CA",Rubicon Point Partners,Application,true,,179,raise; build,Media & entertainment; Finance; AI,Demos & pitches,https://partiful.com/e/OQhHfSxfx8Sv1LqosA2u,0
30ccadac-e14e-474d-8b59-5695effd3abe,Meet the Lab: Mistral,Meet the Lab: Mistral,Meet the scientists behind Mistral's frontier models over coffee and breakfast.,2026-10-06,2026-10-06T08:00:00-07:00,2026-10-06T11:00:00-07:00,SOMA,,Mistral,Application,true,SoldOut,420,build; meet,AI,Coffee & breakfast; Networking & mixers; Panels & firesides; Hackathons & workshops,https://partiful.com/e/ZHJuwImyrtzO0VoIkH4I,0
31e0ed3d-7478-4f4f-aeec-dc02e33b2735,Creative AI: The Next 12 Months,Creative AI: The Next 12 Months,"One hour with people who are building AI creative tools from major players such as Adobe, Google, Wonder, Pactto, and others. We're asking what actually changes between now and this time next year. Not the five year vision. The next twelve months.",2026-10-06,2026-10-06T18:00:00-07:00,2026-10-06T20:30:00-07:00,SOMA,,Pactto and Adobe,Application,true,,,,AI; GTM & sales; Media & entertainment,Panels & firesides,https://partiful.com/e/yW2no0HdgcMLh71JIbSs,1
32d0675e-c837-491b-9b78-1af045b78e75,Live Models Fireside Chat,Live Models Fireside Chat,Join the Visko and Google teams for a casual fireside chat on real-time video generation.,2026-10-06,2026-10-06T15:30:00-07:00,2026-10-06T17:30:00-07:00,Downtown (SF),,Visko Platform,Application,true,,,meet,AI; Media & entertainment,Panels & firesides; Networking & mixers,https://partiful.com/e/Qw2FzZN0AquhTZZBU3bl,1
334f88e2-0ec2-47f1-b2c7-5b2b2ead3e0a,The MCP Gateway,The MCP Gateway,"How AI agents securely connect to tools, APIs, and enterprise systems through a unified gateway.",2026-10-06,2026-10-06T13:00:00-07:00,2026-10-06T15:30:00-07:00,FiDi (SF),"JOE & THE JUICE, 301 Howard St, San Francisco, CA","Agentic Fabriq, Open Future Forum",Application,true,,187,build; meet,AI,Networking & mixers,https://partiful.com/e/OHrliZwTiNCCYxC53mZZ,2
33807f99-052c-47f2-ac43-1fb4a8fb82c3,AI Got Faster? We Audited our own PRs & Tickets - it wasn’t pretty! Yours Probably Won't Be Either,AI Got Faster? We Audited our own PRs & Tickets - it wasn’t pretty! Yours Probably Won't Be Either,"Breakfast, an open discussion, and a few minutes on what we built.",2026-10-06,2026-10-06T10:00:00-07:00,,Downtown (SF),"Downtown SF, San Francisco, CA",CXAI,Application,true,,105,meet,AI,Coffee & breakfast,https://partiful.com/e/tYs3AAbn7NC813X6nEV1,3
33acf3cd-ea43-42df-8d22-9f12e18131d9,Neural Concept WorkShop,Neural Concept WorkShop,"In this workshop, Neural Concept will show how organizations like Airbus, GM, and Williams Racing are embedding AI directly into engineering workflows across simulation, thermal, structural, and aerodynamic design.",2026-10-06,2026-10-06T08:00:00-07:00,2026-10-06T17:00:00-07:00,Union Square (SF),,Neural Concept,Application,true,,,build,AI,Hackathons & workshops,https://partiful.com/e/yw9gLOT2Saia2PpXt8ih,1
35170784-d36b-422e-b3dc-9b20ba4dddc9,Future of AI in Peace & War: Demo Day (with Civic Health Project),Future of AI in Peace & War: Demo Day (with Civic Health Project),"See the AI founders solving war & peace – live, in San Francisco.",2026-10-06,2026-10-06T09:00:00-07:00,2026-10-06T10:30:00-07:00,Civic Center,"95 Third Street 2nd Floor, San Francisco, CA, 94103, USA",B Ventures Group,Unknown,false,,250,raise; build,AI; Health & biotech,Demos & pitches,https://partiful.com/e/3EzC7AYYVHoPuh1xaJQJ,2
354cf0a8-c4bb-41ea-b2ec-29314451f357,International Founders: Biotech/Deep Tech Pitch Clinic,Rework your biotech or deep-tech pitch with a coach,"A 90-minute small-group clinic with Jennifer Pawlitschek: advance deck review, your opening minute, presence and tough Q&A. $95 early / $125 regular; online.",2026-10-06,2026-10-06T10:30:00-07:00,,Virtual (SF),,Jennifer Pawlitschek Consulting,RSVP,false,,,raise; build,Health & biotech; AI; Finance,Demos & pitches; Hackathons & workshops,https://partiful.com/e/WCIAIQqtUeK2p64O5n3i,1
35b24bc0-3b37-445b-8d85-53618701a70c,Sustainable AI for Practitioners: A Collaborative Workshop,Sustainable AI for Practitioners: A Collaborative Workshop,Join us for a hands-on session where you'll get to talk with green software practitioners about measuring and shrinking AI's footprint without sacrificing performance.,2026-10-06,2026-10-06T12:00:00-07:00,2026-10-06T13:30:00-07:00,FiDi (SF),,"9 Zero, 9Zero",Application,true,,137,build,AI,Hackathons & workshops,https://partiful.com/e/AeVNX45TveaXbokClhfn,4
369e208d-4e87-4e24-9198-6e79bd54aba8,Open Social Web Meetup,Open Social Web Meetup,This is a casual get-together at a local brewery (venue update incoming).,2026-10-06,2026-10-06T18:00:00-07:00,2026-10-06T21:00:00-07:00,Mission,"Zeitgeist, 199 Valencia St, San Francisco, CA",Habitat,RSVP,false,,,meet,Media & entertainment,Networking & mixers,https://partiful.com/e/rOlLWCjeCKEk8WZIGeIa,1
378958a1-fa51-49e1-a460-462987d5f53a,"Robotics & Frontier Labs × Investors Breakfast (Amino Capital, Five Star Bank, Haynes Boone)","Robotics & Frontier Labs × Investors Breakfast (Amino Capital, Five Star Bank, Haynes Boone)","Frontier Labs × Investors Roundtable Breakfast (Amino Capital. Five Star Bank, Haynes Boone) #SFTechWeek Tuesday, October 6, 2026 | 9:00–11:00 AM Location: Club 345, 345…",2026-10-06,2026-10-06T09:00:00-07:00,2026-10-06T11:00:00-07:00,FiDi (SF),,Amino Capital,Unknown,false,,,raise; meet,,,https://partiful.com/e/ecIQ60Ren6pRGaUN5NQx,0
3899a699-b696-4ec8-86fd-260e67d29f94,Spike Finder: A Founder Hiring Workshop Over Charcuterie,Spike Finder: A Founder Hiring Workshop Over Charcuterie,This is a working charcuterie lunch for founders and recruiting leads!,2026-10-06,2026-10-06T12:30:00-07:00,2026-10-06T13:30:00-07:00,FiDi (SF),,Arra Talent,Unknown,false,,,build; hire; meet,,Coffee & breakfast; Networking & mixers; Hackathons & workshops,https://partiful.com/e/srDVhssX6gYCqSwLMrqf,1
39215bde-0c3d-49c5-9783-835866f98e5f,Bridging Innovation & Defense: A special event for Defense Innovators at,Bridging Innovation & Defense: A special event for Defense Innovators at,"Join over 200 defense tech founders, investors, and national security leaders at an iconic San Francisco Marina District waterfront location for an intimate evening dedicated to scaling dual-use innovation.",2026-10-06,2026-10-06T17:45:00-07:00,2026-10-06T20:00:00-07:00,Marina,,RapidFort,Application,true,,,raise; meet,AI; Finance,Dinners; Networking & mixers; Panels & firesides,https://partiful.com/e/vmzI2Tf6Cnk89BfyEBaM,7
393a2f37-0181-461b-9bc9-c9a4f3b2bdfc,Croissant Maxxing - Multiplayer AI featuring Arsicault croissants,Croissant Maxxing - Multiplayer AI featuring Arsicault croissants,"Join PromptQL and Arsicault for Croissant Maxxing, a celebration of flaky layers, good conversation, and the people building what’s next in San Francisco.",2026-10-06,2026-10-06T16:00:00-07:00,2026-10-06T18:30:00-07:00,SOMA,,PromptQL,Application,true,,127,meet,AI,Networking & mixers,https://partiful.com/e/cCmE69jj2rBnMYMv8kHs,2
39dbfc77-661a-4988-8f4d-ccb5a01b2105,"Accredited Investor AI Briefing: Longevity, Clinical Adoption, and Exit ⚕️🏥🔬🧬","Accredited Investor AI Briefing: Longevity, Clinical Adoption, and Exit ⚕️🏥🔬🧬","Join an exclusive room of accredited investors to evaluate how AI is reshaping longevity, and gain front-row perspectives on clinical efficacy, hospital adoption, FDA regulations, reimbursement, distribution, and asset allocation…",2026-10-06,2026-10-06T14:30:00-07:00,2026-10-06T18:00:00-07:00,Downtown (SF),"Financial District, San Francisco, CA","Equity X Investments, LLC",Application,true,,,raise; meet,AI; Health & biotech; Finance,Networking & mixers; Panels & firesides,https://partiful.com/e/O5hf9C70fRnkC2JioBkD,11
3a3b4dfc-bd7b-48bc-b1e9-c8830e04cc7f,Deals & Drinks: VC Happy Hour,Deals & Drinks: VC Happy Hour,"Join Runway Growth Capital for an evening of drinks, conversation, and new connections during San Francisco Tech Week.",2026-10-06,2026-10-06T18:00:00-07:00,2026-10-06T20:30:00-07:00,Nob Hill,"Harper & Rye, 1695 Polk St, San Francisco, CA",Runway Growth Capital,Application,true,,160,raise; meet,Finance; AI,Happy hours & drinks; Networking & mixers,https://partiful.com/e/SeUnwAWZHiyoUhIhxVTM,2
3c3c230e-6e53-486d-9e24-4ddf1375d45a,SYNC,SYNC,The best connections happen outside your usual circle.,2026-10-06,2026-10-06T18:00:00-07:00,2026-10-06T21:00:00-07:00,Downtown (SF),,United Sikh Movement,Application,true,,,meet,AI; GTM & sales,Networking & mixers,https://partiful.com/e/UC38x3pz53e1DxVApfNB,3
3cde8a56-71fa-41c3-9c39-a20f9efa772f,"Starting, Surviving & Scaling: A Founder + VC Fireside Chat","Starting, Surviving & Scaling: A Founder + VC Fireside Chat",,2026-10-06,,,FiDi (SF),,CentryaAI,Unknown,false,,,raise; build,AI; Media & entertainment,Panels & firesides; Hackathons & workshops,https://partiful.com/e/ifrePLzVNDxDFy5w6hVR,4
3fa58238-bba9-49a7-b638-d5b47f7411b0,Micropractice: Eli Susman with Alex Pang at Book Passage,Micropractice: Eli Susman with Alex Pang at Book Passage,I’d love to celebrate the launch of Micropractice with you.,2026-10-06,2026-10-06T17:30:00-07:00,2026-10-06T18:30:00-07:00,Embarcadero,,Book Passage,Unknown,false,,,,Media & entertainment; Health & biotech; AI,Panels & firesides,https://partiful.com/e/3wjuiw6ph5AZPFoFAlW8,2
4039cb07-1bf6-4e01-a733-c5451b3c53d3,GP | LP | Series A+ Dinner by MATCH HOUSE,GP | LP | Series A+ Dinner by MATCH HOUSE,,2026-10-06,2026-10-06T18:00:00-07:00,2026-10-06T21:00:00-07:00,Downtown (SF),,"MATCH HOUSE, Boop, FirstGlance",Unknown,false,,,raise; meet,AI; Finance,Dinners; Happy hours & drinks; Networking & mixers,https://partiful.com/e/ZzrX9NUFMttWCcDAyF8I,1
409253ae-ff44-45b5-8cc2-e90b8f1c884d,"Google for Startups x Google DeepMind: AI Panel, Happy Hour & Demo Slam","Google for Startups x Google DeepMind: AI Panel, Happy Hour & Demo Slam","Google DeepMind Research to Reality: Hear the latest from the Google DeepMind team on where AI research meets the real world, and see inspiring live demos from startups.",2026-10-06,2026-10-06T16:00:00-07:00,2026-10-06T20:30:00-07:00,SOMA,,Google for Startups,Application,true,,1094,raise; build; meet,AI,Demos & pitches; Happy hours & drinks,https://partiful.com/e/Wj7GOgAhHlPx7gWo9QEu,3
411d5f06-87b9-40e6-8c0f-5b5a49601cef,How startups can sell and scale with the government #B2B #Cybersecurity #EnterpriseAI,How startups can sell and scale with the government #B2B #Cybersecurity #EnterpriseAI,Microsoft's M12 and Okta Ventures are excited to host this event and share lessons from the frontlines of selling to the government.,2026-10-06,2026-10-06T16:00:00-07:00,,SOMA,"Okta - Headquarters North America, 100 First St 5th Floor, San Francisco, CA","Okta Ventures and M12, M12",Application,true,,395,build; meet,AI,Happy hours & drinks; Hackathons & workshops,https://partiful.com/e/PoSbaQBaUPOGcpKsDGPr,0
41761a61-c363-4888-82d4-bb0b364bc1be,AI Insiders: AI × Cybersecurity,AI Insiders: AI × Cybersecurity,"We design high-trust rooms around specific verticals, combining intimate events, startup showcases and partnerships with leading ecosystems in San Francisco and beyond.",2026-10-06,2026-10-06T18:00:00-07:00,2026-10-06T20:30:00-07:00,FiDi (SF),"Pebblebed, San Francisco, 1417 15th St, San Francisco, CA",Marvelous,Application,true,,135,meet,AI; GTM & sales,Networking & mixers,https://partiful.com/e/8LNyv0WyX7dTHjUUJmm0,8
43532d8d-adb2-4d44-a880-99af93e75e59,"Unstable Foundations: The Future Stack - Power, Compute, and Physical AI","Unstable Foundations: The Future Stack - Power, Compute, and Physical AI","Goodwin and JLL Spark, two leaders at the forefront of proptech innovation, are joining forces for the second annual Unstable Foundations proptech event during San Francisco Tech Week.",2026-10-06,2026-10-06T11:00:00-07:00,,FiDi (SF),,"JLL Spark Global Ventures, Goodwin",Application,true,,106,raise; meet,AI; Robotics & hardware; Finance,Coffee & breakfast; Networking & mixers; Panels & firesides,https://partiful.com/e/QP49YJuuAmy6CoBUo4rg,1
43acab43-494d-42c0-8859-f61fd2829513,Hot Takes Open Mic,Hot Takes Open Mic,,2026-10-06,2026-10-06T18:00:00-07:00,2026-10-06T20:30:00-07:00,SOMA,,"Foundations, BloomText",Application,true,,37,meet,AI; GTM & sales,Dinners; Networking & mixers,https://partiful.com/e/ORkYvOZ0MU72wiOO1AZz,2
45b4cabb-e2ae-4f64-9cc4-95decfce561b,Open Intelligence: Running Open Models in Production,Open Intelligence: Running Open Models in Production,"Join PrimaLabs during San Francisco Tech Week for a practical conversation about what changes when the weights are yours: cost structure, latency under real traffic, data residency, and the operational work that never shows up in a…",2026-10-06,2026-10-06T17:00:00-07:00,2026-10-06T19:30:00-07:00,FiDi (SF),,PrimaLabs AI,Application,true,,,build; meet; fun,AI,Runs & walks; Happy hours & drinks; Panels & firesides; Hackathons & workshops,https://partiful.com/e/Ub4MpEKKtSjzn8Ykm0nd,1
476bf4b3-196b-481c-8723-314955169d3a,OnlyExit: Monopolize the Pitch Happy Hour - 2026,OnlyExit: Monopolize the Pitch Happy Hour - 2026,"The play money has no cash value and audience votes are non-binding, for entertainment and founder feedback only.",2026-10-06,2026-10-06T16:00:00-07:00,,Mission,,Vester,Application,true,,111,raise; build; meet,AI,Demos & pitches; Happy hours & drinks,https://partiful.com/e/i1ryIwFT2hgrxVO8fUD0,2
47e215f4-e8f9-4d81-9db5-d885f280dcb6,AI Keeps* Hacking Its Makers: How to Avoid Being Next,AI Keeps* Hacking Its Makers: How to Avoid Being Next,"Three frontier labs just admitted their own models broke out of testing and breached real companies, and some kept going after realizing they'd crossed the line.",2026-10-06,2026-10-06T10:00:00-07:00,,Virtual (SF),,Outhora AI,Application,true,,89,,AI,Panels & firesides,https://partiful.com/e/4kQMgzeUJFY60LrB6G1O,1
480220cd-f76f-463e-a6fd-a7771fff33e7,Founders Boat Party,Founders Boat Party,Join a curated group of 30 founders and operators for an evening on a docked yacht in LA.,2026-10-06,2026-10-06T17:00:00-07:00,,FiDi (SF),,Persona,Application,true,,,meet; fun,AI; Finance,Parties & raves; Networking & mixers,https://partiful.com/e/grTWBEprADqro9FFX29a,0
491f2d99-080d-4d6c-a95a-e25d2f5f5f8c,Launch Your Observability Mission with Dynatrace & AWS,Launch Your Observability Mission with Dynatrace & AWS,This is an interactive technical experience designed to help you learn by doing and gain practical skills you can immediately apply in your own AWS environment.,2026-10-06,2026-10-06T12:30:00-07:00,2026-10-06T15:30:00-07:00,SOMA,"AWS San Francisco, 188 Spear St 2nd Floor, San Francisco, CA",Dynatrace,Application,true,,115,build; meet,,Coffee & breakfast; Hackathons & workshops,https://partiful.com/e/O7b1WxPZz6YOPlMwT5qA,1
498dba8b-4554-4f04-b716-15f58656980e,Australia House - Australia's Deep Tech Edge,Australia House - Australia's Deep Tech Edge,Australia’s Deep Tech Edge: World-class science with a scale-up funding opportunity.,2026-10-06,2026-10-06T09:00:00-07:00,2026-10-06T10:30:00-07:00,Embarcadero,"The Historic Klamath Pier 9 San Francisco, CA 94111",Australian American Chamber of Commerce,RSVP,false,,179,meet,,Coffee & breakfast; Panels & firesides,https://partiful.com/e/sJYXJhXqDGEiHS9RchVi,4
49906038-af05-40d6-9e3c-87b05a135b45,"Astorie Live: One Canvas, 100+ AI Models","Astorie Live: One Canvas, 100+ AI Models","A live look at the AI Creative Canvas, and the team building it.",2026-10-06,2026-10-06T18:00:00-07:00,,Union Square (SF),,Astorie,Application,true,,,raise; build; meet,AI; Media & entertainment,Networking & mixers; Demos & pitches,https://partiful.com/e/laAmMV07yyR1ihtgv8VL,1
4a3d4632-9b6d-4f5e-9fc4-e1f74f252ca8,🎃 Haunted Agent + Infra Horror Night,🎃 Haunted Agent + Infra Horror Night,"😱 Three true stories of AI and agentic nightmares, hosted by Heavybit, SVB and Tailscale during SF Tech Week.",2026-10-06,2026-10-06T18:30:00-07:00,2026-10-06T20:30:00-07:00,FiDi (SF),,Heavybit,Unknown,false,,,build; meet,AI,Happy hours & drinks; Networking & mixers; Panels & firesides,https://partiful.com/e/bZy46isPNONqbStpC26C,3
4a4367a7-9d03-48bf-8f68-ad2a2fe199bf,Pasta Making Healthier Intelligence & a16z,Pasta Making Healthier Intelligence & a16z,Guests will practice mixing dough and explore making pasta with a hand-cranked pasta machine as well as shaping and filling stuffed pasta.,2026-10-06,2026-10-06T18:30:00-07:00,,North Beach,,"a16z, Healthier Intelligence",Application,true,,,,Health & biotech; AI,,https://partiful.com/e/JnHGAZG2h3ca7B9Fp8nc,3
4b142037-d771-4f9d-b6ba-362fa8f33266,[The Founder's Marketing Playbook: Master 'Build in Public' & Organic Distribution,[The Founder's Marketing Playbook: Master 'Build in Public' & Organic Distribution,[This is an event just for VCer and Founders How Technical & Product Founders Can Build Brand Authority and Organic Pipeline with $0 Ad Spend.,2026-10-06,2026-10-06T20:00:00-07:00,2026-10-06T22:30:00-07:00,Embarcadero,Sodini's Trattoria,Fund Bridge,Application,true,,98,build; sell; meet,GTM & sales; AI,Dinners; Networking & mixers; Hackathons & workshops,https://partiful.com/e/rNe4Lp6DYRzIgRFg16aH,22
4bc3ea76-80b6-47cf-a35a-81699d2d6eb9,Paws & Portfolios: Founders & Funders Breakfast,Paws & Portfolios: Founders & Funders Breakfast,"A breakfast for founders building in pet care and the investors backing them. 30 seats, no panels. We’ll do a quick round of intros, then open it up — what’s actually working in pet health right now, where the science is real versus hyped, and what’s getting funded.",2026-10-06,2026-10-06T08:30:00-07:00,2026-10-06T10:30:00-07:00,Mission,,Stay Pet Health,Unknown,false,,,meet,AI; Health & biotech,Coffee & breakfast,https://partiful.com/e/NueRCViSNysSdh6tT6rn,0
4c5014a6-ff3b-4939-a704-6c5bbb9ec49c,Data Center Tour,Data Center Tour,"We're taking a small group behind the scenes at American Cloud's Santa Clara data center, the physical infrastructure quietly running a huge chunk of the internet.",2026-10-06,2026-10-06T18:00:00-07:00,2026-10-06T21:00:00-07:00,Other,"American Cloud, 3223 Kenneth St, Santa Clara, CA","Monaco, American Cloud",Application,true,,119,build; meet,AI,Happy hours & drinks; Networking & mixers; Hackathons & workshops,https://partiful.com/e/2jKopmq43U3yehHhnQdd,1
4e3c4998-9e7b-4140-9de5-2a38af691281,Founder Lunch Club w/ Fin and Stripe,Founder Lunch Club w/ Fin and Stripe,Founder Lunch Club – the SF Tech Week edition:,2026-10-06,2026-10-06T12:00:00-07:00,,Dogpatch,,"Fin, Stripe",Application,true,,67,meet,AI; Finance,Coffee & breakfast,https://partiful.com/e/PwDKrPTS03ZD3sGuLeog,1
4f2a0e02-ed5e-4f0e-a759-62c7e1bfab03,Building What's Next: Founders & Builders Happy Hour,Building What's Next: Founders & Builders Happy Hour,"Join us for a Happy Hour during #SFTechWeek, hosted by Somnio Software, where founders, VPs, and product leaders connect over what it really takes to turn AI prototypes into products that ship.",2026-10-06,2026-10-06T17:00:00-07:00,2026-10-06T19:00:00-07:00,Other,,Somnio Software,Application,true,,,build; meet,AI; Finance,Happy hours & drinks,https://partiful.com/e/F5eSJtIgqcEHbVVJerE6,1
4f9ffe8b-d0e4-445a-a03d-e18c56b5736e,AGI Game Night: SCB 10X,AGI Game Night: SCB 10X,Join AGI House and SCB 10X for a curated evening of cards and conversation during SF Tech Week.,2026-10-06,2026-10-06T18:30:00-07:00,2026-10-06T21:00:00-07:00,Hillsborough,,"AGI House, SCB 10x",Unknown,false,LimitedAvailability,60,meet; fun,AI; Finance,Happy hours & drinks,https://partiful.com/e/bTsHhauFjYfOnW3WI8eT,1
4fbbcece-d1d8-43a4-b693-175b495fc3c0,Coding Agents Mini Conference,Coding Agents Mini Conference,"🤖 Coding Agents Mini Conference
​Company Booths · Live Demos · VC × Founder Panel · Happy Hour",2026-10-06,2026-10-06T12:00:00-07:00,2026-10-06T19:00:00-07:00,Other,,Querit,Unknown,false,,,raise; build; meet,AI; Finance,Happy hours & drinks; Panels & firesides,https://partiful.com/e/Sntm4iugIuqO6jsI8zDS,0
4fc084b1-720c-4c95-8e5c-60d450031e5d,Diffusion Debut,Diffusion Debut,Diffusion Voice Olympics: bring your voicepilled colleagues to compete in the inaugural Voice Olympics.,2026-10-06,2026-10-06T16:00:00-07:00,2026-10-06T18:00:00-07:00,Palo Alto,,Diffusion,Application,true,,90,meet,AI,Happy hours & drinks; Networking & mixers,https://partiful.com/e/MKk7MH8bDwLRKRdYnH6P,0
507d2559-ad06-4267-8f50-0bd7eaaa33dd,Confronting Genocide in the Tech and Startup World,Confronting Genocide in the Tech and Startup World,"A conversation with founders who confronted genocide publicly while building, and still grew unicorns.",2026-10-06,2026-10-06T17:30:00-07:00,,Downtown (SF),,Tech for Palestine,Application,true,,211,meet,AI,Dinners,https://partiful.com/e/KIfcibuJPolDk9bgnBJn,1
5081244b-2b9f-40c1-9fdf-bb411705358a,Prompts vs. Presence: Reclaiming Cognitive Bandwidth in the Age of AI,Prompts vs. Presence: Reclaiming Cognitive Bandwidth in the Age of AI,"When AI handles the heavy lifting, our brains can focus on what they do best. Our panel explores how pairing AI efficiency with deep focus, analog problem-solving, and genuine presence unlocks a sustainable neurobiological edge.",2026-10-06,2026-10-06T19:00:00-07:00,,Mission,,"Novale , Bio & Everything and The Meeting Room",Unknown,false,,,,AI; Health & biotech,Panels & firesides,https://partiful.com/e/ol0bMOoCgEq1DZDIDVAs,3
51ab7e94-282c-4a8b-abf2-ee122659720d,Beyond Founder-Led Sales,Beyond Founder-Led Sales,"We bring the venture-building muscle, senior talent, and hands-on support needed to build, launch, and scale new ventures.",2026-10-06,2026-10-06T12:00:00-07:00,,Downtown (SF),,Build Momentum,Application,true,,17,build; sell; meet,GTM & sales; AI,Networking & mixers; Hackathons & workshops,https://partiful.com/e/ltSyAMxLs3SIrtNyaQS7,4
52361438-3157-416b-998f-c0aab3335d5a,Consciousness After Dark,Consciousness After Dark,An evening salon bringing neuroscience and AI into the same room.,2026-10-06,2026-10-06T20:00:00-07:00,2026-10-06T23:30:00-07:00,SOMA,,Simply Neuroscience,Application,true,,,meet,AI,Dinners; Panels & firesides,https://partiful.com/e/fYUKDt5JYooGmO00U93N,1
53d63e38-343b-418d-906c-5f72a334174f,Founders Flow,Founders Flow,Join us for a morning of movement and connection to kick off Tech Week.,2026-10-06,2026-10-06T08:30:00-07:00,,FiDi (SF),,"Carta, WilmerHale",Application,true,,121,meet,,Coffee & breakfast,https://partiful.com/e/ZPNFhuhacqZU5BCQ7eAS,0
542e818e-0f2a-46e2-bd8c-b0652402604b,Ugly Talk: Agentic Economy,Ugly Talk: Agentic Economy,"After the fireside chat, we’ll have a Builder Showcase, where 6–8 selected founders will each get 2–3 minutes to share what they’re building.",2026-10-06,2026-10-06T18:00:00-07:00,,Union Square (SF),,Ugly Talk,Application,true,,101,meet,AI; Finance; GTM & sales,Networking & mixers; Panels & firesides,https://partiful.com/e/7EyjPJo8rV6j34h5I9nC,1
555a8bb7-37b1-465d-909f-07d778f5d4a4,CTO Breakfast,CTO Breakfast,"Join a curated group of CTOs for an honest, practical conversation about what is actually creating leverage and what is just noise.",2026-10-06,2026-10-06T08:00:00-07:00,2026-10-06T10:00:00-07:00,FiDi (SF),,Zendesk,Application,true,,87,meet,AI,Coffee & breakfast,https://partiful.com/e/p4tVPGozCUFX7CsZ5DWy,3
55659149-4632-4c79-9de7-fe6044e96177,Founder Fuel: Brex + DoorDash for Business #SFTW,Founder Fuel: Brex + DoorDash for Business #SFTW,"DoorDash for Business and Brex are taking over SoMa's newest, trendiest coffee spot — and you're invited.",2026-10-06,2026-10-06T08:30:00-07:00,2026-10-06T13:00:00-07:00,FiDi (SF),,"Brex, DoorDash for Business",Application,true,,,meet,AI; Finance,Coffee & breakfast,https://partiful.com/e/Jj530PogD7p2dxHwVxo7,0
5674abac-e41b-4fba-9b61-1050677070ab,What did our AI Agent do?! The Missing Runtime Authorization Layer for Agents and Physical AI,What did our AI Agent do?! The Missing Runtime Authorization Layer for Agents and Physical AI,This is a working session on this new set of questions.,2026-10-06,2026-10-06T14:00:00-07:00,,Virtual (SF),,OtisLabs.ai,Application,true,,67,build,AI; Robotics & hardware,Hackathons & workshops,https://partiful.com/e/MHuXq8tqpEACMCMPWjnp,1
58b57c85-83f6-4edc-b79a-230dff694e09,Building the New Space Economy,Building the New Space Economy,"Join Katalyst during SF Tech Week for an evening bringing together venture investors, founders, and space leaders to explore the technologies and business models that could define the next chapter of the space economy.",2026-10-06,2026-10-06T18:00:00-07:00,,Mission,,Katalyst Space,Application,true,,275,raise; build; meet,AI; Finance,Happy hours & drinks; Networking & mixers; Panels & firesides,https://partiful.com/e/Q6QAZuwzfhPWjfUGeXtm,2
5967790b-6b85-4568-9336-8f46b19f7391,Defense & Deep Tech: Investing at the Forefront,Defense & Deep Tech: Investing at the Forefront,"TriplePoint Capital and PitchBook invite you to a fireside chat and panel featuring Jocelyn Kinsey of DFJ Growth and Michael Brown of Shield Capital on the technologies shaping tomorrow — from aerospace to autonomy, robotics to…",2026-10-06,2026-10-06T15:00:00-07:00,,Dogpatch,"Dogpatch, San Francisco, CA","TriplePoint Capital, PitchBook",Application,true,,,meet,AI,Networking & mixers; Panels & firesides,https://partiful.com/e/HsRp4g639Iu7tKrr9HsX,4
597ea8ca-ed0b-4da9-828c-3f88caf8f022,"From 0 to 100,000 Devices","From 0 to 100,000 Devices","7:30 PM — Food & drinks continue, AI demos & networking",2026-10-06,2026-10-06T17:30:00-07:00,2026-10-06T21:00:00-07:00,Union Square (SF),"151 Powell St, San Francisco, CA 94102, United States","intent, Acorn PD, Nordic Semiconductor",Application,true,,,meet,Robotics & hardware,Happy hours & drinks; Networking & mixers; Panels & firesides,https://partiful.com/e/zlysjwxlpsuqHwaPdwO7,1
5a16bc06-0925-44d6-9320-6b8a484efbf2,Applied AI: The Office of the CFO,Applied AI: The Office of the CFO,Everyone is talking about AI in finance. Very few can show you where the frontier is actually expanding to.,2026-10-06,2026-10-06T12:30:00-07:00,2026-10-06T14:30:00-07:00,FiDi (SF),,Wiss Labs,Unknown,false,,,build; meet,AI; Finance,Coffee & breakfast; Panels & firesides; Hackathons & workshops,https://partiful.com/e/gukQPiwEGEYzqKNQ12dz,1
5b9373e4-e426-42f8-8733-26334b697ea9,Retail Rewired: Women Building What's Next,Retail Rewired: Women Building What's Next,"Rather than a traditional conference panel, this is an intimate, conversation-driven afternoon gathering.",2026-10-06,2026-10-06T15:00:00-07:00,2026-10-06T17:00:00-07:00,FiDi (SF),"230 California St Suite 602, San Francisco, CA","Retail Women in Tech, KNow Research",RSVP,false,LimitedAvailability,35,build,GTM & sales,Panels & firesides,https://partiful.com/e/u5fMYRDPjms7wjhB9Lu7,1
5b9edb5a-cbc2-437a-9610-b17c2c26bbd5,Claude Founder House,Claude Founder House,"Bring your laptop, work next to the Anthropic team, grab office hours with the people who build our products, and meet the investors and operators shaping what comes next.",2026-10-06,2026-10-06T11:00:00-07:00,2026-10-08T13:45:00-07:00,SOMA,"511 Harrison St, San Francisco, CA",Anthropic,Application,true,,,raise; build,AI; GTM & sales,Panels & firesides; Demos & pitches,https://partiful.com/e/XaBTYkfWChPrquuI6uPH,29
5bb29243-2047-4041-93b6-5c23f9c782d8,Autodesk X GLITCHED - Women in Game Dev Meetup,Autodesk X GLITCHED - Women in Game Dev Meetup,"Join us to network with awesome game developers and creatives, enjoy a fabulous panel from artists in the gaming industry, and bask in art!",2026-10-06,2026-10-06T17:00:00-07:00,2026-10-06T21:00:00-07:00,Embarcadero,,"GLITCHED - Women in Game Dev, Autodesk",Application,true,,,raise; build; meet; fun,Media & entertainment; AI,Networking & mixers; Panels & firesides; Demos & pitches,https://partiful.com/e/LJJ7XKdrQRn3qJ8LrvSw,0
5c00d9ff-222f-49fd-a60b-ce589c95c2fc,"The Revenue Table - An intimate dinner for B2B founders, GTM leaders, and investors I","The Revenue Table - An intimate dinner for B2B founders, GTM leaders, and investors I",***Sponsored by Okou.ai.com and DayOf.travel***,2026-10-06,2026-10-06T18:30:00-07:00,2026-10-06T21:30:00-07:00,Embarcadero,Shared with confirmed guests,3rd + Taylor Agency,Application,true,,,raise; sell; meet,GTM & sales,Dinners,https://partiful.com/e/1mlZRwZdq0xeYFjDlF1M,3
5c463b61-9262-40a5-8cc2-539f01bb1ebe,"AI in Finance: Tech CFO Panel + Happy Hour (with CFOs of Carta, Vercel, & Linux)","AI in Finance: Tech CFO Panel + Happy Hour (with CFOs of Carta, Vercel, & Linux)","Four fintech leaders, starting with Charly Kevers, CFO of Carta and Marten Abrahamsen, CFO of Vercel on what they've actually deployed, what didn't work, and what they need to see before they'd sign their name under an AI-generated number.",2026-10-06,2026-10-06T16:00:00-07:00,2026-10-06T19:30:00-07:00,SOMA,,Pluvo,Application,true,,,meet,Finance; AI,Happy hours & drinks; Panels & firesides,https://partiful.com/e/u1YZGJden2SOdNj5vWDJ,1
5c99e3fd-5189-4f73-9d17-bfd78ca3dc19,Frontier labs × investors lunch (Amino Capital & UBS),Frontier labs × investors lunch (Amino Capital & UBS),"Frontier labs × investors lunch
Time: 12pm-2pm, 2026.10.6, Tuesday
Location: Harbor View (Private Room)
Intimate roundtable brunch for frontier AI/robotics lab leaders and investors during SF Tech Week. High-signal conversation, limited seats.",2026-10-06,2026-10-06T12:00:00-07:00,2026-10-06T14:00:00-07:00,Embarcadero,,Amino Capital,Unknown,false,,,raise; meet,AI; Finance,Coffee & breakfast,https://partiful.com/e/eeMU2dG95LNLE0M4ABFl,0
5cc37b73-b83c-40cc-9f8a-7891712a0393,The Imagination Layer,The Imagination Layer,"Join Original Model, Insika, and GenPeachAI for a celebration of creativity and technology where ideas meet innovation.",2026-10-06,2026-10-06T16:30:00-07:00,2026-10-06T19:30:00-07:00,Dogpatch,,"Original Model, Insika, GenPeach AI",Application,true,,116,meet,AI; Media & entertainment,Happy hours & drinks; Networking & mixers,https://partiful.com/e/QvppXNBvSZxtn2Y1rOas,4
5deadf61-8691-4d9f-8906-4846f83f620c,The Agent Ops Problem · Engineering Leaders Dinner,The Agent Ops Problem · Engineering Leaders Dinner,"An invite-only dinner for VP Engineering & CTOs on evaluating, running, and fixing AI agents in production — co-hosted by Plain and Judgment Labs.",2026-10-06,2026-10-06T18:00:00-07:00,2026-10-06T21:00:00-07:00,FiDi (SF),"La Mar, PIER 1 1/2 The Embarcadero N, San Francisco, CA","Plain, Judgment Labs",Application,true,,15,build; meet,AI,Dinners,https://partiful.com/e/4svKwFvFP9jGDpLcAA8t,0
5fbe7eee-b493-46c6-8460-6aced885a483,Amboy Street Ventures' Women's Health Happy Hour,Amboy Street Ventures' Women's Health Happy Hour,"Amboy Street Ventures aims to bring together investors and founders interested in Women's Health in a fun, intimate setting.",2026-10-06,2026-10-06T18:00:00-07:00,,Marina,,Amboy Street Ventures,Application,true,,130,raise; meet,Health & biotech; AI; Finance,Happy hours & drinks,https://partiful.com/e/3EfPjSlRKi1ld5rZF2A0,3
624c074a-22c8-43f6-9a8c-1dcf8abb0b65,AI and Real Estate - Tools for Success,AI and Real Estate - Tools for Success,Happy Hour hosted by Turbohome where we showcase new AI tools that help homebuyers succeed in a competitive market.,2026-10-06,2026-10-06T17:30:00-07:00,,FiDi (SF),,Turbohome,Application,true,,118,meet,AI; Finance,Happy hours & drinks,https://partiful.com/e/yuiyXDmy0SFUuI8cruRC,1
6288fb3c-1d2e-4c72-b8db-d9847f76dfa4,AI Infra: Fundraising at the Foundation,AI Infra: Fundraising at the Foundation,"TriplePoint Capital and PitchBook invite you to our featured fireside chat and panel featuring founder and investor perspectives on raising capital for AI infrastructure, and to network with fellow industry professionals and partners…",2026-10-06,2026-10-06T11:00:00-07:00,,Dogpatch,"Dogpatch, San Francisco, CA","TriplePoint Capital, PitchBook",Application,true,,,raise; build; meet,AI,Networking & mixers; Panels & firesides,https://partiful.com/e/aQOYJJt61sXTx2yAdCY0,6
6463bb9f-bbd8-40bd-8960-5ad81ead32c6,Town Hall Ventures SF Office Opening: Healthcare Investors and Builders,Town Hall Ventures SF Office Opening: Healthcare Investors and Builders,"Join us during SF Tech Week for drinks, food, and a live liquid nitrogen ice cream bar.",2026-10-06,2026-10-06T17:00:00-07:00,2026-10-06T19:00:00-07:00,Potrero Hill,,Town Hall Ventures,Application,true,,316,raise; build; meet,Health & biotech; AI,Happy hours & drinks; Networking & mixers,https://partiful.com/e/ONAkHbfrE9DDM6reyq3n,5
65184cb1-3275-48ac-b2e5-0ba35e1fb7f5,"How to Raise, Build and Scale with an Agentic Mindset","How to Raise, Build and Scale with an Agentic Mindset",Join us for a candid conversation on staying distinct in a world that's optimizing everyone toward the same answer.,2026-10-06,2026-10-06T13:00:00-07:00,2026-10-06T14:00:00-07:00,FiDi (SF),,"Aspiron Group, Aspiron Influence",Application,true,,44,build,AI,Panels & firesides,https://partiful.com/e/cgpo7eLadPkYQI6eI2nE,3
6543efbe-22a0-4d35-94cc-776c25a6f7fe,Partner2Partner VC Breakfast with 8VC & Alpha Partners,Meet fellow VC partners at an agenda-free breakfast,"The VC Partner2Partner Breakfast Series, a partner-only networking event without agenda or commercial sponsor, lets VC partners connect with each other without distraction.",2026-10-06,2026-10-06T08:30:00-07:00,2026-10-06T10:00:00-07:00,Embarcadero,,"8VC and Alpha Partners, 8VC",Application,true,,,raise; meet,AI,Coffee & breakfast,https://partiful.com/e/HM2rhjyph4Twbmt6yv78,2
660a92d8-c75c-4d55-bbd7-303324f154c7,Lux Capital x Stripe - Riskgaming Salon,Lux Capital x Stripe - Riskgaming Salon,Lux Capital and Stripe invite you to join a special Riskgaming salon experience that simulates the challenging tradeoffs for Europe as it navigates its strategic autonomy in space during the 21st century.,2026-10-06,2026-10-06T17:00:00-07:00,2026-10-06T20:00:00-07:00,SOMA,,"Stripe, Lux Capital",Application,true,,79,raise; meet,AI,Happy hours & drinks; Networking & mixers,https://partiful.com/e/VueNW2fBm5wTLIXPdxD0,3
6684f7a8-9346-438c-afeb-2097d5ac0690,"Robotics x AI Pitch & Wine by DigitalOcean, Savant and Catalyst Bay","Robotics x AI Pitch & Wine by DigitalOcean, Savant and Catalyst Bay","🟢 Pitch Competition, 8-10 robotics x AI startups with tractions pitch to a panel of investors and operators.",2026-10-06,2026-10-06T17:00:00-07:00,2026-10-06T20:00:00-07:00,FiDi (SF),,Catalyst Bay,Application,true,,325,raise; build; meet,AI; Robotics & hardware,Demos & pitches; Networking & mixers; Panels & firesides,https://partiful.com/e/77nr2ZLJBqO1M5wpTyIZ,13
67289882-3a09-49ee-a43c-73a02aefe3fe,The War for Early-Stage Talent,The War for Early-Stage Talent,"Whether you're building your first team or backing the people who will, this is a conversation about who gets the talent, and why.",2026-10-06,2026-10-06T14:00:00-07:00,2026-10-06T15:00:00-07:00,FiDi (SF),,Aspiron Group,Application,true,,109,hire,GTM & sales,Panels & firesides,https://partiful.com/e/b99rcNfza2Hf1vLkKELf,2
68859d40-1b70-4252-9d50-235fb0d56972,Ember’s US Launch Party: Bonne Chance is not a Strategy,Ember’s US Launch Party: Bonne Chance is not a Strategy,"And if you've been building long enough, you know luck isn't the strategy.",2026-10-06,2026-10-06T17:30:00-07:00,2026-10-06T19:30:00-07:00,Mission,,Ember,Application,true,,130,raise; meet; fun,AI; Finance,Parties & raves; Happy hours & drinks,https://partiful.com/e/Jfl4uusQxNbqYDpbWqeL,2
68c22a9b-6695-443c-a609-b8c4f9ad4cbe,Build the Context Layer for Your GTM,Build the Context Layer for Your GTM,A live GTM infrastructure build session @ SF Tech Week,2026-10-06,2026-10-06T18:00:00-07:00,,Downtown (SF),"600 California St, San Francisco, CA",Riley,Application,true,,,build; sell,GTM & sales; AI,Hackathons & workshops,https://partiful.com/e/uiDSkJvSo4DHrCsg1SaG,1
68dc9889-df52-4e4b-849c-9655a1f5849c,Innovation Agencies & Emerging Tech Ecosystems,Innovation Agencies & Emerging Tech Ecosystems,Innovation Agencies & Emerging Tech Ecosystems: Georgia and Uzbekistan,2026-10-06,2026-10-06T15:00:00-07:00,,Salesforce Park,,Georgian Innovation Hub,Unknown,false,,,,AI; GTM & sales,Panels & firesides,https://partiful.com/e/WNqUYyJSab93uAyaXm6J,1
6960d444-3d75-4cbd-a349-58b7094506d3,"The $1M Deal: Inside Enterprise Sales w/ Deel, AWS, Stripe, Sunshine Lake & Soma Capital","The $1M Deal: Inside Enterprise Sales w/ Deel, AWS, Stripe, Sunshine Lake & Soma Capital",,2026-10-06,2026-10-06T09:00:00-07:00,2026-10-06T11:30:00-07:00,SOMA,,Deel,Application,true,,,raise; build; sell; meet,GTM & sales; AI,Networking & mixers; Panels & firesides; Hackathons & workshops,https://partiful.com/e/SiNwFwK9lXcprN9vPojJ,1
698150c2-96e2-4234-b120-4505d01d3dbd,Builder Book Club,Builder Book Club,Join Notable Capital and women building the future of tech for breakfast during SF tech week.,2026-10-06,2026-10-06T08:30:00-07:00,2026-10-06T10:00:00-07:00,Embarcadero,,Notable Capital,Application,true,,,build; meet,,Coffee & breakfast,https://partiful.com/e/RNVYnBOS5vPMLWpPjK9I,1
6bfd2bde-9216-49a7-baaa-6d5e1b4ab022,Building Construction Tech @,Building Construction Tech @,Stay tuned for additional information regarding this event.,2026-10-06,2026-10-06T15:00:00-07:00,2026-10-06T18:00:00-07:00,Jackson Square,,Brick & Mortar Ventures,Application,true,,164,raise; build; meet,AI; Finance; GTM & sales,Panels & firesides,https://partiful.com/e/4I1CR25AY6S0UOeeYGjE,1
6c36ede0-b5c3-4693-af19-b5808cecc0fb,Female Founders Happy Hour with Emmeline Ventures and Manatt,Female Founders Happy Hour with Emmeline Ventures and Manatt,"Join Emmeline Ventures and Manatt for an evening of connection, conversation and community with female founders, investors, and operators shaping the future of innovation.",2026-10-06,2026-10-06T17:00:00-07:00,2026-10-06T19:00:00-07:00,FiDi (SF),,"Manatt, Emmeline Ventures",Application,true,,137,raise; meet,AI; Finance; Health & biotech,Happy hours & drinks,https://partiful.com/e/NI5N85rvjsPEyqJyZOr1,0
6e3aedaa-7178-44ba-a37d-bedffda30f5a,Pre-Season Kickoff: Founders Game Night w/ Deel & AWS,Pre-Season Kickoff: Founders Game Night w/ Deel & AWS,,2026-10-06,2026-10-06T18:00:00-07:00,,SOMA,,Deel,Application,true,,,raise; meet; fun,Finance; AI,Networking & mixers,https://partiful.com/e/lZV4IwrOGzGafdeG5qb5,1
6e44ce68-7428-456e-8adc-362014021ac4,"Make Content, Not Excuses","Make Content, Not Excuses",Nobody tells you where to find the week it takes to make one decent video.,2026-10-06,2026-10-06T09:00:00-07:00,2026-10-06T12:00:00-07:00,Mission,,Descript,Application,true,,510,build,AI; Media & entertainment,Hackathons & workshops,https://partiful.com/e/2DaT8iADDtBmumFW4UvN,2
6f480915-3c98-401d-9312-4ebf8ac89458,"AI, Tech, Sports & Sound: Where Culture Gets Built","AI, Tech, Sports & Sound: Where Culture Gets Built","Join us for a fireside chat on how AI is changing who gets discovered, funded, and connected in these industries, followed by a mixer with founders, operators, and investors shaping the space.",2026-10-06,2026-10-06T19:00:00-07:00,,Other,"SOMA, San Francisco, CA","Duets Network, Airship Capital, Miller Tech Talk",Application,true,,197,meet,AI; Media & entertainment,Networking & mixers,https://partiful.com/e/u6Z03kDWl2JccqnXPWrf,8
6f85c526-c7b3-4700-b2bd-6f9356ba6a18,This Week in Fintech x SVB: SF Fintech Coffee,Meet fintech founders and investors over breakfast with SVB,Kick off your morning with This Week in Fintech and Silicon Valley Bank for a relaxed fintech networking coffee in the heart of San Francisco.,2026-10-06,2026-10-06T08:30:00-07:00,2026-10-06T11:00:00-07:00,Downtown (SF),"SVB Experience Center, 532 Market St, San Francisco, CA",This Week in Fintech (TWIF),Application,true,,482,meet,Finance,Coffee & breakfast,https://partiful.com/e/ed7G6ENHHKenyIKTWrpK,3
6fbee01c-dda1-4850-a678-80997234da54,Synesthesia,Synesthesia,An audiovisual night where music becomes something you can see.,2026-10-06,2026-10-06T20:00:00-07:00,2026-10-06T22:30:00-07:00,SOMA,,Eli Willis Music,Application,true,,,meet,AI; Media & entertainment,Happy hours & drinks; Networking & mixers,https://partiful.com/e/fcoRSWWbJ15f4FznBFdA,1
6fc3df8c-bb52-4477-9fe8-5508a7f968d4,"Neuro, Neuro","Neuro, Neuro","Whether you are ideating on building something in the Brain/Neuro space or looking for co-founders or looking for ecosystem partners (researchers, KOLs, CROs), funding opportunities or to fund Neuro startups, this event is for you.",2026-10-06,2026-10-06T17:30:00-07:00,,San Mateo,,Chaanakya Capital,RSVP,false,,134,raise; meet,AI; Finance; Health & biotech,Happy hours & drinks; Networking & mixers,https://partiful.com/e/uEHhE1effjUL0ZqCupEv,3
709035c9-e76f-42bc-8960-b6ad78a230f6,"""Off the Record"" Demo Slam Application - Hosted by Google for Startups & Google DeepMind","""Off the Record"" Demo Slam Application - Hosted by Google for Startups & Google DeepMind","Google for Startups and Google DeepMind are taking over the Aviary on October 6th for a raw, high-energy demo showcase backed by a live band and local Bay Area artists!",2026-10-06,2026-10-06T18:30:00-07:00,2026-10-06T19:30:00-07:00,SOMA,,Google for Startups,Application,true,SoldOut,,raise; build,AI; Media & entertainment,Demos & pitches,https://partiful.com/e/CGqPWnKiZW4n684rPBOq,5
719e3039-54ab-4a9e-b62a-908eabdfdbfa,run 6miles @ 6am w/ verso.run,run 6miles @ 6am w/ verso.run,6 @ 6,2026-10-06,2026-10-06T06:00:00-07:00,2026-10-06T08:00:00-07:00,Dogpatch,,verso.run,Unknown,false,,,meet; fun,AI; Robotics & hardware,Networking & mixers,https://partiful.com/e/gvSbxNa27zo9GGd8OASD,0
720e00bd-5a8e-4371-af63-a1fe5fbf93fb,Lattes with Graphon,Lattes with Graphon,"Tech Week runs on caffeine, so we're buying. Graphon Labs is hosting a pop-up café at The Landing with free lattes.",2026-10-06,2026-10-06T09:30:00-07:00,2026-10-06T11:30:00-07:00,Potrero Hill,,Graphon AI,Unknown,false,,,meet,AI,Coffee & breakfast,https://partiful.com/e/YmLLByo9kUXgD4lmOciw,1
72f1b647-7110-41ce-8970-50a98f772936,Bollywood Dance Workshop for Founders and Funders,Bollywood Dance Workshop for Founders and Funders,Join Qapita and friends at Push Dance Company during SF Tech Week for a free Bollywood style dance lesson put on by Akhil Nallapati (former dance team captain).,2026-10-06,2026-10-06T10:00:00-07:00,2026-10-06T11:30:00-07:00,SOMA,"Push Dance Company, 447 Minna St 3rd Floor, FL 3, San Francisco, CA",Qapita,Application,true,,67,build; meet,Finance,Hackathons & workshops; Coffee & breakfast; Networking & mixers,https://partiful.com/e/fVG9cy9Q6cpttMPzfpTt,1
7323076e-40db-4682-a73d-5c6ac0dfd285,RedBridge Lisbon,RedBridge Lisbon,"Whether you're looking for investment opportunities, international partnerships, exceptional founders, or simply want to understand why Portugal is increasingly on the radar of global technology companies and investors, this is an…",2026-10-06,2026-10-06T17:30:00-07:00,2026-10-06T20:00:00-07:00,FiDi (SF),"Shack15, 1 Ferry Building, Suite 201, San Francisco, CA","RedBridge Lisbon, Consul General of Portugal in San Francisco, Startup Portugal, UnicornFactory Lisbon",Application,true,,119,meet,,Happy hours & drinks; Networking & mixers; Panels & firesides,https://partiful.com/e/XDQjzJRlWFiGQQOwrmHg,7
775e9446-e723-4b5b-a74a-57ae50ba8579,Founders Brunch: The Sales Playbook to Unicorn,Founders Brunch: The Sales Playbook to Unicorn,"October 6 | 11:00 AM
Venture Dock | Palo Alto
Tech Week",2026-10-06,2026-10-06T11:00:00-07:00,2026-10-06T13:30:00-07:00,Palo Alto,,Venture Dock,Unknown,false,,,raise; sell; meet,AI; Finance; GTM & sales,Coffee & breakfast,https://partiful.com/e/0xMab9yikzl9oeyW0j5v,1
77854588-d4a6-42cb-bc27-899b514f0bf8,"AI, Product, & the Teams Building Both: A Dinner for CPTOs","AI, Product, & the Teams Building Both: A Dinner for CPTOs","Join a carefully curated table of enterprise CTOs, CPOs, and executive tech leaders for an intimate dinner at a downtown San Francisco institution.",2026-10-06,2026-10-06T18:00:00-07:00,,Downtown (SF),"Per Diem, 43 Sutter St, San Francisco, CA",Brief,Application,true,,,build; meet,AI,Dinners,https://partiful.com/e/EdIq0UGqC8Pk1Qh0ZRCT,2
795ce7e0-5e78-4673-a9cf-8ac5f5915879,Own Your Distribution with TheVibeFounder & FinalLayer,Own Your Distribution with TheVibeFounder & FinalLayer,Vidya is a 3x entrepreneur currently building FinalLayer.,2026-10-06,2026-10-06T17:30:00-07:00,,Downtown (SF),"SF, San Francisco, CA","FinalLayer, TheVibeFounder",Application,true,,,build; meet,AI; GTM & sales,Dinners; Hackathons & workshops,https://partiful.com/e/sqxyRl7nzBU5KnuSHRRs,4
7a931646-3861-4a4e-8c20-ca50b1afb716,Best Coast LP + VC Exchange,Best Coast LP + VC Exchange,"With SoCal’s vibrant early-stage ecosystem growing, this is a rare chance to cross-pollinate investor networks in a curated setting.",2026-10-06,2026-10-06T18:00:00-07:00,2026-10-06T21:00:00-07:00,FiDi (SF),,Rising Tide Partners,Application,true,,87,raise; meet,AI; Finance,Happy hours & drinks,https://partiful.com/e/pVxh8NbjcMiicuwixyVQ,4
7e1dc690-372c-41c7-bb7e-ce2afdec3123,Women's Board-Walk,Women's Board-Walk,Join us on the trail as we explore what it means to take your first step on your path to the boardroom.,2026-10-06,2026-10-06T08:30:00-07:00,,Other,"Bello Coffee Near Glen Park BART, 2885 Diamond St, San Francisco, CA",Light The Way,RSVP,false,,5,fun,,Runs & walks,https://partiful.com/e/tckmmn5LGpkngKW4Mx2r,1
7e79b7f6-2c43-4baf-a8de-a1278c6a7e25,Pitch Presence: Use Style & Physicality to Win Pitches,Pitch Presence: Use Style & Physicality to Win Pitches,"There’s a powerful force that determines your success in a pitch or high-stakes presentation, and it’s an advantage very few actually know how to gain.",2026-10-06,2026-10-06T11:00:00-07:00,2026-10-06T12:00:00-07:00,Virtual (SF),,EGW Endeavors,Unknown,false,,,raise; build,AI; Finance,Demos & pitches; Hackathons & workshops,https://partiful.com/e/9s7Tn0Yp6wLPmLnEiHr2,1
7eb977f6-d6b1-40d2-ad02-3f1ad4779419,Designing for Physical AI: From Innovation Lab to Factory Floor,Designing for Physical AI: From Innovation Lab to Factory Floor,"Henry Markram he’ll be joined onstage by a panel of Physical AI leaders with experience from Microsoft, Capgemini, and FedEx - unpacking what's next for AI that operates, learns, and adapts in the physical world.",2026-10-06,2026-10-06T18:00:00-07:00,2026-10-06T20:30:00-07:00,Mission Bay,"Capgemini, 1011 3rd St, Unit 300, San Francisco, CA",Swissnex in San Francisco,RSVP,false,,301,build; meet,AI; Robotics & hardware,Networking & mixers; Panels & firesides; Hackathons & workshops,https://partiful.com/e/WHfwx55GwbeRGaZb6Q6B,9
800f210f-7b35-4cfd-913b-9545bfb9547c,Meet SF's Early Stage Founders and Investors,Meet SF's Early Stage Founders and Investors,"Join San Francisco's pre-seed and seed stage founders and investors to connect, collaborate, and unwind.",2026-10-06,2026-10-06T16:00:00-07:00,2026-10-06T19:00:00-07:00,Downtown (SF),,"Bling Capital, Costanoa Ventures, Defy Partners, Nextview Ventures",Application,true,,255,raise; meet,AI,Happy hours & drinks,https://partiful.com/e/1e6Sm0xJrYrcH1z4bPAv,9
8031e42a-6ae7-4915-a3a1-cd8b17c55b38,Growth Stage Playbook: Keys to Thriving in Expansion,Growth Stage Playbook: Keys to Thriving in Expansion,"Please join us as we host a dynamic panel who will share real life experience and lessons learned on growth, leadership, fundraising, and execution at scale.",2026-10-06,2026-10-06T15:30:00-07:00,2026-10-06T18:00:00-07:00,Embarcadero,,BPM LLP,Application,true,,123,raise; sell; meet,AI; Finance,Happy hours & drinks; Networking & mixers,https://partiful.com/e/K4b6w9KbPqk78p44MLSQ,0
80455006-362f-4d21-aad1-a11849ee6e49,"Immigrant Founders' Plan C: we stay, build, and bet on America","Immigrant Founders' Plan C: we stay, build, and bet on America","In 1864, 21 Chinese workers showed up to a railroad site in the Sierra Nevada.",2026-10-06,2026-10-06T17:00:00-07:00,,Downtown (SF),,SoulByte,Application,true,,103,build; meet,,Dinners; Panels & firesides,https://partiful.com/e/4wIuvgegXvLJ9SA8R7Sl,1
80b416ac-6677-477b-bbb6-97c132a90d63,Niural AI + Corgi Cafe = Free Espresso Cold Foam Float!,Niural AI + Corgi Cafe = Free Espresso Cold Foam Float!,"We're celebrating our new SF office in FiDi! 
Meet the team and get a drink!",2026-10-06,2026-10-06T11:30:00-07:00,2026-10-06T17:00:00-07:00,Union Square (SF),,Niural AI,Unknown,false,,,meet,AI; Finance,Networking & mixers,https://partiful.com/e/IZVriYif8cxjKyEuJEgO,0
80bcc234-03af-4b8c-ab69-02160c96adcf,"[AI is not a project, it's an ecosystem] - []","[AI is not a project, it's an ecosystem] - []","Join us to explore how to move from experimenting with AI to building capabilities, products, and businesses that create real value.]",2026-10-06,2026-10-06T14:00:00-07:00,,Virtual (SF),,Aignos,Application,true,,78,raise; build; meet,AI; Media & entertainment,Networking & mixers; Panels & firesides; Demos & pitches,https://partiful.com/e/iZlExQ3yK6X7I1jC0rZI,2
817e6a24-edcb-40a4-9bf1-927749bf4980,NIGHT SHIFT - SF Tech Week After Party,NIGHT SHIFT - SF Tech Week After Party,"Umbrella, The Foundry, and Cleo pay are bringing SF Tech Week to the dance floor.",2026-10-06,2026-10-06T18:00:00-07:00,2026-10-06T21:00:00-07:00,SOMA,,Umbrella.live and Cleo Pay,Unknown,false,,,meet; fun,AI; Media & entertainment,Dinners; Happy hours & drinks; Networking & mixers,https://partiful.com/e/n2vvgWtDH9UNPWeWJ6TE,4
82574741-ca46-4bb5-8187-0aff4dc31df2,Marathon Mode Hackathon (No Compaction Allowed),Marathon Mode Hackathon (No Compaction Allowed),"Using Subconscious's inference platform designed for long-horizon agents, we can hack for hours without needing to /compact.",2026-10-06,2026-10-06T17:00:00-07:00,2026-10-06T21:00:00-07:00,Marina,,Subconscious,Application,true,,171,build,AI,Hackathons & workshops; Panels & firesides,https://partiful.com/e/s3bUQ8Pis81pPefbZA9C,1
82937c86-b49a-49fb-9609-1b2579b662cb,The Builder's Table with Adobe for Startups,The Builder's Table with Adobe for Startups,We're hosting a small lunch in San Francisco to talk about company building.,2026-10-06,2026-10-06T12:00:00-07:00,,Mission,,Adobe,Application,true,,,build; meet,AI; Media & entertainment; GTM & sales,Coffee & breakfast,https://partiful.com/e/Z6enmnvzTVgiZhHIWV53,0
82fb7767-3db9-4feb-9426-e311f6171c77,LinkedIn B2B GTM Panel - Insights for Marketers,LinkedIn B2B GTM Panel - Insights for Marketers,Join LinkedIn for an exclusive gathering of B2B startup founders and marketing leaders during #SFTechWeek.,2026-10-06,2026-10-06T15:30:00-07:00,2026-10-06T18:30:00-07:00,SOMA,,LinkedIn,Application,true,,77,sell; meet,GTM & sales; AI,Panels & firesides,https://partiful.com/e/ZTqecAskoL6KggGiOhQh,0
833377bd-072b-4360-a58b-7a88f748d127,Before You Raise: What Investors Actually Check,Before You Raise: What Investors Actually Check,"The event is intended to be hosted in person in San Francisco, with a virtual attendance option available for founders, investors, and operators joining from outside the Bay Area.",2026-10-06,2026-10-06T15:00:00-07:00,,Downtown (SF),,Ad Hoc Founders Counsel,Application,true,,197,raise; build,,Hackathons & workshops,https://partiful.com/e/2vncm4ELr0TAOahkUJWg,1
839dc60c-92ea-4170-8693-3cedf5bf6a2f,Conversational AI Dinner,Conversational AI Dinner,"During SF Tech Week, we're bringing together some of the most exciting builders in conversational AI right now to let them learn from each other.",2026-10-06,2026-10-06T17:30:00-07:00,,NOPA,"The Progress, 1525 Fillmore St, San Francisco, CA","Bluejay, Twilio",Application,true,,,meet,AI,Dinners,https://partiful.com/e/OVizOLTyzEPiGZYVwf6C,0
83c67fd2-8866-4482-a2d3-2a54f89c003b,"Future Finance Forum: Live Code DJ, Finance Hot Takes & Fintech Coworking","Future Finance Forum: Live Code DJ, Finance Hot Takes & Fintech Coworking",Tabs and Campfire are teaming up to set up a collective work and content space for SF Tech Week.,2026-10-06,,,SOMA,"Four One Nine, 419 10th St, San Francisco, CA",Tabs,Application,true,,,meet; fun,AI; Finance,Happy hours & drinks; Networking & mixers; Panels & firesides,https://partiful.com/e/yMo7ibqZaZASC4j43vbn,1
83f5a954-08d8-410f-8ee9-b87f70c6a4f3,interface.ai Demo Night,Watch AI agents handle banking calls — then go under the hood,"An open demo night on engineering reliable voice agents for banking. Meet the engineering team, see live calls and talk about open roles over food and drinks.",2026-10-06,2026-10-06T17:30:00-07:00,2026-10-06T19:00:00-07:00,FiDi (SF),"interface.ai HQ, 44 Montgomery St, San Francisco, CA",interface.ai,Application,true,,,raise; build,AI; Finance,Demos & pitches,https://partiful.com/e/JmvgyqJ5h33eldWT5kw0,1
843f4dd8-3971-496e-98de-8d7ab59396fa,Matched by NEXA - SF Quest Week,Matched by NEXA - SF Quest Week,Meet your people at Tech Week.,2026-10-06,2026-10-06T09:00:00-07:00,2026-10-08T23:00:00-07:00,FiDi (SF),,NEXA,Unknown,false,,,meet,AI,Networking & mixers,https://partiful.com/e/KziCESuBftyxz0IPC2lJ,2
84e2bba5-917b-4a28-a0a4-33202466927f,Nordic AI Frontiers Reception,Nordic AI Frontiers Reception,Build in Europe. Scale Global from Day One.,2026-10-06,2026-10-06T17:00:00-07:00,2026-10-06T20:00:00-07:00,Embarcadero,,Swenode.ai,Unknown,false,,,meet,AI,Networking & mixers; Panels & firesides,https://partiful.com/e/1ZEa0fVfgAoCf2QdSXZr,2
8578f108-1960-497b-9f38-4208877c7016,Dumplings & Data,Dumplings & Data,"Same obsession we bring to curating training data, poured into your cup.",2026-10-06,2026-10-06T11:00:00-07:00,2026-10-06T13:00:00-07:00,SOMA,,"DatologyAI, Modal",Application,true,,207,build,AI,Hackathons & workshops,https://partiful.com/e/5Up6aXdBvTUPU8JzI8He,1
8708e3fd-66f3-4c0f-9937-ea390fd24f5f,"🔥The Brave New World of Startup Fundraising w/Conviction, Recursive, Hustle Fund, Gradient & More","🔥The Brave New World of Startup Fundraising w/Conviction, Recursive, Hustle Fund, Gradient & More",Join us on October 6th and learn how to make it easier.,2026-10-06,2026-10-06T17:00:00-07:00,,Downtown (SF),,"Foundersuite.com, Nixon Peabody",Application,true,,320,raise; meet,AI; Finance,Happy hours & drinks; Panels & firesides,https://partiful.com/e/ySBUlxy6gufczkcrn1bb,4
87f2a2ae-41ff-46a3-8448-a34631dad8b2,Uncork & Connect: Women in AI,Uncork & Connect: Women in AI,"Whether you're founding a company, leading product, investing, or researching the next breakthrough, this is a space to connect with peers who get it — over a great glass of wine.",2026-10-06,2026-10-06T17:00:00-07:00,2026-10-06T19:00:00-07:00,FiDi (SF),,Uncork Capital,Application,true,,,raise; meet,AI; Finance,Happy hours & drinks,https://partiful.com/e/uxvnhFbYqQhvSn4uSBVR,3
880a9bb5-51bd-488e-bdb5-9053e5d94fa9,Boutique Ecosystem Mapping - AI ESOs,Boutique Ecosystem Mapping - AI ESOs,"This workshop introduces Boutique Ecosystem Mapping: a practical approach to turning fragmented ecosystem information into useful, living intelligence.",2026-10-06,2026-10-06T13:00:00-07:00,2026-10-06T15:00:00-07:00,Downtown (SF),,Luna Maps,RSVP,false,LimitedAvailability,56,build,AI,Hackathons & workshops,https://partiful.com/e/mDu0smAvx6jM4saao34h,1
8859ff09-b6a2-4065-85ee-8f55e965ee73,The Investment Game: In Pursuit of Series A [LIVE with a16z!],The Investment Game: In Pursuit of Series A [LIVE with a16z!],"Following the session, stick around and make your own connections over drinks, light bites, and relaxed networking.",2026-10-06,2026-10-06T16:00:00-07:00,2026-10-06T19:00:00-07:00,SOMA,"Silicon Valley Bank Office, 222 2nd St 17, San Francisco, CA",HubSpot,Application,true,,490,raise; meet; fun,AI; Finance,Happy hours & drinks; Networking & mixers; Panels & firesides,https://partiful.com/e/BCHDlHtW5ZmNYvk4RTYN,1
8a16e53a-b118-493d-bfd2-b0893d518417,"TFOT: 🌎🇺🇸Global Innovation Showcase Deep Tech, Dual Tech, Proptech, Web3 at War Memorial","TFOT: 🌎🇺🇸Global Innovation Showcase Deep Tech, Dual Tech, Proptech, Web3 at War Memorial",Explore the live demo showcase and get ready for an afternoon of conversations around the technologies and ideas shaping the future.,2026-10-06,2026-10-06T11:00:00-07:00,2026-10-06T19:00:00-07:00,Civic Center,"San Francisco War Memorial, 401 Van Ness Ave, San Francisco, CA",The Future of Tech,Application,true,,110,raise; build; meet,AI; Finance,Networking & mixers; Panels & firesides; Demos & pitches,https://partiful.com/e/9WxqlWmhozblwUj2Te8k,30
8ce144f1-43b9-4ce9-ad55-f931cee5f112,Macroscope Coffee Cart,Macroscope Coffee Cart,Tech Week runs on coffee and endless pull requests.,2026-10-06,2026-10-06T13:30:00-07:00,2026-10-06T16:30:00-07:00,Downtown (SF),,Macroscope,Application,true,,,meet,AI,Networking & mixers,https://partiful.com/e/1XFyBiTbjMeIm54HOh4n,3
8ce3bf3b-4115-41a3-bdc0-dc2151b17c26,"Workshop: Trust Me, I’m an Agent","Workshop: Trust Me, I’m an Agent",,2026-10-06,,,Downtown (SF),,SF Tech Unleashed,Unknown,false,,,build,AI,Hackathons & workshops,https://partiful.com/e/AZtqn1QbppOP8Muuhqc6,6
8d0815f7-44a4-4046-a675-a6860655d45e,Eatopia Breakfast Lab: Build your nutrition protocol,Turn your nutrition goals into a protocol and grocery list,Interactive Eatopia lab • Food and drink vouchers for the first 50 check-ins,2026-10-06,2026-10-06T08:30:00-07:00,,Dogpatch,"Corgi Cafe (Dogpatch), 2146 3rd St, San Francisco, CA",Eatopia,Application,true,,164,build; meet,AI; Health & biotech,Coffee & breakfast,https://partiful.com/e/xWOLkVDQgoMXpVDvjYcd,2
8ec76355-98cc-46ac-986c-074a3f2426e5,Trajectory AI and VESSL AI,Trajectory AI and VESSL AI,"Join Trajectory and VESSL AI for a closed-door evening in San Francisco, where you can chat with and learn from AI researchers and engineers about the process and infrastructure behind building proprietary AI models that are being…",2026-10-06,2026-10-06T19:00:00-07:00,2026-10-06T22:00:00-07:00,FiDi (SF),,"VESSL AI, Trajectory",Application,true,,75,meet,AI,Dinners; Happy hours & drinks; Networking & mixers,https://partiful.com/e/UdGWc3yV9ffPBf3ugIio,3
8f7d48c9-1e3d-454d-b49c-98b441fe660d,devtool founders coffee & waffles,Trade devtool founder notes over coffee and waffles,"This is a small, founder/builder-only gathering in SF.",2026-10-06,2026-10-06T09:00:00-07:00,,Pacific Heights,,Evil Martians,Application,true,,,meet,AI,Coffee & breakfast; Networking & mixers,https://partiful.com/e/Kad8lBRFsMfpHmG6Ka9H,2
9038c3b1-d3d9-4d94-bbd6-0d8ded02ed37,Bouldering with Akamai Inference Cloud,Bouldering with Akamai Inference Cloud,"​We're used to solving problems behind our screens and on the keyboard, on Oct 6 come out and solve some problems on the climbing walls with Akamai Inference Cloud",2026-10-06,2026-10-06T15:30:00-07:00,2026-10-06T16:30:00-07:00,Lower Nob Hill,,HackerSquad and Akamai Inference Cloud,Unknown,false,,,meet,AI,Networking & mixers,https://luma.com/boulder-with-akamai,1
9172420f-687f-4d40-acf6-a63eedca8140,Making Waves: AI x Finance on the Bay,Making Waves: AI x Finance on the Bay,"Join a hand-picked group of finance and tech leaders for a two-hour afternoon cruise — cocktails in hand, skyline in view.",2026-10-06,2026-10-06T16:00:00-07:00,2026-10-06T18:00:00-07:00,Fisherman's Wharf,,"Rillet, Armanino",Application,true,,33,meet,AI; Finance,Happy hours & drinks; Panels & firesides,https://partiful.com/e/F47hje1pr7qUmHvNI30i,5
91dcd559-2b47-48d4-83ae-d2430865c233,Anti-Distillation & Other Tiny Rebellions,Anti-Distillation & Other Tiny Rebellions,A show-and-tell for prototypes with an attitude.,2026-10-06,2026-10-06T14:00:00-07:00,2026-10-06T16:00:00-07:00,Palo Alto,,Koki AI,Application,true,,30,build; meet,AI; Media & entertainment,Networking & mixers; Hackathons & workshops,https://partiful.com/e/K9dishCW4Lp3vjTYHesS,1
91ec045f-342a-4c4a-8987-d03d021ecb34,"Exit Planning - Trust & Estate Planning, Tax Loss Harvesting, & More","Exit Planning - Trust & Estate Planning, Tax Loss Harvesting, & More",Explaining the complexities of Trust & Estate planning as well as what can be done from a Trust & Estate as well as investment perspective before selling your company.,2026-10-06,2026-10-06T12:00:00-07:00,2026-10-06T14:00:00-07:00,Virtual (SF),,Rockefeller Global Family Office,Application,true,,112,raise,AI; Finance,Panels & firesides,https://partiful.com/e/vWTJIgBrGLKxwMWuxQZV,0
9253976f-74fe-428e-89a2-29ff0797f6fc,YOUR NEXT GROWTH HIRE,YOUR NEXT GROWTH HIRE,"Product Market Pro and Sequoia are bringing together a small group of founders for a private breakfast on what to know before your next sales, marketing, growth or GTM hire, and how to think about compensation once you know who you need.",2026-10-06,2026-10-06T09:00:00-07:00,2026-10-06T11:00:00-07:00,SOMA,"SOMA, San Francisco, CA","Product Market Pro, Sequia One",Application,true,,,build; hire; sell; meet,GTM & sales; AI,Coffee & breakfast; Hackathons & workshops,https://partiful.com/e/GwsEI73qVG9QLFFdzMDy,3
9275ccdc-61af-434e-ae47-0573511890db,"Your QBR, Reimagined: Fireside chat + build","Your QBR, Reimagined: Fireside chat + build","Join Lovable and our event partner for a lively fireside chat on how AI is helping teams tackle business challenges and bring their ideas to life, then try it for yourself.",2026-10-06,2026-10-06T16:00:00-07:00,2026-10-06T18:30:00-07:00,Downtown (SF),,Lovable,Application,true,,,build,AI; GTM & sales,Panels & firesides; Hackathons & workshops,https://partiful.com/e/X3vZJu5pjw9JK3RIeP1K,0
931a9198-ed5b-4a8b-bb6a-533f57e6b804,"Houston, We Have No Cloud: Build Your AI for the Moon","Houston, We Have No Cloud: Build Your AI for the Moon","In this hands-on experience from ZETIC × Liquid AI, you’ll work with a small mission crew to build an AI assistant that runs directly on a phone or a tablet.",2026-10-06,2026-10-06T17:30:00-07:00,,Downtown (SF),"181 2nd St, San Francisco, CA 94105","Liquid AI, ZETIC",Application,true,,213,build; meet,AI,Networking & mixers; Hackathons & workshops,https://partiful.com/e/kzDyZMh8g9rdbuuFviyh,4
9395e4fb-fc04-4b25-8a00-262c90591caf,"International Founders Happy Hour w/ Deel, J.P. Morgan, Orrick","International Founders Happy Hour w/ Deel, J.P. Morgan, Orrick",So are dozens of other ambitious international founders in this room.,2026-10-06,2026-10-06T18:00:00-07:00,2026-10-06T20:30:00-07:00,FiDi (SF),,"Deel, J.P. Morgan, Orrick",Application,true,,,raise; sell; meet,AI; Finance,Happy hours & drinks,https://partiful.com/e/Z7VbfRMMfnwrNASdhz4c,2
93b086e1-4e32-432e-a8c3-1c55c5f169c1,How to pick your sales strategy with Joe Schmidt & Keith Peiris,How to pick your sales strategy with Joe Schmidt & Keith Peiris,Most GTM playbooks were built before agents became part of the team.,2026-10-06,2026-10-06T18:30:00-07:00,,Other,,Cura and Lightfield,Unknown,false,,,sell; meet,AI; GTM & sales,Networking & mixers; Panels & firesides,https://partiful.com/e/PC98ddAUpLjOOA2ESHhs,7
93df24fa-a7bd-4426-bbfe-03dc5259cc57,The AI Hidden Job Market,The AI Hidden Job Market,"If you’re coming to SF Tech Week and you’re hiring or job searching, THIS is the place to be.",2026-10-06,2026-10-06T11:00:00-07:00,2026-10-06T14:00:00-07:00,SOMA,"San Francisco, San Francisco, CA","Door 3, Founder Social Club",Application,true,,,raise; build; hire; meet,AI,Networking & mixers; Demos & pitches,https://partiful.com/e/OHmCiJQZzTHumhNAwD9o,2
94eb710b-e5fd-4511-80cf-481f2581517c,Luminar Ventures Investor & Angel Networking Evening,Luminar Ventures Investor & Angel Networking Evening,"If you're an investor (LP, GP or angel) looking for the next inflection point in AI and deep tech, this is an unmissable opportunity.",2026-10-06,2026-10-06T17:00:00-07:00,,SOMA,,Luminar Ventures,Application,true,,93,raise; meet,AI,Networking & mixers,https://partiful.com/e/ThQWfS9SLPMagtrrU0FQ,1
952c8d28-9ad9-4735-b3f5-3ce484fb9531,"People, Padel & Proper Crêpes | RollCall × Certn","Play padel with HR and talent teams, then grab coffee","Padel, coffee, pastries, and a coach if you've never held a racket.",2026-10-06,2026-10-06T09:45:00-07:00,2026-10-06T12:00:00-07:00,Embarcadero,,rollcall.work,Application,true,,15,meet,AI,Coffee & breakfast,https://partiful.com/e/PWNOfnm7vLgQZFy0W2im,1
952db2ad-f119-471e-bb84-db089219c202,TFOT: 🌎🇺🇸Global Innovation Showcase Scaling AI & Deep Tech at War Memorial,TFOT: 🌎🇺🇸Global Innovation Showcase Scaling AI & Deep Tech at War Memorial,Don't just hear about the future. See what's actually being built.,2026-10-06,2026-10-06T14:00:00-07:00,2026-10-06T17:00:00-07:00,Civic Center,,The Future of Texh,Unknown,false,,,meet,AI,Happy hours & drinks; Networking & mixers; Panels & firesides,https://partiful.com/e/yoGsqjwZ70zOBJCXsRbW,26
95c749a5-cdbc-4da5-a121-8b8dea970942,Founder x VC Golden Gate Bridge Power Walk,Founder x VC Golden Gate Bridge Power Walk,"Join us for a Longevity Power Walk during SF Tech Week — a relaxed morning to move, connect, and experience one of San Francisco’s most iconic landmarks.",2026-10-06,2026-10-06T09:00:00-07:00,,Marina,,R42 Group,Application,true,,79,raise; meet; fun,AI; Finance,Runs & walks; Coffee & breakfast,https://partiful.com/e/UbK9bdS4jwgd13QqHbud,1
95edae68-23dd-4029-b65e-cab721526286,Building Teams That Cross Borders: Insights on Mobility and Expansion,Building Teams That Cross Borders: Insights on Mobility and Expansion,"Join Deel, Sterling and G3 for this exciting conversation and breakfast!",2026-10-06,2026-10-06T09:30:00-07:00,2026-10-06T12:30:00-07:00,Mission,,"Deel, Sterling Brokers",Application,true,,100,build; meet,,Coffee & breakfast; Panels & firesides,https://partiful.com/e/6sWxjKVVUnJqt7W5YKNI,3
95fdd904-f590-487f-9ec6-9a43bfb5788e,"Building in the US: The Founder, Investor, Hiring and Market-Entry Playbook","Building in the US: The Founder, Investor, Hiring and Market-Entry Playbook",Building in the US is about much more than incorporation.,2026-10-06,2026-10-06T14:00:00-07:00,2026-10-06T17:00:00-07:00,SOMA,,Ellis Porter,Application,true,,194,raise; build; hire; sell; meet,GTM & sales,Happy hours & drinks; Networking & mixers; Panels & firesides,https://partiful.com/e/Ujj6xRt1NxvSHNOJRN9Q,1
9697ce47-331f-44a2-829a-6924f93113cb,Models to Medicine Series: From AI Drug Discovery to Patient Engagement,Models to Medicine Series: From AI Drug Discovery to Patient Engagement,"This is an invitation-only gathering designed for candid, high-level dialogue among the pioneers defining the future of AI in life sciences and healthcare.",2026-10-06,2026-10-06T17:00:00-07:00,2026-10-06T20:00:00-07:00,FiDi (SF),,AWS for Startups,Application,true,,185,meet,AI; GTM & sales; Health & biotech,Happy hours & drinks; Networking & mixers; Panels & firesides,https://partiful.com/e/5rxnA733OHsnEYVyJVRd,6
969a2e27-2055-4818-af41-6763e9ce5f0e,Spotlight Bogotá: Private Investor Dinner w/ Bogotá's Secretary of Economic Development,Spotlight Bogotá: Private Investor Dinner w/ Bogotá's Secretary of Economic Development,"Bogotá is putting USD 167M into a 23-floor science, technology and innovation campus, opening in late 2028, with 11 floors under a free-trade-zone regime reserved for anchor…",2026-10-06,2026-10-06T18:00:00-07:00,2026-10-06T20:30:00-07:00,FiDi (SF),,Silicon Valley Delegations,Unknown,false,,,raise; meet,,,https://partiful.com/e/86vuPkxKufL5cGCyWJ3Z,3
97a07fa2-1b95-437e-8bea-899863ac9a1b,How AI Is Transforming the Physical World,Hear a breakfast panel on AI in the physical world,"The Swedish House during SF Tech Week gathers founders, VCs, corporates, and academia across and serves as a curated hub connecting Swedish and US companies through events, networking, and co‑working throughout the week.",2026-10-06,2026-10-06T08:30:00-07:00,2026-10-06T09:30:00-07:00,FiDi (SF),"The Art of San Francisco, 2 Sacramento St, San Francisco, CA",Business Sweden,Application,true,,266,meet,AI,Coffee & breakfast; Panels & firesides,https://partiful.com/e/JszURletzLmuWrwnRkT5,8
97f0e99e-95df-4d1a-b2b6-4b73066caa6c,Build an AI-Native Company in a Day,Build an AI-Native Company in a Day,"At this event, you build one, start to finish, in an afternoon.",2026-10-06,2026-10-06T17:00:00-07:00,,SOMA,"505 Howard St, San Francisco, CA","BotBot, FLORA",Application,true,,172,raise; build,AI; Media & entertainment; GTM & sales,Hackathons & workshops; Demos & pitches,https://partiful.com/e/7GRfNVb30PocxVq8076w,3
981c3c48-557a-46d5-b0ff-a70ca9aff77d,Hiring Event: Scale the Future of mmWave Tech with Elve,Hiring Event: Scale the Future of mmWave Tech with Elve,"If you are exploring new career opportunities, join us for lunch to meet the team and learn about our open positions.",2026-10-06,2026-10-06T11:00:00-07:00,2026-10-06T14:00:00-07:00,South Beach,,Elve,Application,true,,,hire; meet,,Coffee & breakfast; Networking & mixers,https://partiful.com/e/OdzirZQ99YC3I76if9xH,2
994671db-6e0e-4e90-9c6b-82a10d925474,Hard Truths: Why Fintech Growth Fails? Slash Your CAC with AI-Powered Growth Engine,Hard Truths: Why Fintech Growth Fails? Slash Your CAC with AI-Powered Growth Engine,Join us for a sharing session and happy hour to connect with fellow builders and leaders.,2026-10-06,2026-10-06T13:00:00-07:00,2026-10-06T15:00:00-07:00,Downtown (SF),"Frontier Tower, 995 Market St, San Francisco, CA",QCAC,Application,true,,117,sell; meet,AI; Finance,Happy hours & drinks; Networking & mixers; Panels & firesides,https://partiful.com/e/WbBnjvrVQ6nMEdby11Ke,1
99cd1f1c-0298-44ae-b0db-0619fff52955,Consumer tech day: pitch show & growth talk,Watch consumer startups pitch and compare early growth strategies,"Five consumer AI and hardware startups pitch to an investor jury. A growth talk covers finding distribution channels, followed by drinks and open networking.",2026-10-06,2026-10-06T15:30:00-07:00,2026-10-06T19:00:00-07:00,Downtown (SF),,"trmnl4, Flyer One Ventures, PvX Partners",Application,true,,305,raise; build; sell; meet,AI,Demos & pitches; Networking & mixers; Panels & firesides,https://partiful.com/e/kE2UMCCwb1w9LTT4F0Yf,1
9a37417a-f09e-46b2-89db-c4aea2c40739,Longevity Tech: Nobody Needs Another Number | Salon Ch.1,Longevity Tech: Nobody Needs Another Number | Salon Ch.1,"Join founders, operators, and health-invested builders for an evening at the newly open, private longevity clinic studio, on what actually happens after the number.",2026-10-06,2026-10-06T17:30:00-07:00,2026-10-06T19:30:00-07:00,Hayes Valley,,"EMBODIED, BrainHome",Application,true,,,meet,Health & biotech; Robotics & hardware,Networking & mixers; Panels & firesides,https://partiful.com/e/JDmcxIM7C8OilgeZh0kz,3
9a944860-5fac-47e7-b21e-355c9f24f49e,NachoTuesday SaaS & AI Founder + Investor Happy Hour,NachoTuesday SaaS & AI Founder + Investor Happy Hour,This networking event will be exclusively for SaaS/AI:,2026-10-06,2026-10-06T17:00:00-07:00,2026-10-06T20:00:00-07:00,Downtown (SF),,NachoNacho,Application,true,,187,raise; meet,AI,Happy hours & drinks,https://partiful.com/e/r3UyIf4CWSG8xNtLISvy,1
9afa6c44-f025-4546-88c6-eee99321faa7,Sushi-Making with Fearn and Kindred Ventures,Sushi-Making with Fearn and Kindred Ventures,Join the teams from Fearn and Kindred Ventures for a hands-on sushi-making workshop with founders.,2026-10-06,2026-10-06T18:00:00-07:00,2026-10-06T20:00:00-07:00,Mission,,"Kindred Ventures, Fearn",Application,true,,,build; meet,AI,Networking & mixers; Hackathons & workshops,https://partiful.com/e/Wn9UsaQDG7NeKhO2zSiM,3
9cc4d13c-e5ca-48d4-afb1-191db70f0292,"Lessons from Building Retrieval at AWS, Linkedin, & Google","Lessons from Building Retrieval at AWS, Linkedin, & Google",An evening of two short talks and drinks for people building RAG in production.,2026-10-06,2026-10-06T17:30:00-07:00,,SOMA,,Infino AI,Application,true,,,raise; build,AI,Demos & pitches; Hackathons & workshops,https://partiful.com/e/l4l3Qt2vaA7Bt3me6Xwn,3
9cd59794-b4fc-429a-9932-81efc8e76566,Advancing Collaborative AI Drug Discovery,Advancing Collaborative AI Drug Discovery,Join Eli Lilly and a16z Bio + Health for an #SFTechWeek breakfast on the collaborative future of AI-native drug discovery.,2026-10-06,2026-10-06T08:30:00-07:00,2026-10-06T11:30:00-07:00,Mission Bay,,"a16z, Lilly",Application,true,,,raise; build; meet,AI,Coffee & breakfast; Demos & pitches; Hackathons & workshops,https://partiful.com/e/ccQ8p5st5UNpGXyFZHiT,3
9ce6e32b-2a97-4796-84c8-c101ed9857ab,VC-Backed AI Founder Showcase,VC-Backed AI Founder Showcase,Join Founders Network during SF Tech Week for an evening featuring VC-backed AI founders building the next generation of startups.,2026-10-06,2026-10-06T17:00:00-07:00,2026-10-06T19:00:00-07:00,SOMA,"Salesforce Tower, 415 Mission St 46th Floor, San Francisco, CA",Founders Network,Application,true,,231,raise; build,AI; Finance; GTM & sales,Demos & pitches,https://partiful.com/e/oxV4cdZeRvfpk1PRQnlF,2
9d7b208a-6447-43a2-a600-9686b1cd82b7,a16z & Friends: Morning Bike Ride,a16z & Friends: Morning Bike Ride,"On our ride we'll be joined by Filippo Pozzato, former world tour ride and the winner of Milan-San Remo.",2026-10-06,2026-10-06T08:00:00-07:00,2026-10-06T10:00:00-07:00,Golden Gate Park,,a16z,Application,true,,73,,AI,,https://partiful.com/e/66XOKvswRUO9rn2vFCfw,4
9e6a32fd-f931-48b4-b0f7-7115a7b6617d,CRITICAL MINERALS NIGHT: From AI Models to Mineral Assets in the Midst of a Mineral Super Cycle,CRITICAL MINERALS NIGHT: From AI Models to Mineral Assets in the Midst of a Mineral Super Cycle,Join EARTH AI and Atana Elements for a rare look inside two companies advancing mineral exploration and development.,2026-10-06,2026-10-06T17:30:00-07:00,,Union Square (SF),,"Earth AI and Atana Elements, Atana Elements",Application,true,,70,meet,AI,Happy hours & drinks; Networking & mixers; Panels & firesides,https://partiful.com/e/JiDpsxM8PiOXAXEqeqes,2
9eb80e6b-9d01-46fa-b550-15bbd18f7fb9,A.I. Founders Mixer: Inkle x AtoB,A.I. Founders Mixer: Inkle x AtoB,"Join us for conversations around AI, vibe coding, startups, and the future of building with AI.",2026-10-06,2026-10-06T16:00:00-07:00,2026-10-06T18:00:00-07:00,Downtown (SF),,Inkle,Application,true,,159,meet,AI,Networking & mixers; Panels & firesides,https://partiful.com/e/prpzkhycR9LpAVruGvxI,1
9f027748-be64-4df4-97c7-3f9d7f4e8b9b,Seed Founders: Free Working Space on Market St.,Seed Founders: Free Working Space on Market St.,"DG Incubation and Open Network Lab are opening up a free drop-in workspace for seed startups during SF Tech Week — wifi, coffee, and light snacks, no agenda required.",2026-10-06,2026-10-06T13:00:00-07:00,2026-10-06T16:45:00-07:00,SOMA,"DG717 Digital Garage, 717 Market St, San Francisco, CA","Digital Garage, Inc.",Application,true,SoldOut,,raise; meet,AI,Networking & mixers; Panels & firesides,https://partiful.com/e/TZRQ9mQTwPqyygU1K2ea,1
9f69f5e3-24a0-48d4-a3a3-be30e34f5358,Autonomous Vehicles and Public Transit: Bridging the Gap,Autonomous Vehicles and Public Transit: Bridging the Gap,"This exclusive panel brings together senior executives and mobility leaders from Sweden and the United States to explore how robotaxis, autonomous shuttles, and data-driven services can connect with buses, trams, and rail.",2026-10-06,2026-10-06T15:00:00-07:00,,Embarcadero,"The Art of San Francisco, 2 Sacramento St, San Francisco, CA","Future Mobility, Swedish Consulate-General San Francisco, USA",Unknown,false,,,meet,AI,Panels & firesides,https://partiful.com/e/LNsZT1GvSDWtKmYMtnug,6
9f9b4fe6-1af7-41ca-a5d5-21ced908b4a5,The New Executive Playbook,The New Executive Playbook,7:00 — Facilitated Discussion & Aspen Institute Socratic Dialogue,2026-10-06,2026-10-06T17:30:00-07:00,2026-10-06T21:30:00-07:00,Lower Nob Hill,,Love.Life,Application,true,,43,,Health & biotech; AI; Media & entertainment,Panels & firesides,https://partiful.com/e/OAlhe7N3PcFXMe9pJIyR,6
a05f0edb-9c14-4ded-999e-91872ee0d447,WEARABLES: The Future of Health/HAPPY HOUR (Free Food + Drinks),WEARABLES: The Future of Health/HAPPY HOUR (Free Food + Drinks),"Join us during Tech Week for an evening exploring the future of wearable health from sleep and recovery to biometrics, fitness, longevity, and everything in between.",2026-10-06,2026-10-06T18:00:00-07:00,2026-10-06T22:00:00-07:00,SOMA,"SOMA, San Francisco, CA",Lenn AI,RSVP,false,,502,meet,Health & biotech; AI; Robotics & hardware,Happy hours & drinks; Networking & mixers,https://partiful.com/e/5zxFQnsPYteUHVWlBTYi,0
a0af1169-89c1-46e2-b68d-b3d114b7db8f,CoFounder / Partner Matchup,CoFounder / Partner Matchup,"Join us on the grass, bring some coffee, and we'll discuss unresolved problems that need fixing.",2026-10-06,2026-10-06T13:00:00-07:00,2026-10-06T14:30:00-07:00,Rincon Hill,"Rincon Park, 289 Steuart Ln, San Francisco, CA","Pangeus Ltd, The Inflection",Application,true,,35,build; hire; meet,,Networking & mixers; Hackathons & workshops,https://partiful.com/e/bUkZV48VQAAOmwy9w15T,0
a0af3a86-fb47-4b9d-9024-e138dd2b0a2f,AI Leaders Dinner (Invite-Only) - Mission,AI Leaders Dinner (Invite-Only) - Mission,"This is a rare opportunity to connect directly with one of the field's most influential builders in a relaxed, off-the-record setting.",2026-10-06,2026-10-06T18:00:00-07:00,2026-10-06T20:30:00-07:00,Other,,Rasa Technologies,Application,true,,,meet,AI,Dinners,https://partiful.com/e/QI7bnEeEUf2sgk5oO4Y0,2
a0fecb47-ebf4-41a5-9b72-d643f34ed94d,From AI Prototype to Production,From AI Prototype to Production,Join Streamlogic for a practical conversation about what it really takes to move from AI prototype → production product.,2026-10-06,2026-10-06T13:00:00-07:00,,Virtual (SF),,Streamlogic,Application,true,,148,build,AI,Hackathons & workshops,https://partiful.com/e/U7gMZLHuyCRmOoF4VoFd,1
a13cb8b3-291a-4854-b647-ca778bf3ab37,Solving Chronic Illness with AI,Solving Chronic Illness with AI,"Join Atlas AI for a panel that puts together founders, clinicians, investors, and patients on the same stage to talk about how this technology is transforming how we think about treating chronically ill patients.",2026-10-06,2026-10-06T18:30:00-07:00,,SOMA,,Atlas AI,Application,true,,163,,AI; Health & biotech,Panels & firesides,https://partiful.com/e/cNeS4Fnw4uDMPZedZVMy,5
a15422ee-f74d-463f-bc3d-31868c58f7d9,Fintech CFO Office Hours,Fintech CFO Office Hours,Scalepoint provides fractional CFO and Capital Markets Advisory services to Seed to B VC-backed Fintech startups.,2026-10-06,2026-10-06T12:00:00-07:00,,Embarcadero,,Scalepoint,Application,true,,,raise; meet,Finance; AI,Networking & mixers,https://partiful.com/e/Ku3j45ZCQGlEr7V5RvF9,1
a18c7463-a075-4e70-8b3a-961282853401,"Freedom of Movement: AI, Borders, and the Global Mobility OS","Freedom of Movement: AI, Borders, and the Global Mobility OS","For the past twenty-five years, immigration systems have been shaped by security-first assumptions, creating friction for workers, founders, researchers, and companies operating across borders.",2026-10-06,2026-10-06T18:00:00-07:00,2026-10-06T20:00:00-07:00,North Beach,,"Vestara, Kevin J Andrews Law",Application,true,,90,meet,AI,Happy hours & drinks; Networking & mixers; Panels & firesides,https://partiful.com/e/JL11ELjoKPzU06QklMpZ,3
a247bf0f-2099-4eef-99a1-85f2c4982ae6,Physical AI Innovation Showcase with SAP and Plug and Play,Physical AI Innovation Showcase with SAP and Plug and Play,Step into what’s next in tech at our Innovation Showcase during SF Tech Week!,2026-10-06,2026-10-06T17:30:00-07:00,2026-10-06T20:30:00-07:00,SOMA,,"SAP, Plug and Play",Application,true,,,raise; build,AI; Robotics & hardware,Demos & pitches; Hackathons & workshops,https://partiful.com/e/9rAojQYGqOIy0lQHY8cB,3
a43e339f-5e11-40a7-a448-fc0e39cbc934,Apollo Summit,Apollo Summit,"Join us for product announcements and customer stories from some of the word's largest organizations, hands on workshops, lightning talks and technical deep dives with our Apollo product and engineering experts.",2026-10-06,2026-10-06T17:00:00-07:00,2026-10-08T15:00:00-07:00,Dogpatch,,Apollo GraphQL,RSVP,false,,,build,AI,Hackathons & workshops,https://partiful.com/e/VXloS3Sit59spA76uBao,10
a49682f6-9594-4aa4-875e-21a2ee941c86,Voice AI in the Wild -- Demos & Lunch with Vonage + Deepgram,Voice AI in the Wild -- Demos & Lunch with Vonage + Deepgram,"Join Vonage and Deepgram for an afternoon of live demos, real talk, and good food at Deepgram's SF HQ.",2026-10-06,2026-10-06T11:00:00-07:00,2026-10-06T14:00:00-07:00,FiDi (SF),"505 Howard St #100, San Francisco, CA 94105","Vonage, DeepGram",Application,true,,185,raise; build; meet,AI,Demos & pitches; Coffee & breakfast; Hackathons & workshops,https://partiful.com/e/Gp49nL2GPStlf9AlRpms,3
a4d57358-d926-4589-8828-32f3e0c47daf,Scaling AI with the 7 Layer Controls Framework,Scaling AI with the 7 Layer Controls Framework,"Join Darren Kimura, President & CEO of AI Squared, for an executive discussion on the AI Controls Framework: The 7 Layers—a practical approach to building AI systems that are scalable, secure, and sustainable.",2026-10-06,2026-10-06T16:30:00-07:00,2026-10-06T19:00:00-07:00,Palo Alto,,AISquared,Application,true,,148,meet,AI,Coffee & breakfast,https://partiful.com/e/RMrynRKORKicfTUW9TfX,3
a5cab42e-1b76-43a9-809d-706a8d745c28,Rally with Lowenstein Networking. Pickleball.,Rally with Lowenstein Networking. Pickleball.,"Join Lowenstein Sandler’s Anthony Raymundo and Matteo Daste for an afternoon of pickleball, refreshments, and meaningful connections with founders, operators, investors, and friends from across the SF Tech Week community.",2026-10-06,2026-10-06T15:00:00-07:00,2026-10-06T18:00:00-07:00,SOMA,,Lowenstein Sandler,Application,true,,37,raise; meet,AI; Media & entertainment; Finance,Networking & mixers,https://partiful.com/e/kn9GHL806W7CEWcUlUbN,2
a73bb032-f79e-45aa-9340-dc6d6a8c30b6,Capturing the Value of Intelligence - #SFTech Week,Capturing the Value of Intelligence - #SFTech Week,"Join HSBC Innovation Banking and a16z for Capturing the Value of Intelligence, an SF Tech Week Panel.",2026-10-06,2026-10-06T16:00:00-07:00,2026-10-06T18:00:00-07:00,Telegraph Hill,"a16z Office, 1025 Sansome St, San Francisco, CA","HSBC, a16z Speedrun",Application,true,,,,AI,Panels & firesides,https://partiful.com/e/9VljRP0TkkEpT8B3jcVF,1
a7713009-73ea-4e6a-a911-0d0580dd986f,Robopsychology Salon: What AI Safety Forgets About You,Robopsychology Salon: What AI Safety Forgets About You,"​SF tech week is about what AI can do. This evening is about what the AI race is doing to us — to our minds, our hearts and our bodies.",2026-10-06,2026-10-06T18:00:00-07:00,2026-10-06T20:30:00-07:00,Hayes Valley,,SF Commons,Unknown,false,,,,AI,Panels & firesides,https://partiful.com/e/cLuf41rfjjw66tO4MHjl,1
a7ca9a1e-651a-4545-a345-ff24ca599bfe,Bizora Brews Live: Inside the AI Native Back Office,Bizora Brews Live: Inside the AI Native Back Office,"We are recording an episode of Bizora Brews live, in front of a small room, during SF Tech Week.",2026-10-06,2026-10-06T11:00:00-07:00,,Rincon Hill,"Armanino SF Office, 44 Montgomery St, San Francisco, CA",Bizora Inc.,Application,true,,63,meet,AI; Finance,Networking & mixers; Panels & firesides,https://partiful.com/e/MEP33E086ugA2ZrqI1bc,3
a8c7106d-4bf2-470d-9f3e-17e8b4f315ea,Prediction Markets for Clinical Trials,Prediction Markets for Clinical Trials,Prediction markets are reshaping how people forecast elections and sports.,2026-10-06,2026-10-06T19:30:00-07:00,,Union Square (SF),TBA!,Endpoint Arena,Application,true,,146,meet,Health & biotech; AI,Networking & mixers; Panels & firesides,https://partiful.com/e/cDUnl38iMfhuG9t4VgPH,1
a9614c67-3cf9-4cdc-ba0d-ab712d38859a,Every Action Is Checked: Governing AI Agents in Regulated Environments,Every Action Is Checked: Governing AI Agents in Regulated Environments,"A closed, unrecorded roundtable for risk, compliance, and AI leaders in regulated evironments on governing autonomous agents where every action matters: real-time approval, human sign-off, and an audit trail that survives scrutiny.",2026-10-06,2026-10-06T11:00:00-07:00,,Virtual (SF),,Outhora AI,Application,true,,124,build; meet,AI; Finance,Hackathons & workshops,https://partiful.com/e/dEPLGajTisWhhFrH45Vb,2
a998627e-8130-4979-983f-b6b4cef12a5a,The Trust Problem AI Created for B2B Sales,The Trust Problem AI Created for B2B Sales,Every B2B buyer now receives dozens of personalised-at-scale messages a week.,2026-10-06,2026-10-06T09:00:00-07:00,,SOMA,,Outsell Sales,Application,true,,112,raise; build; sell,AI; GTM & sales,Panels & firesides; Demos & pitches; Hackathons & workshops,https://partiful.com/e/59bTBMLunGwdRAJwNpLq,2
abb9488a-df02-452d-9d59-cfaec205975e,GTM 101: Ask a Founder Anything,GTM 101: Ask a Founder Anything,"No pitch decks, no scripts, just real answers on go-to-market strategy, fundraising, hiring, and the decisions that don’t make it into the highlight reel.",2026-10-06,2026-10-06T13:00:00-07:00,2026-10-06T14:00:00-07:00,Virtual (SF),,Luvira Consulting,RSVP,false,,119,raise; build; sell,GTM & sales; AI; Finance,Panels & firesides; Hackathons & workshops,https://partiful.com/e/BH32JO8wU4ePr7ERRIdC,2
ac6db736-b43e-4174-bd7a-6939da416b01,Uncork Your US + Global Growth,Uncork Your US + Global Growth,Join Deel and Hub for a wine tasting and a discussion on US expansion specifically how PEO can help!,2026-10-06,2026-10-06T14:30:00-07:00,2026-10-06T17:30:00-07:00,Downtown (SF),,"Deel, Hub International",Application,true,,66,sell; meet,,Happy hours & drinks; Networking & mixers; Panels & firesides,https://partiful.com/e/IUDU30KEDtUj7eGY9P4V,2
ace39fbb-ac3c-4be3-bdca-76eaa26123b6,Scotland x SF Mixer,Scotland x SF Mixer,"Join us for some drinks, networking and Scottish hospitality.",2026-10-06,2026-10-06T17:30:00-07:00,2026-10-06T19:30:00-07:00,SOMA,"Spark Social SF, 601 Mission Bay Blvd N, San Francisco, CA",Impact Rise Ventures,Unknown,false,,185,meet,,Networking & mixers; Happy hours & drinks,https://partiful.com/e/FU47lsXtursHpyDdFXMo,0
ad8fa744-875a-4746-9901-6d9e3fab9a95,Made in SF: Breakfast Burritos & Hardware,Talk hardware over breakfast burritos,Start your Tech Week morning right — with real breakfast burritos and real talk about building real things.,2026-10-06,2026-10-06T09:00:00-07:00,,Mission,,Vulcury Venture Studio and Advisors,Application,true,,,meet,Robotics & hardware,Coffee & breakfast,https://partiful.com/e/BYImaBtsAHxQOlpOIabi,2
adb56613-e26f-4cd1-91cf-4872e183d955,Fashion & AI Happy Hour with Mirror Mirror AI,Fashion & AI Happy Hour with Mirror Mirror AI,"Join us during SF Tech Week for an evening with models, brands, investors, and friends across fashion and tech.",2026-10-06,2026-10-06T18:00:00-07:00,2026-10-06T21:00:00-07:00,Marina,"Presidio, San Francisco, CA",Mirror Mirror AI,Application,true,,33,meet,AI; Media & entertainment,Happy hours & drinks,https://partiful.com/e/DCWG0XLEVqw9C98XGToj,3
adb6d32b-27a1-4492-bd83-7240e7e03950,Queer Founders and Investors - History of the Castro and Coffee,"Tour the Castro’s LGBTQ history, then get coffee with queer founders","No worries, join us at Poesia Cafe (4076 18th St Downstairs, San Francisco, CA 94114) at 11:30 am for coffee and a social.",2026-10-06,2026-10-06T11:00:00-07:00,2026-10-06T12:00:00-07:00,Castro,,Pie,Application,true,,82,raise; meet,AI; Finance,Coffee & breakfast,https://partiful.com/e/AzeqIiZ0kkHC2tqGO2CL,1
ae137ef2-77f5-43af-82b7-3dc8a9cd2ccd,Physical AI Paper Club & Science Dinner,Physical AI Paper Club & Science Dinner,"Join a curated group of scientists, researchers, founders, engineers, and students for an evening exploring the most important ideas in physical AI.",2026-10-06,2026-10-06T20:00:00-07:00,,Embarcadero,,Cinnamon Sipper,Application,true,,,build; meet,AI; Robotics & hardware,Dinners; Networking & mixers; Hackathons & workshops,https://partiful.com/e/qjJA7wmf7QgAwxuNqe1v,1
af5ce35e-f17f-4328-ac9b-b72e1dfe4857,Genome Party,Genome Party,We believe everyone should have access to their genome and the tools to explore it.,2026-10-06,2026-10-06T18:00:00-07:00,2026-10-06T21:00:00-07:00,Downtown (SF),,Genome Computer,Application,true,,,meet; fun,AI; Health & biotech,Parties & raves; Happy hours & drinks,https://partiful.com/e/cEp2fBoNXY6vUQZXmj0Y,1
b04968c9-e5f2-4e3b-8f94-27e86b8176a9,Omakase for Builders: A Breakfast,Talk engineering leadership off the record with 30 peers,"Join Aikido Security for an intimate omakase breakfast during SF Tech Week, bringing together a small group of CISOs, CTOs, and VP+ Engineering leaders over great food, plenty of caffeine, and candid conversation.",2026-10-06,2026-10-06T08:30:00-07:00,2026-10-06T10:30:00-07:00,Mission,"ODETOKYO, 431 Tehama St, FL 2, San Francisco, CA",Aikido Security,Application,true,,35,build; meet,AI,Coffee & breakfast,https://partiful.com/e/9J8NhsZmHLG5pj7w8zhe,4
b1a1a367-99db-462f-8518-97b34fd15e10,Founders Capital Summit,Founders Capital Summit,"Join health and biotech founders, funders, investors, operators, and ecosystem leaders for a full day focused on getting great science and technology from research to commercialization.",2026-10-06,2026-10-06T10:00:00-07:00,2026-10-06T16:00:00-07:00,FiDi (SF),"Financial District, San Fransciso ",NDVC,Application,true,,253,raise; build,AI; Finance; Health & biotech,Hackathons & workshops,https://partiful.com/e/GdpTkCtxHx5vEqyqzUu8,25
b2fb231b-8ce7-4bbc-99f5-41e6df4c92e1,State of Industrial AI: The Missing Link to Large-Scale Adoption,State of Industrial AI: The Missing Link to Large-Scale Adoption,RubberDuck is sponsoring this event and will join the panel to examine how whole-codebase context and evidence about change impact can help enterprises evaluate AI-assisted software changes before release.,2026-10-06,2026-10-06T16:00:00-07:00,2026-10-06T18:00:00-07:00,FiDi (SF),"Eragon office, 575 Market St, San Francisco, CA",Essentia Ventures,Application,true,,57,meet,AI,Happy hours & drinks; Networking & mixers; Panels & firesides,https://partiful.com/e/fTSrzzr75NUUsBWcbIPO,4
b3b9c258-86d7-43d2-8291-371e6df06184,The Future of Patient Care & Engagement,The Future of Patient Care & Engagement,"Join founders, investors, clinicians, operators, and healthcare innovators for an evening of networking during SF Tech Week.",2026-10-06,2026-10-06T17:00:00-07:00,2026-10-06T20:00:00-07:00,Rincon Hill,"Antler SF, 144 Townsend St 3rd Floor, San Francisco, CA",Healink,Application,true,,,raise; meet,AI; Finance; Health & biotech,Happy hours & drinks,https://partiful.com/e/cxxQlvB2YK46sNHeZfPJ,4
b5a4752c-25c7-4ca3-8c6f-a65f33f60c5e,Early-Stage B2B Tech Founders & Funders Breakfast,Breakfast for early-stage B2B founders and funders,"This is a curated, application-based event, and registration does not guarantee attendance.",2026-10-06,2026-10-06T09:30:00-07:00,2026-10-06T11:30:00-07:00,SOMA,,Forum Ventures,Application,true,,,meet,AI,Coffee & breakfast,https://partiful.com/e/AzPMtirziyzO9F7vCBNO,9
b5d304c1-bfc1-4a2e-931e-322750701916,Future of Open Source,Future of Open Source,"Join Reflex, smol machines, cmem and fellow open-source-focused companies for a panel discussion on how open source companies operate today and what the future may hold for the broader open-source community.",2026-10-06,2026-10-06T18:00:00-07:00,,FiDi (SF),,"smol machines, Reflex",Application,true,,133,build; meet,AI,Dinners; Panels & firesides,https://partiful.com/e/fzfcl1k4OifhvlESRoEy,1
b84fe51a-7744-4791-9ff6-3eeeddb9fe91,The New Exit Playbook: State of the Market for Startup Acquisitions,The New Exit Playbook: State of the Market for Startup Acquisitions,"Join founders, investors, corporate development leaders, M&A advisors, and startup attorneys for an honest discussion about the current acquisition landscape for Series A and later-stage startups.",2026-10-06,2026-10-06T11:30:00-07:00,2026-10-06T13:30:00-07:00,FiDi (SF),,RSM,Application,true,,82,raise; meet,AI; Finance,Coffee & breakfast,https://partiful.com/e/0OTN83D18ZW2p3Tp3P5Q,9
b8ad61d1-0cb8-4d07-bf6b-8aacafcb8c60,Google for Startups: Engineering 10x with Dr. Astro Teller and Google DeepMind,Google for Startups: Engineering 10x with Dr. Astro Teller and Google DeepMind,"Acceptance for this timeslot grants you the flexibility to customize your experience: catch both headline speakers on the main stage, drop in for just one session, or step away at any time to check out live demos, grab a coffee, and…",2026-10-06,2026-10-06T09:30:00-07:00,2026-10-06T12:00:00-07:00,SOMA,,Google for Startups,Application,true,,,build,AI,Panels & firesides; Hackathons & workshops,https://partiful.com/e/GS2y8UzXQRzCZEw0M1ya,8
b9387389-8040-4aad-b307-ec9be7dc0268,Biology Is Getting a World Model,Biology Is Getting a World Model,"Join Mithrl for their launch of the Biomedical World Model, Mithrl-1 — a living, traceable map of biology that reasons through biological questions instead of just retrieving answers.",2026-10-06,2026-10-06T17:30:00-07:00,2026-10-06T20:00:00-07:00,FiDi (SF),"Mithrl Rooftop Terrace (Financial District), 100 Montgomery St 16th Floor, Rooftop Terrace, San Francisco, CA",Mithrl,Application,true,,,meet,AI; Health & biotech,Panels & firesides,https://partiful.com/e/CluVM6aIbaP7seQkj6KX,0
b9d5348e-8569-4317-a2e2-892c43db71cb,"Google for Startups: From Frontier to Production with DeepMind & Wiz: Building Secure, Scalable AI","Google for Startups: From Frontier to Production with DeepMind & Wiz: Building Secure, Scalable AI","Acceptance for this timeslot grants you the flexibility to customize your experience: catch your choice of headline speakers, drop in for specific sessions, or step away at any time to check out live demos, grab a coffee, and connect in…",2026-10-06,2026-10-06T12:30:00-07:00,2026-10-06T17:45:00-07:00,SOMA,,Google for Startups,Application,true,,,build,AI,Panels & firesides; Hackathons & workshops,https://partiful.com/e/1ArQae44UaaW8I5zDU27,8
ba2e0a27-15ba-4099-94fb-09b1c8a508f6,Morning Run & Coffee with LTX & Reactor,Start the day with a run and coffee with LTX and Reactor,"Join us for a scenic 3-4 mile route in San Francisco led by Shani Mandel-Laufer, Chief Business Officer at LTX, and the team at Reactor.",2026-10-06,2026-10-06T07:00:00-07:00,2026-10-06T09:00:00-07:00,Embarcadero,"Ferry Building, 1 Ferry Building, San Francisco, CA",LTX,Application,true,,69,meet; fun,AI,Coffee & breakfast; Runs & walks,https://partiful.com/e/A2LxXbKkoP4wH2lwc6Ad,2
ba55b71a-1881-45c4-aaad-02c2800533f9,The Ventures Startup Award San Francisco 2026,The Ventures Startup Award San Francisco 2026,"The Ventures is an International Startup Awards and Venture Club, originally launched in Silicon Valley.",2026-10-06,2026-10-06T11:00:00-07:00,2026-10-06T14:00:00-07:00,Downtown (SF),,The Ventures,Application,true,,31,raise; build,AI; Finance,Demos & pitches,https://partiful.com/e/yzmCsetxBy1HiyCbNjul,2
bbdcc0c9-2efe-4be1-a5c5-136495346452,Vintage & Venture A Founder and Investor Wine Tasting,Vintage & Venture A Founder and Investor Wine Tasting,SF Tech Week has plenty of crowded rooms and hurried introductions. This is the opposite.,2026-10-06,2026-10-06T19:30:00-07:00,,Mission,,AI.FO,Unknown,false,,,raise; meet,Finance; AI,Happy hours & drinks; Networking & mixers,https://partiful.com/e/ij1k4hMXA2Lkq6JvJbtN,1
bc642d63-79d0-4792-85d5-9d44a6383393,SF Maritime Tech Summit,SF Maritime Tech Summit,"We’ll share an overview of the market, highlight success stories from local maritime startups, review resources available in SF, and then break into a panel discussion and networking session to spark new collaborations.",2026-10-06,2026-10-06T12:30:00-07:00,2026-10-06T15:00:00-07:00,Downtown (SF),"Humanmade, 655 Bryant Street San Francisco CA 94107",x1025,Application,true,,93,meet,AI,Coffee & breakfast; Networking & mixers; Panels & firesides,https://partiful.com/e/DsVGbBC3FUg5xfORA9cR,2
bcb828b2-47e4-4dcf-ae62-3e9512828726,Agentic Business Card Experiment,Agentic Business Card Experiment,Join us for a new kind of networking experience.,2026-10-06,2026-10-06T18:30:00-07:00,2026-10-06T20:30:00-07:00,Mission,"Mission Dolores Park, 566 Dolores St, San Francisco, CA",Purpose:Labs,Application,true,,62,meet,AI; Media & entertainment,Networking & mixers,https://partiful.com/e/KQRhXX3UIQFBh6su28bF,0
be78f6b8-61e8-479e-aca5-8df1ed6134a8,The Women in AI Consumer Tech Showcase,The Women in AI Consumer Tech Showcase,"This is an interactive gallery experience where you can discover emerging AI products, try working demos and prototypes, and meet the women building them.",2026-10-06,2026-10-06T16:00:00-07:00,2026-10-06T19:00:00-07:00,SOMA,,"Oasis Collective, Connexa",Application,true,,278,raise; build; meet,AI; Finance,Networking & mixers; Demos & pitches,https://partiful.com/e/MLHcHioWSKwYNU7hRD6c,2
bf1663c4-c771-46de-b750-1ceec9063e50,Go To Market Mixer,Go To Market Mixer,"Let's connect with other smart people, in between lunch & dinner",2026-10-06,2026-10-06T14:00:00-07:00,,SOMA,"Flying Figs Wine Bar, 1870 Fillmore St, San Francisco, CA",Technology Founders of America,RSVP,false,,306,sell; meet,GTM & sales,Networking & mixers,https://partiful.com/e/OjUBsbVvkQMtdFiLPWXP,2
bf1c4c54-29a3-4ae3-a6fd-5587e067b2c4,Investors at the Cutting Edge - GP/LP Luncheon (Deep Tech),Investors at the Cutting Edge - GP/LP Luncheon (Deep Tech),Investing in the Cutting Edge: A GP & LP Luncheon — SF Tech Week 2026,2026-10-06,2026-10-06T11:00:00-07:00,,Other,,Actuate Ventures,Application,true,,2,raise; meet,Robotics & hardware; AI,Coffee & breakfast; Networking & mixers,https://partiful.com/e/tdHkRg3z7ablmEnlzG6L,1
bf334b36-3a48-4b39-928e-395327f4799d,Builders & Backers Networking Happy Hour,Builders & Backers Networking Happy Hour,"Connect with fellow founders, investors, and leaders from the crypto and AI/technology community at a relaxed happy hour hosted by Brown Immigration Law.",2026-10-06,2026-10-06T16:30:00-07:00,2026-10-06T18:00:00-07:00,SOMA,,Brown Immigration Law,Application,true,,100,raise; build; meet,AI; Finance,Networking & mixers; Happy hours & drinks,https://partiful.com/e/RkVOrppvBA0vICZh4pFX,0
bf6060bd-c845-4d6e-b372-af72b36bcb75,Product Builders Meetup by Lenny's Newsletter,Product Builders Meetup by Lenny's Newsletter,"Calling all product people: founders, product managers, product marketing managers, designers, etc.",2026-10-06,2026-10-06T17:00:00-07:00,2026-10-06T20:30:00-07:00,Lower Nob Hill,,"Lenny's Newsletter, PostHog",Application,true,,371,build; meet,AI,Happy hours & drinks; Networking & mixers,https://partiful.com/e/kpivlmwwOyTK54mgB2Vl,3
c018379f-c6db-4695-b279-9e2486b88c5a,"Rise&Raise Founder Breakfast: Raisi, Seed2Table, Fidelity Private Shares + The Network Firm",Meet founders and investors through breakfast introductions,Investor interviews • Panel discussion • Networking and curated introductions,2026-10-06,2026-10-06T09:00:00-07:00,2026-10-06T11:30:00-07:00,Union Square (SF),,"Raisi AI, Seed2Table",Unknown,false,,480,raise; meet,AI; Finance,Coffee & breakfast; Networking & mixers; Panels & firesides,https://partiful.com/e/ZIn5gXyJNvIEUKqm88s1,1
c031a786-3363-4be7-99a7-59aca23332b8,"Government, Media & AI: the Future of Public Affairs","Government, Media & AI: the Future of Public Affairs","We're gathering folks in enterprise public affairs, government, journalism and advocacy to exchange insights and land on a positive vision for the future of democracy, our sectors and our communities, with AI.",2026-10-06,2026-10-06T18:00:00-07:00,,Mission,,Locunity Inc.,Application,true,,115,meet,AI; Media & entertainment,Networking & mixers; Panels & firesides,https://partiful.com/e/KZPzVo8qH8FP3SXfEgxu,5
c05ec75a-b9f8-458f-8e04-5db621b0b512,Human Interest - Deel Lunch and Learn #SFTechWe,Human Interest - Deel Lunch and Learn #SFTechWe,,2026-10-06,2026-10-06T15:00:00-07:00,2026-10-06T17:00:00-07:00,North Beach,,Deel,Application,true,,9,meet,AI; GTM & sales,Dinners,https://partiful.com/e/BIv0REc0CKDos4EaAWVI,1
c124e06a-8f9c-4593-ac1e-832a2513d3e3,"AI Agents Builder Night with PostHog, Convex, Elastic, & Rootly AI","AI Agents Builder Night with PostHog, Convex, Elastic, & Rootly AI","Connect with peers across the AI ecosystem, catch live demos from Convex, PostHog, Elastic, and Rootly AI, and walk away with free credits and trivia prizes.",2026-10-06,2026-10-06T17:30:00-07:00,2026-10-06T20:00:00-07:00,Potrero Hill,,"Rootly AI, Convex",Application,true,,315,raise; build; meet,AI,Networking & mixers; Panels & firesides; Demos & pitches; Hackathons & workshops,https://partiful.com/e/VQwFpuDmy1cMd3iGXD3o,3
c17cbfc7-1fe8-4a5b-be86-35d31e278024,DeepTech LP & GP Dinner,DeepTech LP & GP Dinner,"By Invitation & Approval Only : General Partners, Limited Partners, Partners, Investment Directors, UHNWIs, Family Offices.",2026-10-06,2026-10-06T18:00:00-07:00,2026-10-06T21:00:00-07:00,FiDi (SF),"Fogo de Chão, 201 3rd St, Ste 100, San Francisco, CA","Axci Capital, Flex",Application,true,,,raise; meet,AI,Dinners; Networking & mixers,https://partiful.com/e/BlOzgiVbwNp8QFyFCEIy,3
c17e7388-1dcc-4391-bdb6-e1b27030e2d0,Founder-led sales night - Grok Bot x Stage2 Capital,Founder-led sales night - Grok Bot x Stage2 Capital,"Join Mark Roberge, Managing Director at Stage 2 Capital and former CRO of HubSpot, and Andrew Smith, SVP of Global Sales at SpaceXAI, for a candid fireside chat and interactive Q&A about how AI is reshaping the way founders build and sell.",2026-10-06,2026-10-06T18:00:00-07:00,,North Beach,,SpaceXAI,Application,true,,,raise; sell; meet,GTM & sales; AI,Dinners; Networking & mixers; Panels & firesides,https://partiful.com/e/nu8YJ4BILlhMZjmD3pbF,3
c1abc5e0-901c-4eb1-870f-4399513865c4,Beyond the Demo: The Hard Problems in Voice AI,Beyond the Demo: The Hard Problems in Voice AI,"6:00–6:30 PM — Arrival, dinner/drinks, networking",2026-10-06,2026-10-06T18:00:00-07:00,2026-10-06T20:00:00-07:00,Potrero Hill,"Cartesia Office, 450 Alabama St, San Francisco, CA",Cartesia,Application,true,,165,raise; meet,AI,Demos & pitches; Panels & firesides; Dinners; Networking & mixers,https://partiful.com/e/CAo7oWvTlRXL1u9EwXcK,4
c267f0f0-399f-453e-99f1-6400c27a000f,Founders & Funders: VC Reverse Pitch,Founders & Funders: VC Reverse Pitch,"Join us for an evening of networking and hear VCs pitch to Pre-Seed and Seed founders on their investment thesis, target industries, check sizes, key differentiators, portfolio companies, and what they look for in founders.",2026-10-06,2026-10-06T18:00:00-07:00,2026-10-06T20:00:00-07:00,Downtown (SF),,Founders & Funders,Application,true,,,raise; meet,AI; Finance,Demos & pitches; Networking & mixers,https://partiful.com/e/iBb4YoyJB3bcMduaS8ou,5
c2b84e11-81ee-40e3-b310-5361c04cc7c5,IN CONTEXT: AI Leaders Dinner,IN CONTEXT: AI Leaders Dinner,"Join us for an evening of food, drinks and real conversation during SF Tech Week, hosted by SurrealDB and Nebius.",2026-10-06,2026-10-06T18:30:00-07:00,2026-10-06T21:30:00-07:00,FiDi (SF),,"SurrealDB, Nebius",Application,true,,19,meet,AI,Dinners,https://partiful.com/e/0jLDiDxJVGOZBpRLGToQ,0
c325f3f2-cf97-433d-a51d-1e146f2ac97b,AI Visionaries Forum,AI Visionaries Forum,Our intimate breakfast-to-brunch format is designed for real conversation from the opening reception through moderated table discussions.,2026-10-06,2026-10-06T10:00:00-07:00,2026-10-06T13:00:00-07:00,FiDi (SF),,AWS for Startups,Application,true,,213,meet,AI; GTM & sales,Coffee & breakfast; Networking & mixers; Panels & firesides,https://partiful.com/e/Q3cYt55IgBwTZvFytDc1,6
c387489d-96ca-4703-8869-3e76a3b14aa2,Founders & Friends: An EQT + Lovable Happy Hour,Founders & Friends: An EQT + Lovable Happy Hour,"Join EQT Ventures & Growth + Lovable for a curated evening bringing together founders, operators, and investors from across the technology ecosystem.",2026-10-06,2026-10-06T17:30:00-07:00,2026-10-06T20:00:00-07:00,FiDi (SF),,EQT,Application,true,,,raise; meet,AI; Finance,Happy hours & drinks,https://partiful.com/e/LAzwj6JkA4GcEDN6QDz8,1
c391e6ce-3e69-4141-ab67-5c9af85527ba,The AI Founders Table ✦ Boardy × Women in AI,The AI Founders Table ✦ Boardy × Women in AI,The evening is designed to create the kind of high-context relationships that rarely emerge from crowded conferences or conventional networking events.,2026-10-06,2026-10-06T18:00:00-07:00,2026-10-06T20:30:00-07:00,Downtown (SF),,Women in AI,Application,true,,25,meet,AI,Dinners,https://partiful.com/e/QhkzEdu0r2npLbCDVv2s,2
c3c7cb8f-8d39-4269-a074-821341e5b708,a16z Bio/Health Mixer,a16z Bio/Health Mixer,"Join Beth Newman & Chris Ham for Happy Hour! 
We are bringing together our healthcare executive leadership community for an evening of networking and conversation about the influence of AI on the healthcare technology landscape.",2026-10-06,2026-10-06T17:30:00-07:00,2026-10-06T19:00:00-07:00,SOMA,,a16z,Application,true,,,meet,Health & biotech,Happy hours & drinks,https://partiful.com/e/y8LzT5tIOmdbfsuVnewE,2
c4014dd7-0666-4a29-9e87-15cd3d5e0af6,Show and Tell: AI Design,Show and Tell: AI Design,Everybody has a take on AI and design right now. Far fewer people will show you their screen.,2026-10-06,2026-10-06T18:00:00-07:00,,FiDi (SF),,Hightouch,Application,true,,,build; meet,AI; Media & entertainment,Happy hours & drinks; Hackathons & workshops,https://partiful.com/e/2365G0lOKrtdzHYHar69,0
c409a1a8-4327-468d-a42c-8b1b0c002d25,Era by Eon x Sightglass Cafe,Era by Eon x Sightglass Cafe,"Coffee and pastry on us at Sightglass cafe, to celebrate our Era launch! come meet us upstairs. This event is a part of #SFTechWeek-a week of events hosted by VCs and startups to bring together the tech ecosystem. Learn more at www.tech-week.com",2026-10-06,2026-10-06T07:00:00-07:00,2026-10-06T15:00:00-07:00,SOMA,,Eon.io,Unknown,false,,,meet,AI,Coffee & breakfast,https://partiful.com/e/lYn3kTjXPhUGJHVFFjah,0
c4f68ef8-fb50-45c1-b028-ca805f9d4735,Production Fail: Live @,Production Fail: Live @,"Every product demo this Tech Week will show you how fast something got built, and how cool it is.",2026-10-06,2026-10-06T16:30:00-07:00,2026-10-06T18:00:00-07:00,Palo Alto,,DevPlaza,Application,true,,,build; meet,AI,Networking & mixers; Panels & firesides,https://partiful.com/e/k7VY2a5HTJJ4cLj4jJuL,0
c6a22a3e-e21c-4826-89a0-4ce32dd0f018,"M12 X NVIDIA X ETALYTICS: The AI Power Crunch: Energy, Compute and the Race to Scale AI","M12 X NVIDIA X ETALYTICS: The AI Power Crunch: Energy, Compute and the Race to Scale AI","6:30 PM – Panel Discussion: The AI Power Crunch: Energy, Compute and the Race to Scale AI",2026-10-06,2026-10-06T18:00:00-07:00,,SOMA,"House of AI, 40 Boardman Pl, San Francisco, CA",etalytics,RSVP,false,,,meet,AI,Dinners; Networking & mixers; Panels & firesides,https://partiful.com/e/JQEHqEl6aMeTdWbfioLw,4
c802664a-f08c-421d-8f91-dd252da25a4e,The Future of the Built Environment: A Leadership Forum,The Future of the Built Environment: A Leadership Forum,"Join Amalgamated Bank and RE//FORGE SF during SF Tech Week for an intimate leadership forum bringing together real estate developers, technology founders, investors, financial leaders, policymakers, and community builders to explore the…",2026-10-06,2026-10-06T15:00:00-07:00,2026-10-06T17:00:00-07:00,FiDi (SF),"Amalgamated Bank, 255 California St First Floor, San Francisco, CA","RE//FORGE SF, Amalgamated Bank",Application,true,,80,build; meet,AI,Networking & mixers; Panels & firesides; Hackathons & workshops,https://partiful.com/e/PEK63BJauIsjHx86wCrU,2
c803ffa8-adf4-43a6-abbd-986bdceb69d4,Power Lunch - Live Podcast Recording at #SF TechWeek,Power Lunch - Live Podcast Recording at #SF TechWeek,Walk the city during your lunch hour as part of European Founders expanding to US live podcast recording.,2026-10-06,2026-10-06T12:00:00-07:00,2026-10-06T13:00:00-07:00,Downtown (SF),,"The Inflection, Conexus",Application,true,,114,raise; meet,AI; Finance; GTM & sales,Coffee & breakfast; Networking & mixers,https://partiful.com/e/b7IEaOstF4fVnmylKNTN,1
c877e5ce-c791-4511-a7e3-48970ca08cde,The Evolution Of GTM In 2027,The Evolution Of GTM In 2027,"He joined OpenAI after working at Snowflake, giving him a perspective that spans two major shifts in enterprise technology: the rise of modern cloud data infrastructure and the current transition toward AI becoming part of everyday…",2026-10-06,2026-10-06T17:00:00-07:00,2026-10-06T20:00:00-07:00,Alamo Square,,Sushidata,Unknown,false,LimitedAvailability,645,sell,GTM & sales; AI,Panels & firesides,https://partiful.com/e/HTAhM5gHBxAzTAAAth7l,8
c958b6b6-4414-4248-becf-4821d24f744b,AWS × NVIDIA AI Pitch Competition,AWS × NVIDIA AI Pitch Competition,"Join AWS + NVIDIA during SF Tech Week for an evening of bold ideas, live pitches, and high-impact networking, as six standout AI startups compete for up to $125K in AWS credits.",2026-10-06,2026-10-06T18:30:00-07:00,,Downtown (SF),,AWS Startups and NVIDIA Inception,Unknown,false,,,raise; build,AI; Finance,Demos & pitches,https://partiful.com/e/Ac0K8kEf23vKSJnAfaVQ,2
c97b40e6-b3dd-46d2-9ab5-45b11f657639,The Future of Inference | General Compute x Fenwick,The Future of Inference | General Compute x Fenwick,"If you’re building, buying, deploying, or financing AI infrastructure, this is a room worth being in.",2026-10-06,2026-10-06T15:00:00-07:00,2026-10-06T17:00:00-07:00,FiDi (SF),"Fenwick Office, 1 Front St, San Francisco, CA",Fenwick & West,Application,true,,237,meet,AI,Panels & firesides,https://partiful.com/e/Z8japSj4JZ8UiKo8IqyS,6
c97d895f-237c-4ad5-ae58-e14642ec8b9e,“Find Your Match-a” by 500 Global x Zendesk,“Find Your Match-a” by 500 Global x Zendesk,"Find Your Match-a is an evening for founders looking for their match: the venture capitalists who gets it, the customer who needs it, and other builders who just get it.",2026-10-06,2026-10-06T18:00:00-07:00,2026-10-06T20:00:00-07:00,SOMA,,"500 Global, Zendesk",Application,true,,,raise; meet,AI; Finance,Networking & mixers; Panels & firesides,https://partiful.com/e/U3l8wPJfUJICshePP781,0
cad918d1-a331-4d00-90c5-1988ac317d7a,Founder -funder Matchmaking,Founder -funder Matchmaking,Join us for a co-founder matching happy hour designed to make meeting the right person a little less random.,2026-10-06,2026-10-06T14:00:00-07:00,,SOMA,,Timing,Application,true,,135,meet,AI,Happy hours & drinks; Networking & mixers,https://partiful.com/e/oz3Vc1gmdvDWd1udFVgJ,1
cb12342b-28c7-45ee-9fb1-1849a9360410,Built on Her Terms: Lovable + Wispr Flow brunch discussion,Trade candid leadership lessons with women builders over brunch,"Through candid, topic-based roundtables, we’ll explore how AI is lowering barriers to building products and companies, how leadership is evolving as more people gain the power to create, and how women can shape what comes next.",2026-10-06,2026-10-06T10:00:00-07:00,2026-10-06T12:30:00-07:00,Downtown (SF),,Lovable,Application,true,,,build; meet,AI,Coffee & breakfast; Hackathons & workshops,https://partiful.com/e/3Ry3L216NJtUGGiI8LN4,0
cba1903b-2d99-4a3e-b5e2-8bb67b7a5b8f,Blazel Hot Sauce Competition,Blazel Hot Sauce Competition,"Join Blazel for an unscripted, high-heat hot sauce challenge where representatives from tech companies go head-to-head.",2026-10-06,2026-10-06T16:00:00-07:00,2026-10-06T18:00:00-07:00,SOMA,,Blazel,Application,true,,173,,AI,,https://partiful.com/e/phIwM7Kqv4dkGui3T2e8,1
cbb751cb-3ded-43f2-b7e9-e738e2db3a9c,The Scale-Up Founders Dinner - #SF TechWeek,The Scale-Up Founders Dinner - #SF TechWeek,This one is for founders who've crossed the hardest line in startups — real revenue — and are building toward what comes next.,2026-10-06,2026-10-06T19:00:00-07:00,2026-10-06T21:00:00-07:00,Downtown (SF),,"Musa Capital, 726 Ventures, Mayer Brown LLP, TriNet",Application,true,,,meet,AI,Dinners,https://partiful.com/e/laxZSFTrvRru7xvk1rKX,2
cbb92bb5-5db8-489c-9851-2d93f830442b,"Frontier Models, High-Speed Inference, and Agents at Scale","Frontier Models, High-Speed Inference, and Agents at Scale",Join us at FriendliAI’s San Francisco office for an evening focused on the rapidly evolving world of AI inference.,2026-10-06,2026-10-06T18:30:00-07:00,2026-10-06T20:30:00-07:00,SOMA,,FriendliAI,Application,true,,118,build; meet,AI,Happy hours & drinks; Networking & mixers; Panels & firesides,https://partiful.com/e/KHoKUGK3kydBK0hPxPdd,1
cc785019-f906-41ce-b591-29715cff6608,Simile at SF Tech Week / State of Behavioral Simulation,Simile at SF Tech Week / State of Behavioral Simulation,Simile is excited to host a happy hour & disucssion during #SFTechWeek!,2026-10-06,2026-10-06T18:00:00-07:00,2026-10-06T22:00:00-07:00,Marina,,Simile,Unknown,false,,,meet,AI,Happy hours & drinks,https://partiful.com/e/wBEzjzoQnoD6JhQjg0Ut,2
ccabd074-d96e-45c7-b548-b8554bcf0063,"Table Stakes: Agents, Acceleration & Scaling AI - Happy Hour with Provoke","Table Stakes: Agents, Acceleration & Scaling AI - Happy Hour with Provoke","Join Provoke for happy hour at SPIN, the ping pong social club, downtown SF.",2026-10-06,2026-10-06T16:30:00-07:00,,Downtown (SF),"SPIN, 690 Folsom St, San Francisco, CA",Provoke Solutions,RSVP,false,,154,build; meet,AI; GTM & sales,Happy hours & drinks,https://partiful.com/e/OHEWjomat5axJkfiSZ2B,1
cdfd45e8-7c28-4907-9132-b5b4d16e6243,[Postponed] Energy to build @ Bay Padel,[Postponed] Energy to build @ Bay Padel,• Play padel at Bay Padel: Silicon Valley’s “new hotspot for tech networking” (SF Standard & CBS).,2026-10-06,2026-10-06T18:00:00-07:00,2026-10-06T22:00:00-07:00,Dogpatch,"Bay Padel, 1070 Maryland St, San Francisco, CA",Oyster,RSVP,false,,85,build; meet,,,https://partiful.com/e/o1ZqByDSkqsmHJ30HRPN,1
cf3ddd00-a5ef-4749-90b1-b81cca2129ce,"What Tech CFOs & In-House Counsel Should Watch Before Diligence, Transactions, & Growth","What Tech CFOs & In-House Counsel Should Watch Before Diligence, Transactions, & Growth",Periods of growth often expose issues that were easy to manage when the business was smaller. A contract term gets interpreted differently than expected.,2026-10-06,2026-10-06T09:00:00-07:00,2026-10-06T11:00:00-07:00,FiDi (SF),,EisnerAmper,Unknown,false,,,sell,,,https://partiful.com/e/NEXmsV3fefZzZ1PY0koe,5
cf6cef28-9b6f-49d3-a0c7-3d09cbb7296a,SF Pitch Night by the AI Collective,SF Pitch Night by the AI Collective,"A curated SF Tech Week AI investor pitch night: 6 selected, institutionally backed AI startups present brief investment cases, receive moderated investor questions and feedback, and join structured founder–investor networking at 9Zero.",2026-10-06,2026-10-06T17:00:00-07:00,2026-10-06T21:00:00-07:00,FiDi (SF),"9Zero Capital, 350 California St Mezzanine: The Living Wall, San Francisco, CA","The AI Collective, Superconnected LLC",Application,true,,442,raise; build; meet,AI; Finance,Demos & pitches; Networking & mixers,https://partiful.com/e/nvdJijotdzMHk8n72cZr,8
d234e0de-a248-45dd-bd8d-339354f8ac92,Powering the Future of Datacenters,Powering the Future of Datacenters,"The Swedish House during SF Tech Week gathers founders, VCs, corporates, and academia across and serves as a curated hub connecting Swedish and US companies through events, networking, and co‑working throughout the week.",2026-10-06,2026-10-06T12:00:00-07:00,2026-10-06T13:00:00-07:00,FiDi (SF),"The Art of San Francisco, 2 Sacramento St, San Francisco, CA",Business Sweden,Application,true,,177,meet,AI,Coffee & breakfast; Networking & mixers; Panels & firesides,https://partiful.com/e/PcSQrDKCJxPl8uI5LSYJ,5
d258780c-40c5-426d-8eba-a7f2f40dbff6,Tech Moms Breakfast,Tech Moms Breakfast,"​SF Tech Week is a marathon of panels, demos, and networking. This is the one stop designed around your morning and your reality as a mom in tech.",2026-10-06,2026-10-06T08:00:00-07:00,2026-10-06T09:30:00-07:00,FiDi (SF),,Emmy,Unknown,false,,,meet,,Coffee & breakfast,https://partiful.com/e/KBzkrmNn5L6Hy5BEwGUY,1
d27d92f5-d81b-463e-a0a9-a011a81b40fe,AI Founder Playbook: Stop building AI products without a plan to win,AI Founder Playbook: Stop building AI products without a plan to win,Building got easy.,2026-10-06,2026-10-06T15:00:00-07:00,2026-10-06T17:30:00-07:00,Other,"655 Montgomery St, San Francisco, CA","AI Founder Playbook by Byte&Chord, Inc",RSVP,false,,166,raise; build,AI; Finance; GTM & sales,Hackathons & workshops,https://partiful.com/e/ZxG91nMfleLQjeDtnpah,3
d472b07e-86ef-44b1-865a-8b1e2d440d5b,When Agents Spend Money,When Agents Spend Money,"Panel, Q&A, and a happy hour with pizza and networking.",2026-10-06,2026-10-06T17:30:00-07:00,,SOMA,,Thomvest Ventures,Application,true,,162,build; meet,AI; Finance,Happy hours & drinks; Networking & mixers; Panels & firesides,https://partiful.com/e/aCbTfUBiykYHp6BzOdg6,2
d49190c3-7b25-4209-976a-fd984f96ab41,"Proof of Human: When everything can be generated, what makes it worth believing?","Proof of Human: When everything can be generated, what makes it worth believing?","AI can write the campaign, compose the soundtrack, design the product and predict the audience.",2026-10-06,2026-10-06T12:00:00-07:00,2026-10-06T13:30:00-07:00,FiDi (SF),,distillery,Application,true,,104,,AI; Media & entertainment,Panels & firesides,https://partiful.com/e/NRKOqbUpQdhx6robg9df,4
d58667b1-7b16-43a2-a1ff-c1140475a425,Open Source x Sovereign AI: 3-Day Track,Open Source x Sovereign AI: 3-Day Track,Every organization is asking the same questions. How do we use AI without giving away our IP? How do we keep costs predictable as usage grows? How much of our AI should we own?,2026-10-06,2026-10-06T08:00:00-07:00,2026-10-08T21:00:00-07:00,SOMA,,Apollo Innovation Commons,Unknown,false,,,build; meet,AI,Happy hours & drinks; Panels & firesides; Hackathons & workshops,https://partiful.com/e/HHbxkAgmlo37Po9G8Lgg,0
d6507920-50ac-4c65-81ce-70dab52d53bb,"Physical AI Happy Hour, hosted by CoreWeave","Physical AI Happy Hour, hosted by CoreWeave",Drinks and good conversation with the people building in the Physical AI space.,2026-10-06,2026-10-06T18:30:00-07:00,2026-10-06T21:30:00-07:00,Cow Hollow,,CoreWeave,Application,true,,,meet,AI; Robotics & hardware,Happy hours & drinks; Networking & mixers,https://partiful.com/e/Z2JcaSjMuPo5UZe8Lq86,3
d6d2288e-e702-4400-a0ef-d4c9a5d77273,Built World Breakfast,"Meet the builders behind robotics, aerospace and autonomy","From aerospace and autonomy to robotics, resilience, sensors, and security, a new generation of companies is emerging to design, build, and operate AI-powered systems in the physical world—strengthening the infrastructure, industrial…",2026-10-06,2026-10-06T09:30:00-07:00,2026-10-06T11:00:00-07:00,Embarcadero,,"Reveille VC, Nixon Peabody",Application,true,,95,meet,Robotics & hardware; AI,Coffee & breakfast,https://partiful.com/e/iwDCsJr2wPCzW6C8ZcNj,2
d6f03fb7-dfd5-44a0-8825-80f186083da1,Founder-led & Product-led GTM - a Hexa x lemlist x GROW workshop,Founder-led & Product-led GTM - a Hexa x lemlist x GROW workshop,"On October 6th, Hexa, lemlist and GROW are teaming up for a hands-on workshop on the two motions that work best when you're scaling: founder-led and product-led outbound.",2026-10-06,2026-10-06T17:00:00-07:00,2026-10-06T20:00:00-07:00,Haight Ashbury,"San Francisco, CA, San Francisco, CA (location shared to guests)",lemlist,Application,true,,,build; sell,GTM & sales; AI,Hackathons & workshops,https://partiful.com/e/nu4WgMN1pWZv5QQaOZ08,0
d7a08c18-9e5b-4533-8ef3-a0567dac7c8b,"Building the Modern Finance Stack: Usage-based Pricing, Automation, & What’s Next","Building the Modern Finance Stack: Usage-based Pricing, Automation, & What’s Next",Picture your CFO self three years from now pulling up a chair next to you at dinner.,2026-10-06,2026-10-06T13:00:00-07:00,2026-10-06T15:00:00-07:00,North Beach,,Tabs,Application,true,,,build; meet,AI; Finance,Dinners; Hackathons & workshops,https://partiful.com/e/vqgnlB7mZ4LhDpEZHaQW,5
d7c7a3e6-3997-45f4-b757-3b60087c07ef,The Next Layer of AI: From Models to Real-World Intelligence TFOT: Global Innovation Summit,The Next Layer of AI: From Models to Real-World Intelligence TFOT: Global Innovation Summit,"Guests are invited to stay for the broader TFOT Global Innovation Showcase, including additional AI and emerging technology conversations, startup pitches, live demos, networking, drinks, and curated bites.",2026-10-06,2026-10-06T14:00:00-07:00,,Mission Bay,"San Francisco War Memorial Veterans Building, 401 Van Ness Ave, San Francisco, CA",TeroAI,Application,true,,195,build; meet,AI; GTM & sales,Networking & mixers; Panels & firesides,https://partiful.com/e/jd5d9xryCa9FeSrpJKzL,6
d7ff2245-f917-4e8a-9026-c1b6efabcaec,Stop losing money on events: How we use AI to make $10k per event,Stop losing money on events: How we use AI to make $10k per event,We've generated $10k in revenue from a single event.,2026-10-06,2026-10-06T17:30:00-07:00,2026-10-06T20:00:00-07:00,FiDi (SF),"Hanwha AI Center, 99 Harlan Pl, San Francisco, CA",Press Club,Application,true,,123,meet,AI; GTM & sales; Media & entertainment,Networking & mixers,https://partiful.com/e/U1xoM2QSzwJ9ulTjztFF,2
d83cd1d8-3cb6-4896-a8ae-27b99536e21f,Humanising AI For Businesses,Humanising AI For Businesses,Join Tacos & Trends and our guests to discuss how Creatives are using AI to build the future.,2026-10-06,2026-10-06T13:00:00-07:00,,Civic Center,,Tacos & Trends,Unknown,false,,115,,AI; Media & entertainment,Panels & firesides,https://partiful.com/e/hhxYBvvFnL8BtwsIlPfd,1
dd1ad3b0-a419-4619-a8d1-8fec7c117a56,omakase compute dinner,omakase compute dinner,"If you're commercializing lab research, hunting for a technical co-founder, or looking for high-value bottlenecks in AI infrastructure, grab a drink and join other student builders in the Bay.",2026-10-06,2026-10-06T18:00:00-07:00,,SOMA,,Sixtytwo,Application,true,,12,meet,AI; Robotics & hardware,Happy hours & drinks,https://partiful.com/e/j7k5LyRyyuuvxpkSegCj,1
ddc4a3be-ad54-4373-9b25-f76957576149,Immigration Jam,Immigration Jam,We’ll then open the floor for questions and discussion.,2026-10-06,2026-10-06T13:00:00-07:00,2026-10-06T15:00:00-07:00,SOMA,"House of AI, 40 Boardman Pl, San Francisco, CA",Brown Immigration Law,RSVP,false,,162,raise; build,AI; Finance,Hackathons & workshops,https://partiful.com/e/K4rsI1MQ1k1SGdDedyys,2
de511cfa-95e3-44d7-bf05-44c80b0a9c22,Disrupting Group Travel: How AI is transforming Coordination,Disrupting Group Travel: How AI is transforming Coordination,"Expect a candid industry conversation, a live look at AI-powered group coordination and meaningful networking with leaders working across enterprise technology, travel, events and venture capital.",2026-10-06,2026-10-06T17:30:00-07:00,2026-10-06T20:30:00-07:00,Palo Alto,,Cotriply,RSVP,false,,,meet,AI,Happy hours & drinks; Networking & mixers; Panels & firesides,https://partiful.com/e/aXmwkYztKlKyu4w199DQ,0
dfcad384-02ec-4440-af22-7371299866ee,Ship an AI Voice Agent Workshop,Ship an AI Voice Agent Workshop,"A crash course, then a build sprint: bring your own voice agent stack, layer real-time guardrails on top - fraud, hallucinations, compliance - and your agent answers a live phone call in front of judges.",2026-10-06,2026-10-06T17:30:00-07:00,2026-10-06T20:30:00-07:00,Civic Center,,"Leverage, Modulate",Application,true,,146,build,AI,Hackathons & workshops; Panels & firesides,https://partiful.com/e/7O725PQ56Ki4P8gHKyiM,3
e0152352-0f0b-41f4-bfff-c57a6ba2388c,Building Products That Scale Globally,Building Products That Scale Globally,"Join founders, product owners, GTM leaders who are shaping the future, at this exclusive session.",2026-10-06,2026-10-06T10:00:00-07:00,,Downtown (SF),,Travelbay,Application,true,,,raise; build,Finance; AI,Panels & firesides,https://partiful.com/e/AoDdm7VvtDv3s7yloVBJ,1
e09ebe7c-d31b-4398-8b30-afeb0751ee3c,DraperDragon/Sequoia Founders and Friends Happy Hour,DraperDragon/Sequoia Founders and Friends Happy Hour,"Tech Week has enough panels, badges, and elevator pitches. Draper Dragon is doing something different: a small, private happy hour for founders and operators who'd rather have one good conversation than ten shallow ones.",2026-10-06,2026-10-06T19:00:00-07:00,,Union Square (SF),,Draper Dragon and Sequoia One,Unknown,false,,,meet,AI,Happy hours & drinks; Networking & mixers,https://partiful.com/e/m1miqW5fWjv7jLKVOmxO,3
e14be27f-cde3-48a7-b113-588e2676d51a,"Build, Automate, Secure: Designing the Next Wave of Agent Interfaces","Build, Automate, Secure: Designing the Next Wave of Agent Interfaces","Join depthfirst, Serval and Factory for a conversation on designing intelligent interfaces for code, automation and security, from AI-native interaction patterns and agentic workflows to the frontend systems that make increasingly autonomous software feel understandable, responsi…",2026-10-06,2026-10-06T17:30:00-07:00,2026-10-06T19:30:00-07:00,FiDi (SF),,depthfirst,Unknown,false,,,build; meet,AI,Networking & mixers; Panels & firesides,https://partiful.com/e/Lljp4TMoJT1IVor5tGvB,0
e1e66bc4-fd5c-4859-a1ed-484cd142a9fc,"Australia House: Flip Up, Scale Out","Australia House: Flip Up, Scale Out","Founders and their earliest US investors discuss when to flip, when to relocate, how to raise, what breaks, and what they wish they had known.",2026-10-06,2026-10-06T15:00:00-07:00,2026-10-06T16:30:00-07:00,Embarcadero,"The Historic Klamath Pier 9 San Francisco, CA 94111",Australian American Chamber of Commerce,RSVP,false,,143,raise,AI; Finance,Panels & firesides,https://partiful.com/e/mtK0MZMEgKzXCQLil4xK,2
e2041e31-8de3-4943-b73f-e2b9dc705daf,"US Market Entry: Unlocked w/ Deel, J.P. Morgan & Orrick","US Market Entry: Unlocked w/ Deel, J.P. Morgan & Orrick","Join us October 6 for an intensive afternoon built for international Series A+ founders and scaling into the US, hosted by JP Morgan Global Passport, Deel & Orrick.",2026-10-06,2026-10-06T14:00:00-07:00,2026-10-06T17:30:00-07:00,SOMA,,"Deel, J.P. Morgan, Orrick",Application,true,,,raise; build; meet,AI; Finance,Networking & mixers; Panels & firesides; Hackathons & workshops,https://partiful.com/e/u8ee5CQYS2MMmtX0XNBu,10
e3f8cab6-1cd0-4873-abae-06196b0d1977,Strike It Rich: A Gold Rush Scavenger Hunt,Strike It Rich: A Gold Rush Scavenger Hunt,We're heading into the Financial District on a gold rush-themed scavenger hunt!,2026-10-06,2026-10-06T17:30:00-07:00,2026-10-06T19:30:00-07:00,FiDi (SF),"360 Pine St, San Francisco, CA",StrongSuit,Application,true,,53,,AI,,https://partiful.com/e/5Gw0rPySrLPZnhgMZy0I,0
e5d0da3d-c2f9-4502-9da7-ec7d63b3ebdc,Scaling Internationally Without Creating a Mess,Scaling Internationally Without Creating a Mess,"Join Acclime and H&CO for a candid discussion on the lessons growth-stage companies learn while expanding across APAC, the Americas, and Europe.",2026-10-06,2026-10-06T12:00:00-07:00,2026-10-06T13:30:00-07:00,FiDi (SF),,"Acclime, H&CO",Application,true,,170,sell; meet,,Coffee & breakfast; Panels & firesides,https://partiful.com/e/sjlt5yQuYdihU18dUTUt,3
e667a91b-f76c-455f-a60b-f4dce1f269e4,HR executives dinner: Rethinking burnout,HR executives dinner: Rethinking burnout,"The bar keeps rising. Teams are moving faster, AI is accelerating what’s possible, and People leaders are expected to help everyone keep up—often while feeling the pressure themselves.",2026-10-06,2026-10-06T18:00:00-07:00,,Marina,,Function Health,Unknown,false,,,meet,,Dinners,https://partiful.com/e/aHAaXtxILhzbFZSvdONz,1
e6bc7133-2f5d-43ca-a93f-2291051367b1,AI is Eating Genomics: Frontier Models for Drug Development,AI is Eating Genomics: Frontier Models for Drug Development,"A panel discussion with founders and researchers working at the intersection of AI and genomics, followed by informal networking, cocktails/mocktails, and light snacks.",2026-10-06,2026-10-06T18:00:00-07:00,2026-10-06T21:00:00-07:00,FiDi (SF),,"Probably Genetic, Civilization Ventures",RSVP,false,,,meet,AI; Health & biotech,Happy hours & drinks; Networking & mixers; Panels & firesides,https://partiful.com/e/RJEuDt2Xt5bMvbIBN183,5
e7c4daed-eecd-4d2a-907b-a80f82724e2d,Coffee Before the Chaos,Trade notes on scaling engineering over coffee,"Before another packed day of Tech Week begins, join bycoders_ for coffee with the people building, scaling, and leading technology companies.",2026-10-06,2026-10-06T09:00:00-07:00,2026-10-06T11:00:00-07:00,SOMA,,bycoders_,Application,true,,,meet,,Coffee & breakfast,https://partiful.com/e/HWuj5w5Dka21NT0aH4AO,1
e9212333-d924-460b-b878-7515b17aa382,J.P. Morgan Presents AI in Action,J.P. Morgan Presents AI in Action,Morgan Innovation Economy Team for an exclusive evening displaying the future of intelligent experiences featuring ElevenLabs - celebrating the innovators shaping the future of intelligent experiences during San Francisco Tech Week.,2026-10-06,2026-10-06T18:00:00-07:00,2026-10-06T21:00:00-07:00,Mission Bay,,J.P. Morgan,Application,true,,,meet,AI,Happy hours & drinks; Networking & mixers,https://partiful.com/e/iDpN2M4O4SL5MPm2CPbS,2
ea35ffac-10ca-48c9-93f5-1bd3eb8bae9b,Hacking AI For Fun and Profit,Hacking AI For Fun and Profit,AI Security Fundamentals Training + Hands-On Hacking Challenge + Music & Networking,2026-10-06,2026-10-06T16:30:00-07:00,,FiDi (SF),"Snyk - SF Offices, 260 California St Suite 600, San Francisco, CA",Snyk,RSVP,false,LimitedAvailability,142,build; meet,AI,Hackathons & workshops; Networking & mixers,https://partiful.com/e/HUcfjcLJXP0WlhnHJ6I3,0
ea5820a7-dec6-4fee-b91e-e1e59ca29079,Warriors vs. Lakers Suite,Warriors vs. Lakers Suite,This is a highly curated gathering dedicated to building meaningful connections and community.,2026-10-06,2026-10-06T18:00:00-07:00,2026-10-06T21:00:00-07:00,FiDi (SF),,Persona,Application,true,,11,meet,AI; Finance,Dinners,https://partiful.com/e/QTrWytG7Yzv3N9zs4v3n,2
ec510a01-ff2a-4e28-8492-6148235e9801,SHIPPED SF,SHIPPED SF,This is an intentional space for SF and Oakland youth to transition from dreamers to builders.,2026-10-06,2026-10-06T09:00:00-07:00,2026-10-06T12:00:00-07:00,Embarcadero,,Neighborhood Linguist,Application,true,,95,raise; build; meet,AI; Media & entertainment,Demos & pitches,https://partiful.com/e/EYMMOUSA9boazDHcQCYO,1
ec912e73-63b2-4f5c-9c37-d5d82cb20d82,Quantum Tech Happy Hour,Quantum Tech Happy Hour,"🧪 Connect with researchers, engineers, and founders over drinks while discussing what the hardware can actually do today, what is still years out, and which quantum-inspired approaches are already earning their keep.",2026-10-06,2026-10-06T18:00:00-07:00,2026-10-06T19:30:00-07:00,Downtown (SF),"Downtown, San Francisco, CA","Azulene Labs, Wavepeak Ventures",Application,true,,106,meet,AI,Happy hours & drinks; Networking & mixers; Panels & firesides,https://partiful.com/e/C8mXk7AmQhZxOEermHoa,2
ecfcf859-a9cc-4056-8cb2-5eff78265866,Quantum for San Francisco's Hardest Problems,Quantum for San Francisco's Hardest Problems,"Five city-scale optimization problems, formulated and run live.",2026-10-06,2026-10-06T10:00:00-07:00,,SOMA,,Artificial Brain,Application,true,,56,build,AI,Hackathons & workshops,https://partiful.com/e/ab8bVhLJQBgaKdkp09aE,1
ed342e1a-0ab0-4e25-9bc0-b1ef40ccca94,Agents & Bagels: Breakfast meet up for agent builders,Compare notes with teams shipping AI agents over bagels,"This is a curated breakfast gathering for founders, AI engineers, and startup teams building and shipping agentic products.",2026-10-06,2026-10-06T08:00:00-07:00,2026-10-06T09:00:00-07:00,Downtown (SF),,"ScaleKit, Nebius, Tenki Cloud",Application,true,,280,build; meet,AI,Coffee & breakfast; Networking & mixers,https://partiful.com/e/0fsCQDtcqt5PK9E4Jusr,3
ed6a6497-dbc3-4057-8f07-76630629930a,Can AI Actually Reason? | Axiom Math x B Capital #SF TechWeek,Can AI Actually Reason? | Axiom Math x B Capital #SF TechWeek,"The event will feature curated networking and a fireside conversation with Carina Hong of Axiom Math, exploring how the next generation of AI systems may move beyond probabilistic outputs toward more reliable, verifiable, and rigorous…",2026-10-06,2026-10-06T17:45:00-07:00,2026-10-06T20:45:00-07:00,Embarcadero,,OneSixOne Ventures,Application,true,,75,raise; meet,AI,Panels & firesides,https://partiful.com/e/WBMfhFlya7ZythpqdUuT,5
edbbdba3-5c38-4878-b491-34bebad84396,Coffee and Cockroaches,Coffee and Cockroaches,"Coffee & Cockroaches: A morning of RNA biopesticide tech, cockroach racing, stick pics, and startup conversations hosted by Yeast Bay Bio and California Innovation Fund.",2026-10-06,2026-10-06T09:00:00-07:00,2026-10-06T12:00:00-07:00,Union Square (SF),,California Innovation Fund and Yeast Bay Bio,Application,true,,,raise; meet,AI; Finance; Health & biotech,Coffee & breakfast; Networking & mixers,https://partiful.com/e/BQFfJvB2BWzhoV9qiPYr,2
edf5aee0-6b50-4c0d-a5d8-b442c42b9ac4,Hype v. Hesitancy: Exploring Silicon Valley’s AI Confidence Gap,Hype v. Hesitancy: Exploring Silicon Valley’s AI Confidence Gap,"As part of SF Tech Week, Weber Shandwick will host a timely, stirring panel discussion led by Megan Morrone, Technology Editor at CNBC exploring the growing cultural chasm between Silicon Valley’s embrace of AI and the general public…",2026-10-06,2026-10-06T17:00:00-07:00,2026-10-06T20:00:00-07:00,FiDi (SF),"The Amador Club, 550 Montgomery St 10th Floor, San Francisco, CA",Weber Shandwick,Application,true,,126,meet,AI; Media & entertainment,Panels & firesides,https://partiful.com/e/uX2X1aNK7ZUyl2S40SZq,0
ee7f5c91-ae02-43cb-ae1c-059591057ca2,Robotics Happy Hour with LiveKit & Dimensional,Robotics Happy Hour with LiveKit & Dimensional,"Join LiveKit and Dimensional for our Robotics Happy Hour as we bring together developers, researchers, & hobbyists to chat about the latest developments in Robotics and Physical AI.",2026-10-06,2026-10-06T17:30:00-07:00,,Downtown (SF),"True Laurel, 753 Alabama St, San Francisco, CA","Dimensional, LiveKit",Application,true,,135,build; meet,Robotics & hardware; AI,Happy hours & drinks; Networking & mixers; Hackathons & workshops,https://partiful.com/e/u610QKw40q4lh1MR5ZLJ,0
ee99ff21-da56-40bd-837e-4ad9ce394b24,"Agents, Automation & Ambition: Upstarts x Airwallex x Vanta","Agents, Automation & Ambition: Upstarts x Airwallex x Vanta","Join Upstarts, Airwallex, and Vanta for a panel with founders building at the frontier of AI — from agentic infrastructure to applied models shipping in production today.",2026-10-06,2026-10-06T12:00:00-07:00,,FiDi (SF),,Airwallex,Application,true,,,build; meet,AI; Finance,Panels & firesides,https://partiful.com/e/sraUEzuBMLrjboiq4HLp,6
eedf0c80-605f-4c91-9eb7-bc36d3a44a3b,Compute & Cocktails,Compute & Cocktails,"A happy hour with Aranya, Hyperbolic, Paper Compute, and Cognee during SF Tech Week, for the people who keep GPUs busy, clusters healthy, and agents accountable.",2026-10-06,2026-10-06T18:30:00-07:00,,Hayes Valley,,"Aranya, Cognee, Hyperbolic, Paper Compute Co.",Application,true,,182,meet,AI; Robotics & hardware,Happy hours & drinks,https://partiful.com/e/HAhuIDkqhItMDPXWKUH3,7
ef3a337f-9726-495b-9010-e5747e8e8881,Constructing the AI Economy,Constructing the AI Economy,"The program will include a keynote, panel discussion, and startup innovation showcase.",2026-10-06,2026-10-06T09:00:00-07:00,2026-10-06T12:00:00-07:00,Downtown (SF),"Rho, 325 Pacific Ave, San Francisco, CA",Suffolk Technologies,Application,true,,,meet,AI,Coffee & breakfast; Networking & mixers; Panels & firesides,https://partiful.com/e/Pe1XoT1FLnQ9ojZv9kGz,2
ef3d5669-2f01-4809-ac3d-5dd93df5f3f7,Hardware Engineering Happy Hour,Hardware Engineering Happy Hour,"Whether you're exploring AI-powered workflows, tackling complex engineering challenges, or simply looking to meet others in the community, this is a chance to unwind and exchange ideas in a relaxed setting.",2026-10-06,2026-10-06T17:00:00-07:00,2026-10-06T19:00:00-07:00,SOMA,"SOMA, San Francisco, CA",MathWorks,Application,true,,,meet,Robotics & hardware,Happy hours & drinks; Networking & mixers,https://partiful.com/e/lkHwyckTjdK41YOIB3Br,2
ef78aff7-82a1-49a6-837f-df412b2ec6a4,From Marketing Innovation to Enterprise Impact,From Marketing Innovation to Enterprise Impact,"Join Angela Ferrante and Dan Ahmadi for a practical conversation about building marketing organizations, systems, and go-to-market strategies that can scale in the AI era.",2026-10-06,2026-10-06T10:00:00-07:00,2026-10-06T12:00:00-07:00,SOMA,"28 2nd St 500, San Francisco, CA","Dust, Amplitude, Upside",Application,true,,93,sell; meet,GTM & sales; AI,Coffee & breakfast,https://partiful.com/e/nEbsXovjlbQKdncKjAY6,3
f051c3dc-2730-427c-b677-38e78408529a,The Real Cost of Cost of Scaling AI & the Autonomous Close for B2B Founders & Finance Leaders,Learn to budget for AI and keep automated finance audit-ready — then stay for cocktails,"Two panels: AI costs, APIs and agents at 3 PM; automated close and audit readiness at 4 PM. Cocktails and a live-coding DJ from 4:40 to 6 PM.",2026-10-06,2026-10-06T15:00:00-07:00,2026-10-06T18:00:00-07:00,SOMA,,Tabs & Campfire,Application,true,,151,meet,AI; Finance,Happy hours & drinks; Panels & firesides; Networking & mixers,https://partiful.com/e/8XP6Z3UyZN5NSVm6U0LL,3
f1435541-678a-4cec-9f5a-3e5ab7c1fd15,The Great SDR Debate: Hire or Replace?,The Great SDR Debate: Hire or Replace?,Join startup founders and GTM leaders for a spirited debate on the future of outbound.,2026-10-06,2026-10-06T10:00:00-07:00,2026-10-06T13:00:00-07:00,FiDi (SF),"353 Sacramento St 14th Floor, San Francisco, CA","Salesbricks, Justworks, Unify",Application,true,,178,hire; meet,AI; GTM & sales,Coffee & breakfast; Networking & mixers; Panels & firesides,https://partiful.com/e/RgnLCBikim8U7TqAi5vt,9
f20d4064-92a6-463a-9a92-412b868ae024,"The Hot Room Founders × Funders in Healthtech, AI & Marketplaces","The Hot Room Founders × Funders in Healthtech, AI & Marketplaces","The Hot Room — Founders × Funders in Healthtech, AI & Marketplaces",2026-10-06,2026-10-06T08:00:00-07:00,2026-10-06T10:00:00-07:00,SOMA,,Luxxera,Application,true,,263,meet,AI; Health & biotech,Networking & mixers; Panels & firesides,https://partiful.com/e/kmBd3mvjTTIwkvqjrDAY,1
f287ca2a-d0f2-45bb-ab4d-479da0231e1f,AI Trivia Night with Gamma & Fin,AI Trivia Night with Gamma & Fin,"Join Gamma & Fin for trivia night all about AI, startups, tech, and San Francisco.",2026-10-06,2026-10-06T18:00:00-07:00,2026-10-06T21:00:00-07:00,Russian Hill,,"Gamma, Fin",Application,true,,97,meet,AI; GTM & sales,Happy hours & drinks; Networking & mixers,https://partiful.com/e/Pw9mJZCkZcMCFDrbxaVM,0
f63ca021-33f0-4813-b474-caacd4a5436c,Strix.ai Happy Hour at Harrington's Bar,Strix.ai Happy Hour at Harrington's Bar,"You've heard about frontier model threats to cybersecurity. Autonomous AI hackers breaking security at HuggingFace, Baseten, OpenAI, and more.",2026-10-06,2026-10-06T18:00:00-07:00,2026-10-06T20:00:00-07:00,FiDi (SF),,Strix.ai,Unknown,false,,,meet,AI,Happy hours & drinks,https://partiful.com/e/e3duSdpmBGDqoAqfjItf,0
f8e2d326-2d04-496d-8818-52a01ba8b16d,AI Has Changed the Economics of Going Global. Is Your Growing Startup Ready? - Why and How?,AI Has Changed the Economics of Going Global. Is Your Growing Startup Ready? - Why and How?,"Founder and Investor Education and Discussion Towards Decision for Funded Data-Analytics, Vertical-Applied AI Companies Considering Efficient International Expansion.",2026-10-06,2026-10-06T11:00:00-07:00,2026-10-06T13:00:00-07:00,FiDi (SF),"Financial District, San Francisco, CA","Globiant, Middleware",Application,true,,63,build; meet,AI,Hackathons & workshops,https://partiful.com/e/6BF9Rq6hYJhXwfJlxf5H,7
f9c5d885-7f83-4a7d-b9cb-9df83f93e262,Investor Happy Hour,Investor Happy Hour,"Join Kapor Capital for a happy hour with early-stage investors and operators working on access, opportunity, and economic mobility.",2026-10-06,2026-10-06T17:00:00-07:00,2026-10-06T18:30:00-07:00,Embarcadero,,Kapor Capital,Application,true,,,raise; meet,AI; Finance,Happy hours & drinks,https://partiful.com/e/8zk3oRaNWoGlQ9jkUXmw,1
fa378e29-57e0-4583-aa85-56f4e4015894,Camp AI: Production-Ready Agents,Camp AI: Production-Ready Agents,"Join Camp AI: Production Ready Agents at SF Tech Week to network with the local AI community and learn what it takes to deploy a robust, enterprise-grade AI tech stack.",2026-10-06,2026-10-06T17:30:00-07:00,2026-10-06T20:30:00-07:00,Embarcadero,"Ferry Building, 1 Ferry Building Floor 2, San Francisco, CA",Auth0,Application,true,,999,build; meet,AI,Happy hours & drinks; Networking & mixers; Panels & firesides; Hackathons & workshops,https://partiful.com/e/wgzQaLCyAPobkZnJpzOP,7
fb39d84c-3017-46bd-8b68-a4d499b74751,Techonomy26,Techonomy26,"Techonomy is an invitation-only working forum built around candid conversations, structured discussions and off-the-record sessions among leaders actively making decisions about AI.",2026-10-06,2026-10-06T11:00:00-07:00,,Union Square (SF),"760 Market St Suite 200, San Francisco, CA",Worth Media Group,Application,true,,,meet,AI,Panels & firesides,https://partiful.com/e/FReBp8EVikvNdpsi8Eai,26
fb6a5d8b-b197-4e17-b53f-c485a8ebc48d,The Extraordinary International Founders BBQ,The Extraordinary International Founders BBQ,A BBQ for extraordinary international founders.,2026-10-06,2026-10-06T18:00:00-07:00,,SOMA,"1916 Octavia St, Pacific Heights",Jumpstart Immigration,Application,true,,90,meet,GTM & sales,Happy hours & drinks; Networking & mixers,https://partiful.com/e/2lH2N9VPJ7HjylgohSjy,6
fba747a7-46dd-43a3-a41c-ca34ee2b8caf,Industrial Tech After Dark,Industrial Tech After Dark,"A gathering for builders, engineers, manufacturers, and deep tech investors.",2026-10-06,2026-10-06T18:30:00-07:00,2026-10-06T21:00:00-07:00,Downtown (SF),,"Tandem, Hitachi Ventures",Application,true,,244,meet,AI; Robotics & hardware,Happy hours & drinks; Networking & mixers,https://partiful.com/e/RWCaBcZPAnrxnn9M5qke,3
fc9dae6f-b04e-4e8c-83f0-4535c4dbc888,NO BORDERS: Global Founders & Investors Mixer,NO BORDERS: Global Founders & Investors Mixer,Some of the world’s most consequential companies were built by people who started somewhere else.,2026-10-06,2026-10-06T17:00:00-07:00,,Other,,TiE Mumbai,Application,true,,101,raise; meet,,Networking & mixers,https://partiful.com/e/FsxZU3ARWGIo3PB0ab0m,4
fcb5966d-45b9-47c3-96a2-f8129a4ae84c,State of Models by OpenRouter,State of Models by OpenRouter,"For our first edition, we’re going beyond benchmarks to look at what’s actually happening across the AI ecosystem: which models are gaining momentum, how developers are balancing cost and quality, where open and proprietary models are…",2026-10-06,2026-10-06T17:30:00-07:00,2026-10-06T20:30:00-07:00,FiDi (SF),,OpenRouter,Application,true,,,build; meet,AI,Panels & firesides; Hackathons & workshops,https://partiful.com/e/eTTiAwr4mf8SdDKsj6CR,4
fcf13500-a2ec-4911-99da-4e033ec57338,Scrappy Sessions,Scrappy Sessions,come to meet ppl building cool things :),2026-10-06,2026-10-06T17:30:00-07:00,2026-10-06T19:00:00-07:00,SOMA,,True Ventures,Unknown,false,,,raise; build; meet,AI,Networking & mixers; Panels & firesides; Demos & pitches,https://partiful.com/e/y5x29kgnB2jSohPzO4Ws,1
fe12cc9c-d6f9-4fad-837b-8756d8d749fb,TECH WEEK: Knowledge Twins — a Swiss breakfast on private memory for agents # SFTechWeek,Explore private agent memory over a Swiss breakfast,"One talk, twenty minutes, technical, with a live demo: Knowledge Twins.",2026-10-06,2026-10-06T09:30:00-07:00,2026-10-06T11:30:00-07:00,Downtown (SF),"Financial District, San Francisco, CA",ChordianAI,Application,true,,40,build; meet,,Coffee & breakfast,https://partiful.com/e/JA6BIssNGgrKuyTw0okM,2
fe324699-2bcf-4c4b-9be7-c2dd6c45a2e1,Made in SF: Breakfast Burritos & Hardware,Talk hardware over breakfast burritos,Start your Tech Week morning right — with real breakfast burritos and real talk about building real things.,2026-10-06,2026-10-06T09:30:00-07:00,,SOMA,,Trustbridge,Application,true,,,meet,Robotics & hardware,Coffee & breakfast,https://partiful.com/e/HPU0JzYQgSmsTKr3AEiQ,1
fe74ad2f-2b5e-4b37-80d6-392e0d231d9f,Founders Who Are Hiring Happy Hour,Founders Who Are Hiring Happy Hour,"Join MeeBoss for a fun, high-energy SF Tech Week happy hour built specifically for people who are actively growing their teams, whether you’re searching for a cofounder, bringing on your first intern, making a critical early hire, or…",2026-10-06,2026-10-06T16:30:00-07:00,2026-10-06T19:00:00-07:00,Other,,MeeBoss,Application,true,,,hire; meet,,Happy hours & drinks,https://partiful.com/e/WcKXbDhdbFAJgZGSMrN2,0
fe7ee845-f81f-4343-a685-b960292202b2,Ugly Talk: What Agents Can't Buy (Yet) - Transacting in the Agentic Economy,Ugly Talk: What Agents Can't Buy (Yet) - Transacting in the Agentic Economy,"After the fireside chat, we’ll have a Builder Showcase, where 6–8 selected founders will each get 2–3 minutes to share what they’re building.",2026-10-06,2026-10-06T17:30:00-07:00,2026-10-06T20:30:00-07:00,Downtown (SF),"465 California St, San Francisco, CA 94104, USA","UpScaleX, Ugly Talk",RSVP,false,,243,build; meet,AI,Networking & mixers; Panels & firesides,https://partiful.com/e/kz60U5NzQViwwlIT6QmJ,8
ff4ec730-0b03-4858-a0c9-842d96d5be8e,Level Up Your Intelligence,Level Up Your Intelligence,"A SF Tech Week fireside chat with Vinitra from Scholé AI × Kevin from Bryel AI about what it actually takes to learn, build, and work with AI as it keeps changing.",2026-10-06,2026-10-06T16:00:00-07:00,2026-10-06T18:00:00-07:00,Hayes Valley,,Scholé AI,Unknown,false,,,meet,AI,Dinners; Panels & firesides,https://partiful.com/e/wmdrrEPxrjo203G2ZD3U,2
002e72b8-c3af-4bf0-9f2d-dedd5e2f84d4,ATOMS ACCELERATED: Industrial AI & the Next Industrial Buildout,ATOMS ACCELERATED: Industrial AI & the Next Industrial Buildout,35-minute panel discussion followed by 10 minutes of audience Q&A.,2026-10-07,2026-10-07T12:00:00-07:00,2026-10-07T16:00:00-07:00,Downtown (SF),,"DeepMechanix, Funding Breakthrough Lab",Application,true,,151,build; meet,AI; Robotics & hardware,Networking & mixers; Panels & firesides; Hackathons & workshops,https://partiful.com/e/OCl7s4r3aSlPSZudaSYB,10
005b0c7c-4dc6-4bd9-bd16-3231b8fe8bec,Making hard decisions in a world of AI and constant change,Making hard decisions in a world of AI and constant change,"🤝 Open networking with founders, operators, angels, and anyone building out of or around Belarus",2026-10-07,2026-10-07T10:00:00-07:00,2026-10-07T13:00:00-07:00,SOMA,,Writingmate.ai,Application,true,,114,raise; build; meet,AI; Finance,Networking & mixers; Panels & firesides; Hackathons & workshops,https://partiful.com/e/KMEzViIERheJP7uroYzH,3
02212e17-ef70-412f-b782-60c916adcd56,"MCP, APIs & THE AGENT INTEGRATION LAYER","MCP, APIs & THE AGENT INTEGRATION LAYER","Join Open Future Forum during SF TechWeek for a practical, developer-focused session examining the emerging agent integration layer and the roles MCP, APIs, connectors, and gateways play within it.",2026-10-07,2026-10-07T09:30:00-07:00,2026-10-07T11:00:00-07:00,SOMA,"JOE & THE JUICE, 301 Howard St, San Francisco, CA","Trekka, Open Future Forum",Application,true,,124,build; meet,AI,Networking & mixers,https://partiful.com/e/CzqKAJsfHLFw6RrvUU8l,3
03675e28-b7b8-4a95-bd99-9087e61ed992,Angel Investors by the bar - #SF TechWeek,Angel Investors by the bar - #SF TechWeek,This is a gathering only for active Angel Investors and SFOs who are actively deploying capital into startups and funds.,2026-10-07,2026-10-07T18:30:00-07:00,,Lower Nob Hill,"Stookey's Club Moderne, 895 Bush St, San Francisco, CA",Winner Capital,Application,true,,41,raise; meet,AI; Finance,Happy hours & drinks,https://partiful.com/e/3pas6RjcSPFFyfvhQiVq,1
05f3cf92-3c76-4002-be69-de17ee1186fa,"Build Anywhere, Scale Everywhere: Global Founders Picnic","Build Anywhere, Scale Everywhere: Global Founders Picnic","This is a space for the borderless builders—the founders, remote leaders, and digital nomads who believe your network should be as vast as your passport.",2026-10-07,2026-10-07T12:00:00-07:00,2026-10-07T14:00:00-07:00,Mission,,Afro Adventurer,Application,true,,,raise; build; meet; fun,AI; Finance,Coffee & breakfast; Networking & mixers,https://partiful.com/e/UvLt5Z0RVVLVcOsbSkMS,1
0648cb8a-77c4-46b5-b6cb-f008a34d5de1,How SF's Corner Stores Won the World Cup,How SF's Corner Stores Won the World Cup,"A conversation with the SF Chamber of Commerce and small businesses — on what happens when a city decides to activate local businesses across the whole city, not just the tourist hotspots.",2026-10-07,2026-10-07T17:30:00-07:00,2026-10-07T19:00:00-07:00,FiDi (SF),,"Y·US Ventures, Bridgit",Application,true,,74,meet,AI; GTM & sales,Networking & mixers; Panels & firesides,https://partiful.com/e/4KdkudOhJJGNIM5X48x8,1
0678c135-392d-45d0-ad0c-909af94f1791,Omnigent Breakfast Session by Databricks,Join Databricks contributors and engineers for breakfast,Invite only: Rooftop vibes + coffee and breakfast burritos + Omnigent,2026-10-07,2026-10-07T09:00:00-07:00,2026-10-07T11:00:00-07:00,FiDi (SF),"One Kearny Club, 23 Geary St, Ste 510, San Francisco, CA",Databricks for Startups,Application,true,,,meet,AI,Coffee & breakfast; Networking & mixers; Panels & firesides,https://partiful.com/e/eiup9vgS1Y0TDvqvBqyc,1
06b4a380-50c1-4644-8265-b6369da358ba,Midwest Roots Happy Hour,Midwest Roots Happy Hour,SF Tech Week is a week of panels -  this isn't one.,2026-10-07,2026-10-07T18:00:00-07:00,2026-10-07T20:00:00-07:00,Marina,,Rho,Unknown,false,,,meet,,Happy hours & drinks,https://partiful.com/e/pB8gQSxy96i3nPrcAjFw,3
0a37a0b3-b629-4f1e-9c37-0a612a5e1790,Beyond the Demo: How Physical AI Companies Make Real Money - #SF TechWeek,Beyond the Demo: How Physical AI Companies Make Real Money - #SF TechWeek,Real Stories from Founders and Early Investors,2026-10-07,2026-10-07T16:00:00-07:00,2026-10-07T19:00:00-07:00,FiDi (SF),,"TSVC, Covington",Application,true,,337,raise,AI; Robotics & hardware; Finance,Demos & pitches; Panels & firesides,https://partiful.com/e/FCdCW2pW1RUAhNiE3Xoh,5
0a61997a-2ba7-4cdf-887c-acd5b245f59e,"AI Law, Compliance, & GovTech","AI Law, Compliance, & GovTech","Through panel discussion, startup demo tables, and curated networking, we’ll explore how AI is moving from productivity tools into the workflows that shape legal decisions, regulatory systems, public trust, and government operations.",2026-10-07,2026-10-07T18:00:00-07:00,2026-10-07T21:00:00-07:00,FiDi (SF),"345 California St, San Francisco, CA 94104, USA",SFPlayground,Unknown,false,,,raise; meet,AI; Finance,Panels & firesides,https://partiful.com/e/S91gvLPLTNrvsW7QSfcC,0
0b616525-db6d-4f83-a7a0-599df62b4e83,Atoms After Hours,Atoms After Hours,"Out of stealth, into the room.",2026-10-07,2026-10-07T18:00:00-07:00,2026-10-07T20:00:00-07:00,Union Square (SF),,Atoms,Unknown,false,,,meet,AI,Happy hours & drinks; Networking & mixers,https://partiful.com/e/cIXKF4G6vh15PAnhDUJE,0
0b8b41b2-2634-4b38-a21a-ed9a23f84506,Coffee CARTesia,Grab a coffee with Cartesia,"Order your coffee with Cartesia's voice models, hear Sonic 3.6 in action, and hang out with the team building some of the fastest, most expressive voice models out there.",2026-10-07,2026-10-07T08:30:00-07:00,2026-10-07T12:30:00-07:00,Salesforce Park,,Cartesia,RSVP,false,,172,meet,AI; Health & biotech,Coffee & breakfast,https://partiful.com/e/SlhNY5IAaMN0BKSJ3WiA,0
0c1f6f75-268c-45a5-a335-5bc91b13e711,Breakfast: Expanding to the US: What Nobody Tells You,Hear what foreign founders learned entering the US market,"The hardest part of expanding to the US isn't incorporation, visas, or hiring.",2026-10-07,2026-10-07T08:00:00-07:00,,Mission,,Business Sound,Application,true,,56,meet,GTM & sales,Coffee & breakfast,https://partiful.com/e/7Y2mqVTDyuRtVF6fau7c,1
0d2e6948-6470-4f44-9e47-0a24a9f6623a,Build Agentic AI with AWS - #Startups @AWS,Build Agentic AI with AWS - #Startups @AWS,Bring your agentic AI use case and your AWS dev account.,2026-10-07,2026-10-07T10:00:00-07:00,2026-10-07T17:00:00-07:00,Downtown (SF),,AWS,Application,true,,61,build; meet,AI,Coffee & breakfast; Hackathons & workshops,https://partiful.com/e/jrOl5kdeUNriV4kxF3H4,3
0d627aef-77d9-4131-bfb7-0abb7aaa0773,Physical AI's Last Mile: Hardware and Data Together,Physical AI's Last Mile: Hardware and Data Together,"Physical AI is having its moment on stage, but the gap between an impressive demo and a system that survives the real world — unpredictable terrain, degraded connectivity, messy sensor data, biological variability — is where most…",2026-10-07,2026-10-07T11:00:00-07:00,,Dogpatch,"1500 Michigan St, San Francisco, CA","InnerPlant, The Good Marchine",Application,true,,279,,AI; Robotics & hardware,Panels & firesides,https://partiful.com/e/mUsgR10YAnPtpzvKoij2,1
0d66d5d9-a38b-46e2-b90e-812e0e31e705,Sourcerer x J.P. Morgan: Supply Chain 2.0 Dinner,Sourcerer x J.P. Morgan: Supply Chain 2.0 Dinner,Morgan for a curated dinner exploring the reshaping of global supply chain.,2026-10-07,2026-10-07T18:30:00-07:00,2026-10-07T20:30:00-07:00,FiDi (SF),,"Sourcerer, J.P. Morgan",Application,true,,,meet,AI,Dinners,https://partiful.com/e/n8B8IfQT0kgRVJY7TMjk,2
0dd1ac58-5822-44c8-8e70-127c0ac9114b,🌉 Founder & Investor Rooftop Mixer,🌉 Founder & Investor Rooftop Mixer,"Join founders and investors for drinks, amazing firepit, and casual networking on one of SF's best rooftops.",2026-10-07,2026-10-07T17:00:00-07:00,2026-10-07T20:00:00-07:00,Telegraph Hill,"Werqwise SF, 1301 Sansome St, San Francisco, CA",Venture Bridge Hub,Application,true,,32,raise; meet,AI; Finance; GTM & sales,Networking & mixers; Dinners,https://partiful.com/e/q4NrvVRpxwvwuGLJfUcT,0
0e07c33a-5ffd-424b-9908-95159fd556e5,Build Mode: HubSpot's Hands-On AI Agent Lab for Real Work,Build Mode: HubSpot's Hands-On AI Agent Lab for Real Work,"You’ve mocked up an agent, or you have a solid idea you’re ready to build and scale.",2026-10-07,2026-10-07T15:00:00-07:00,2026-10-07T19:00:00-07:00,SOMA,"The Box SF, 1069 Howard St 3rd Floor, San Francisco, CA",HubSpot,Application,true,,154,build; meet,AI; GTM & sales,Hackathons & workshops; Networking & mixers,https://partiful.com/e/4WQdY1gbpYneZpydPYPV,6
0e197dea-1093-4d9a-a715-df5ccdeb8cc2,Life Without Lawsuits: Coffee with Levelheaded,Life Without Lawsuits: Coffee with Levelheaded,Your kids won't know what a lawsuit is. Cool.,2026-10-07,2026-10-07T08:00:00-07:00,2026-10-07T09:30:00-07:00,SOMA,,Levelheaded,Unknown,false,,,raise; meet,AI; Finance,Coffee & breakfast; Networking & mixers,https://partiful.com/e/Oy1GKdSEKg07kctPSsTX,3
0f08c9da-7a71-4074-989d-2b7e364e7bf7,The Minimum Viable Avatar: Scientific Method for Customer Understanding,The Minimum Viable Avatar: Scientific Method for Customer Understanding,"In the room, over ninety minutes, you write down what you believe about one customer segment.",2026-10-07,2026-10-07T09:00:00-07:00,,Union Square (SF),,Susam Creative,Application,true,,47,build; sell,GTM & sales,Hackathons & workshops,https://partiful.com/e/p2NiEKlvQZzNWHGRABYf,1
0fc2fa4d-aba7-4b1e-bd3f-e17d115924df,AI LEGAL TECH SHIFTS IN AFRICAN MARKETS,AI LEGAL TECH SHIFTS IN AFRICAN MARKETS,"Explore how AI is reshaping LegalTech adoption across African markets, from emerging trends and real-world opportunities to the forces driving transformation across the legal ecosystem.",2026-10-07,2026-10-07T17:00:00-07:00,,Downtown (SF),,Hubtal Inc,Application,true,,43,,AI,Panels & firesides,https://partiful.com/e/WLUliuWJgJRVd7d3F8J6,1
107b708b-9b7e-4b05-b281-6ed6401f97eb,The New Finance: AI. Data. Talent. Governance. Scale.,The New Finance: AI. Data. Talent. Governance. Scale.,"Join leading CFOs and finance leaders for a candid discussion on the technologies, talent, and operating disciplines powering the next generation of category-defining companies.",2026-10-07,2026-10-07T15:00:00-07:00,2026-10-07T17:00:00-07:00,SOMA,,PwC,Application,true,,92,hire,AI; Finance,Panels & firesides,https://partiful.com/e/Y6YRmkZdw6iAez2CBSRX,3
12126bc5-12f5-4977-9e71-f3d1cd80563d,The Founder's Story Stack,The Founder's Story Stack,"Most early-stage founders can't yet afford a PR person, a technical product marketer, or a even content specialist — so they end up guessing at all three at once.",2026-10-07,2026-10-07T09:00:00-07:00,,Other,,Aspiron Influence,Application,true,,78,meet,GTM & sales,Coffee & breakfast; Networking & mixers; Panels & firesides,https://partiful.com/e/7UyLT0LiGBDDmR73z7Cy,1
13b337b1-fa5a-4aa1-955f-3968288ca8e9,"Transformation, Unstuck: A Hands-On Leadership Hackathon","Transformation, Unstuck: A Hands-On Leadership Hackathon","Propeller is bringing together senior leaders for a fast-paced, hands-on session that’s part hackathon, part speed-networking. Bring us the challenge keeping you up at night—whether it involves AI, technology, data, operating models, organizational change, execution, or a messy c…",2026-10-07,2026-10-07T17:00:00-07:00,2026-10-07T18:30:00-07:00,Rincon Hill,,Propeller,Application,true,,,build; meet,AI,Hackathons & workshops; Networking & mixers,https://partiful.com/e/xb2kaFfUFts87eiMlQr3,0
145e36cf-c8b3-41fb-a2de-198a59ad0844,Agent-Led Growth Night,Agent-Led Growth Night,Come join us at the AX (Agent Experience) demo night!,2026-10-07,2026-10-07T18:00:00-07:00,,Downtown (SF),,2027.dev,Application,true,,114,raise; build; sell,AI; GTM & sales,Demos & pitches,https://partiful.com/e/7jzkV6zJ0IiUFjeglr3F,4
150a3957-0be3-42d6-bac3-81bb8437f404,"Women + AI: Making Waves, a Dinner Cruise on the Bay 🛥️","Women + AI: Making Waves, a Dinner Cruise on the Bay 🛥️","Drinks and mingling as the city pulls away, with a few live demos of fun, feminine projects & products built by women in our community for you to play with and get inspired by.",2026-10-07,2026-10-07T17:30:00-07:00,2026-10-07T20:30:00-07:00,Embarcadero,,Women + AI,Application,true,,,build; meet,AI,Dinners; Networking & mixers,https://partiful.com/e/kotTWffpJId9dZWdzvz4,5
162857b6-c026-4513-b276-4917befa3ac8,"Hi, Cofounder: an IRL cofounder search","Hi, Cofounder: an IRL cofounder search",This is an IRL event built for people who take the cofounder search seriously.,2026-10-07,2026-10-07T17:00:00-07:00,2026-10-07T19:00:00-07:00,FiDi (SF),"Marina District, San Francisco, CA",envision blueprint,Application,true,,,hire,AI; Health & biotech,,https://partiful.com/e/P1lPz0uU4k1IQEsKTCLn,2
16f9b290-b738-41fc-944d-b12552766236,"AI Tool Evaluations with ScaleKit, SafeMCP, Workato, and AAIF","AI Tool Evaluations with ScaleKit, SafeMCP, Workato, and AAIF",- Purchasing Frameworks: Defining benchmarks and criteria for AI adoption.,2026-10-07,2026-10-07T17:30:00-07:00,2026-10-07T20:30:00-07:00,Dogpatch,"Workato AI Hub, 600 Illinois St, San Francisco, CA","Workato, ScaleKit",Application,true,,234,meet,AI,Panels & firesides,https://partiful.com/e/JKlWYyso3nX213VINcoQ,8
181c7fe3-ab4a-4a40-b178-7d3f1fad009f,Fashion Tech: THE STYLE UPGRADE,Fashion Tech: THE STYLE UPGRADE,🎧 Soundscape: Live DJ sets to transition us from networking to the afterparty.,2026-10-07,2026-10-07T18:00:00-07:00,2026-10-07T22:00:00-07:00,SOMA,"Madarae, 46 Minna St, San Francisco, CA",Xchange Fashion,Application,true,,319,meet,Media & entertainment; AI,Happy hours & drinks; Networking & mixers,https://partiful.com/e/jFlyp24yKyMBUcXgHv6v,5
182f7c4e-c15c-4d4e-872d-6bd8f4a6b181,Kyberis Agentic Threat Happy Hour,Kyberis Agentic Threat Happy Hour,"Join us for some exceptional wine, cheese and discussions on how Agentic Threat Ops can provide the foundation for your AI implementations and your Security Program.",2026-10-07,2026-10-07T17:30:00-07:00,,SOMA,"185 Clara St Rooftop Patio, San Francisco, CA",Kyberis,Application,true,,69,meet,AI,Happy hours & drinks,https://partiful.com/e/WLapougeR4S8RhzELmuj,1
185b6fd1-c0d1-4030-9360-aa7785317ec0,"can you hear me now - a voice ai ""speech"" easy event","can you hear me now - a voice ai ""speech"" easy event","Join research scientists from leading Voice AI start ups for a fast, unscripted conversation about one of the coolest and hardest problems in model training today: pushing intelligence and latency forward at the same time.",2026-10-07,2026-10-07T18:30:00-07:00,2026-10-07T20:45:00-07:00,Jackson Square,,"Hippocratic AI, Hakluyt",Application,true,,2,build; meet,AI; Health & biotech,Happy hours & drinks; Networking & mixers; Panels & firesides; Hackathons & workshops,https://partiful.com/e/RIR5ez9fOVuIiQySRWI5,1
18a1a034-5e41-4b33-a0af-992186c7c85c,Orbital Beam x localhost:howard - Access Layer Mixer,Orbital Beam x localhost:howard - Access Layer Mixer,"Orbital Beam presents The Access Layer Mixer, during SF Tech Week.",2026-10-07,2026-10-07T19:00:00-07:00,2026-10-07T22:00:00-07:00,SOMA,,Orbital Beam,Application,true,,,meet,AI,Networking & mixers; Happy hours & drinks,https://partiful.com/e/OhF6dJFo0UkrTf8AsnyD,0
195abcdf-9acb-4da4-8034-496e60fe42dd,"The AI Convergence: Voice, Video, Agents & Infrastructure","The AI Convergence: Voice, Video, Agents & Infrastructure","Join Liberty Global Ventures and Comcast Ventures for an evening with leaders from ElevenLabs, Higgsfield, Runware AI, and Sierra AI exploring what’s next for multimodal AI.",2026-10-07,2026-10-07T16:00:00-07:00,2026-10-07T19:00:00-07:00,SOMA,,"Comcast Ventures, Liberty Global Ventures",Application,true,,,build; meet,AI,Happy hours & drinks; Networking & mixers; Panels & firesides,https://partiful.com/e/thtgzDIovjistP8GWvTd,0
1a2ef909-5a31-4199-b91f-5fde68f5220b,Fieldguide HQ Open House,Fieldguide HQ Open House,Join us in our newly opened HQ for a happy hour to mix and mingle with our Agent Engineering Team while you learn more about how we are building Agentic Firms in the trust practitioner space.,2026-10-07,2026-10-07T18:00:00-07:00,,Downtown (SF),,Fieldguide,Unknown,false,,,meet,AI,Happy hours & drinks; Networking & mixers,https://partiful.com/e/EOAUjMoFSNPquN2WF95K,0
1aebe191-6a7c-4bc0-954c-8d27573caf90,Carry in the Clouds,Carry in the Clouds,Pour Decisions. Smart Capital.,2026-10-07,2026-10-07T17:00:00-07:00,2026-10-07T19:00:00-07:00,SOMA,,Dentons,Unknown,false,,,raise; meet,AI; Finance,Happy hours & drinks,https://partiful.com/e/oIKGpByMD5FDfhmNUiLh,0
1b9417cb-89fd-445e-928b-bd8df865ef7c,Quantum in the next AI Supercomputer,Quantum in the next AI Supercomputer,Join the party and a fireside chat with industry leaders on the opportunity opening up for everyone in tech.,2026-10-07,2026-10-07T17:30:00-07:00,2026-10-07T20:30:00-07:00,Embarcadero,,Anyon Computing,Application,true,,,raise; meet,AI; Finance; Robotics & hardware,Happy hours & drinks; Networking & mixers; Panels & firesides,https://partiful.com/e/Zx0xcxGR1q18I2X5M1iD,2
1c3e2ea9-089a-4320-ab2e-0f0ec071a792,Extending Postgres With Sync Engine,Extending Postgres With Sync Engine,"Git gave us diffs. React gave us virtual DOM diffing. Kafka gave us event streams. Every layer of the stack learned to ship only what changed, except the query you just ran against Postgres.",2026-10-07,2026-10-07T13:30:00-07:00,2026-10-07T15:30:00-07:00,SOMA,,Juspay,Unknown,false,,,meet,,Coffee & breakfast,https://partiful.com/e/bJFh4FHPWWvaOQaBbLcP,2
1d7cdf13-f131-43c5-b5c3-bd6987f9c713,Physical AI Demo Day: Intelligence for the Real World,Physical AI Demo Day: Intelligence for the Real World,"Stay afterward for wine, conversation and live demos.",2026-10-07,2026-10-07T16:00:00-07:00,2026-10-07T18:00:00-07:00,Mission Bay,"Capgemini, 1011 3rd St, Unit 300, San Francisco, CA",Spatial Capital,Application,true,,,raise; build; meet,AI; Robotics & hardware; Finance,Demos & pitches; Happy hours & drinks; Networking & mixers,https://partiful.com/e/dLVhaW7dfVIkXoE40Oaz,2
1d7d4ac6-38a3-4bc5-96c6-0d2add523293,The Universal Connector for AI,The Universal Connector for AI,"Join Open Future Forum during SF TechWeek for a developer-focused discussion about how the Model Context Protocol is changing the way agents discover, connect to, and use external capabilities.",2026-10-07,2026-10-07T13:00:00-07:00,2026-10-07T15:30:00-07:00,SOMA,"JOE & THE JUICE, 301 Howard St, San Francisco, CA","Agentic Fabriq, Open Future Forum",Application,true,,109,meet,AI,Networking & mixers,https://partiful.com/e/GHOrdY8Be9KGmxMtntNv,1
1d9a3249-500f-41af-afc9-38eb52eeffc2,J.P. Morgan presents What's Next? The Future of Life Sciences & Healthcare,J.P. Morgan presents What's Next? The Future of Life Sciences & Healthcare,"The program will feature a market overview, a fireside chat with Aloe Blacc, Grammy-nominated artist, entrepreneur, and investor and Sahir Ali, Founder and Managing Partner of Modi Ventures, followed by a panel discussion with leading…",2026-10-07,2026-10-07T16:00:00-07:00,2026-10-07T19:00:00-07:00,FiDi (SF),,"J.P. Morgan, Morrison Foerster",Application,true,,173,meet,Health & biotech; AI,Networking & mixers; Panels & firesides,https://partiful.com/e/aJ2RzK1AFnCNxA6zKRZL,3
1da3d300-7ab1-408f-9e81-12cd7ad61acf,Flying Car eVTOL challenges and potential talk,Flying Car eVTOL challenges and potential talk,"Join former Tesla and NVIDIA engineer Leo Kayali, founder of SF-based INVO Station, for an candid deep-dive into the state of autonomous electric vertical takeoff and landing (eVTOL) technology.",2026-10-07,2026-10-07T12:00:00-07:00,,Salesforce Park,"9Zero, 350 California St, San Francisco, CA","INVO STATION, FONDO",Application,true,,99,meet,Robotics & hardware,Coffee & breakfast; Panels & firesides,https://partiful.com/e/nFRFs9xYUzmkjHFxWNhm,3
1e8a58d4-7c37-4579-b3c2-83e87b623aa6,Own the Intelligence,Own the Intelligence,"Share one thing worth putting in front of the room — a strong opinion, an experiment, a failure, an unexpected result, or something you learned while building agents, RL systems, post-training pipelines, evals, or self-improving AI.",2026-10-07,2026-10-07T17:30:00-07:00,2026-10-07T20:00:00-07:00,Mission,"Mission District, San Francisco, CA",Future AGI,RSVP,false,,99,raise; build; meet,AI,Networking & mixers; Panels & firesides; Demos & pitches,https://partiful.com/e/Q0t9NuXxZumV4XLCTH3a,0
1ea97531-4da2-4ad1-81cb-2cf4f0b59a42,SF Hardware & Robotics Showcase,SF Hardware & Robotics Showcase,"SF Hardware & Robotics Showcase, presented by Cushman & Wakefield, Pilot, and Tools for Enlightenment.",2026-10-07,2026-10-07T18:00:00-07:00,,SOMA,"795 Folsom Street, 795 Folsom St Suite 100, San Francisco, CA","Clarity Labs, Cushman & Wakefield, Pilot",Unknown,false,,,raise; build; meet,Robotics & hardware,Networking & mixers; Demos & pitches; Hackathons & workshops,https://partiful.com/e/nb5OgG4Muhx5ENLSv0iR,6
1fcdedbc-efbf-4776-9de6-e36dd3d55184,HyperFrames Launch Club,HyperFrames Launch Club,"Good vibes, fellow builders, and a camera crew.",2026-10-07,2026-10-07T18:00:00-07:00,2026-10-07T23:45:00-07:00,FiDi (SF),"180 Sansome St, San Francisco, CA",HeyGen,Application,true,,80,build; meet,AI; Media & entertainment,Hackathons & workshops; Networking & mixers,https://partiful.com/e/8zBGLoo578Xce7PRtsti,4
1fe9a88b-7186-4108-9065-330ee0a86a46,Solving 'voice' as an interface,Solving 'voice' as an interface,"Voice is becoming a first-class way to work a computer, and the teams building it have the scars to prove it.",2026-10-07,2026-10-07T17:30:00-07:00,2026-10-07T20:30:00-07:00,Hayes Valley,,"Aqua Voice, LiveKit, Speechmatics",Application,true,,153,build; meet,AI,Happy hours & drinks; Networking & mixers; Panels & firesides; Hackathons & workshops,https://partiful.com/e/Qfb44oJOo4cYvr64J7Kw,2
2191cf74-01da-41b2-869a-6e87864c42e4,SheFundraises Pitch Event,"Watch women-led startups pitch for pre-seed, then meet angel investors","Join US at our latest pitch event, LIVE and in-person in San Francisco.",2026-10-07,2026-10-07T18:00:00-07:00,2026-10-07T20:00:00-07:00,FiDi (SF),"57 Post St 4th Floor Meeting Room, San Francisco, CA",MyLibrarian,RSVP,false,,,raise; build; fun,AI; Finance,Demos & pitches; Parties & raves,https://partiful.com/e/nJWrJj9PXUkbCu9lq4QA,1
221b8c9d-dfad-4bfc-8a49-bd62ce28c117,Hardware Pitch Night @ S45 | 🩺Wearables for Health & Medicine,Hardware Pitch Night @ S45 | 🩺Wearables for Health & Medicine,Join us for an evening of live pitches and demos from hardware founders working on frontier technologies for the physical world.,2026-10-07,2026-10-07T18:00:00-07:00,,Mission,,informal LLC,RSVP,false,,,raise; build,Robotics & hardware,Demos & pitches,https://partiful.com/e/m7BF3YTvCjL5IbM2hX4O,4
2290ac73-f846-4aee-ad3e-c0e86a6e74f5,Morning Breath - A gathering for HealthTech founders,Morning Breath - A gathering for HealthTech founders,"Clear your head and start your day with fresh air, movement, and a walking meditation.",2026-10-07,2026-10-07T08:00:00-07:00,,Embarcadero,,NovaScale Advisory,Application,true,,,meet,Health & biotech,Coffee & breakfast,https://partiful.com/e/uZby2VOjevYCpkWa5LPa,1
2344feff-2c17-4e7b-8eef-5fd136c65c62,HealMint Smart Ring Raffle (Win 1 of 5 Free Rings!) & Longevity Happy Hour- #SF TechWeek,HealMint Smart Ring Raffle (Win 1 of 5 Free Rings!) & Longevity Happy Hour- #SF TechWeek,"Whether you are a founder, investor, healthcare professional, or just passionate about the future of wellness, come connect with the brightest minds in Bay Area health tech, talk wearable innovation, and get an exclusive hands-on look…",2026-10-07,2026-10-07T17:00:00-07:00,,Downtown (SF),,HealMint,Application,true,,126,build; meet,Health & biotech; AI; Robotics & hardware,Happy hours & drinks; Networking & mixers,https://partiful.com/e/xxfp9B0mQASGhKrgGoJH,0
23524c63-8b6a-4aed-9905-4ab2146dc3cd,CEO Lunch: Survive the Hype. Build What Matters.,CEO Lunch: Survive the Hype. Build What Matters.,"Join Zendesk CEO Tom Eggemeier and Deon Nicholas, co-founder of Forethought, for a candid conversation about building in the AI era.",2026-10-07,2026-10-07T11:30:00-07:00,2026-10-07T14:00:00-07:00,FiDi (SF),"Zendesk HQ, 181 Fremont St, San Francisco, CA",Zendesk,Application,true,,,build; meet,AI,Coffee & breakfast; Networking & mixers; Panels & firesides,https://partiful.com/e/9BYVQdFToCUaqwcG8GqM,2
23914995-7ee0-45d4-901a-348ff72cc0da,Multiplayer Hackathon by Party (SoMa),Multiplayer Hackathon by Party (SoMa),​Multiplayer Building is here.,2026-10-07,2026-10-07T18:00:00-07:00,2026-10-07T21:00:00-07:00,SOMA,,"Maitai, Inc",Unknown,false,,,build; meet; fun,AI,Dinners; Hackathons & workshops; Networking & mixers,https://partiful.com/e/NkIXWEbYpOfes5rgixkn,1
24390fcb-aac9-424a-957d-b0bf8642cc98,12 Angry Devs,12 Angry Devs,The only event in SF where founders are afraid to demo.,2026-10-07,2026-10-07T18:30:00-07:00,2026-10-07T21:30:00-07:00,SOMA,"25 Stillman St 2nd Floor, San Francisco, CA",Neatlogs,Application,true,,31,raise; build; meet,AI,Happy hours & drinks; Networking & mixers; Demos & pitches,https://partiful.com/e/apvTygoKyptY5SBjQWrK,2
2443f09e-154b-45e8-be74-b70d8b6a9ce2,"Consumer AI - Personal Agent, hospitality, and Travel Tech","Consumer AI - Personal Agent, hospitality, and Travel Tech","Consumer AI has the interface. What it still doesn't have is a way to act — book the table, buy the ticket, get you through the door. The teams working on that are spread across categories that rarely share a room: personal assistants, travel and hospitality, commerce, payments.",2026-10-07,2026-10-07T14:30:00-07:00,2026-10-07T17:30:00-07:00,SOMA,,SyncSo,Application,true,,,build; meet,AI; Media & entertainment,Happy hours & drinks; Networking & mixers; Panels & firesides,https://partiful.com/e/lkBUdITU0YCz9AsqbAF3,1
25ab854b-b7b8-4b68-a029-663696baf820,Camp AI Enterprise Dinner,Camp AI Enterprise Dinner,​💡 Overview,2026-10-07,2026-10-07T17:30:00-07:00,2026-10-07T19:30:00-07:00,SOMA,,Auth0,Unknown,false,,,sell; meet,AI,Dinners,https://partiful.com/e/vTNRCHkreEcz6N7CcLLi,0
25e5e905-2587-4a00-8261-288ea1069d6b,The Next Era of Leadership,The Next Era of Leadership,"Join a curated group of founders, executives, People leaders, and builders for an intimate dinner and roundtable on the next era of leadership.",2026-10-07,2026-10-07T17:00:00-07:00,,Jackson Square,,Surge People Partners,Application,true,,,build; meet,AI,Dinners; Hackathons & workshops,https://partiful.com/e/h4UrdrbYgNCRptEerN5p,3
264f33dc-5187-4864-8600-15c910d2ae04,Pre-Seed VC+Founder Mixer,Pre-Seed VC+Founder Mixer,"This is a perfect opportunity to informally share your ideas and gather early feedback, meet potential co-founders, and engage with friendly investors.",2026-10-07,2026-10-07T18:00:00-07:00,2026-10-07T21:00:00-07:00,Embarcadero,,Underdog Labs,Application,true,,405,raise; meet,AI; Finance,Networking & mixers; Happy hours & drinks,https://partiful.com/e/veEeGb94tpsvdKSYyyXD,0
27009109-1ef9-45a2-a2e1-4a94d579605f,Databricks for Startups Networking Party,Databricks for Startups Networking Party,"Join fellow founders for an evening of networking and conversation, hosted by Databricks for Startups.",2026-10-07,2026-10-07T18:00:00-07:00,2026-10-07T21:00:00-07:00,SOMA,"Novela, 662 Mission St, San Francisco, CA",Databricks for Startups,Application,true,,,meet; fun,AI,Networking & mixers; Parties & raves; Happy hours & drinks,https://partiful.com/e/x6eA2bIYn8udQ73qpKHN,2
2743fb01-e001-4ee1-89ec-07038cdeb083,The Coast-to-Coast Startup Lab™ - SF DEMO DAY,Watch teams pitch the startups they built on a cross-country train,"The San Francisco finale of an NYC-to-SF train hackathon: live company pitches to an investor and judge panel, including Ben Narasin and Sarah Romanko.",2026-10-07,2026-10-07T10:00:00-07:00,,Union Square (SF),,Rocket Mixer,Application,true,,88,raise; build; meet,AI,Demos & pitches,https://partiful.com/e/WYFzwIE7crZF6mKoHWYW,9
277208b1-ef60-4f81-9ae8-0a13973dcdb3,Gen Z Founder + Creator Mixer,Gen Z Founder + Creator Mixer,"we've had top founders and funders pull up- VCs, Series A-B operators, creators with massive followings, and builders from companies like Meta, Morgan Stanley, and top startups.",2026-10-07,2026-10-07T18:00:00-07:00,2026-10-07T19:30:00-07:00,SOMA,,GenZtea,Application,true,,,meet,Media & entertainment; AI; GTM & sales,Networking & mixers; Panels & firesides,https://partiful.com/e/FnCfBVvLSZ1uFVZT3uJA,0
27a2f074-41ac-4e6a-8c3e-05e233afc135,"Nash Presents: Autonomic, After Hours","Nash Presents: Autonomic, After Hours","Some of the largest operations in commerce run their logistics on Nash, millions of orders a month, around the clock.",2026-10-07,2026-10-07T17:00:00-07:00,2026-10-07T20:00:00-07:00,SOMA,,Nash,Application,true,,17,meet,AI,Happy hours & drinks; Networking & mixers,https://partiful.com/e/R5VeuQHUD05HphT9ik6m,1
27b9865e-dd1f-4f9f-a82b-31bd72666cca,Taiwan's Next Global Startups,Taiwan's Next Global Startups,"Hosted at Startup Island TAIWAN – Silicon Valley Hub during San Francisco Tech Week 2026, the event will bring together a curated cohort of Taiwan's most promising startups to showcase breakthrough technologies and scalable business…",2026-10-07,2026-10-07T13:30:00-07:00,2026-10-07T17:30:00-07:00,Palo Alto,"299 California Ave Floor 3, Palo Alto, CA",Startup Island TAIWAN – Silicon Valley Hub,Application,true,,166,raise; build; meet,AI; Finance,Happy hours & drinks; Networking & mixers; Demos & pitches,https://partiful.com/e/uMNfwISAbbkXiyjbiLAy,4
27dde0f8-0c89-4e10-b951-1f2fbb876174,Building the Future of Creative AI,Building the Future of Creative AI,One tight 15-minute program: a live demo and lightning talks from teams shipping real products.,2026-10-07,2026-10-07T18:00:00-07:00,2026-10-07T21:30:00-07:00,Mission Bay,"Mission Rock Resort, 817 Terry Francois Blvd Ground Floor, San Francisco, CA",Sonilo,Application,true,,151,build; meet,AI; Media & entertainment,Networking & mixers,https://partiful.com/e/ki3B28FwMa8i9BleQA9U,0
2972f559-d986-47a8-be00-7eda54aebcca,The GTM (pent)house party 🌆,The GTM (pent)house party 🌆,"Just the hottest GTM operators, creators, and founders, in the highest penthouse in the East Bay.",2026-10-07,2026-10-07T19:00:00-07:00,2026-10-07T23:00:00-07:00,East Bay,,Clubsocial Technologies Inc.,Application,true,,,sell; meet; fun,GTM & sales; AI,Parties & raves; Networking & mixers,https://partiful.com/e/FQfzaixxDJrOToXLcdZX,1
298e4880-7a9c-414f-bb18-3d2c018f97c0,Women Who Build San Francisco,Women Who Build San Francisco,Meet and mingle with an inspiring community of executive women across San Francisco while discovering a curated selection of local women-owned businesses and vendors.,2026-10-07,2026-10-07T11:30:00-07:00,2026-10-07T14:00:00-07:00,FiDi (SF),,PwC,Application,true,,41,build; meet,,Coffee & breakfast; Networking & mixers,https://partiful.com/e/mfQdlkluOkBwmKkirJhO,3
29c59aba-8047-4ef8-aec8-d68657849dbc,Embodied AI Happy Hour,Embodied AI Happy Hour,Join Uthana for an informal happy hour bringing together people exploring Embodied AI.,2026-10-07,2026-10-07T16:00:00-07:00,,SOMA,,Uthana Inc,Application,true,,,meet,AI; Robotics & hardware,Happy hours & drinks; Networking & mixers,https://partiful.com/e/lPS57LaHMRwdSZiGoW5t,2
29e4c92e-397e-4905-b452-5a4a335ef136,Far From the Frontier,Far From the Frontier,"A Tech Week evening for Black folks in AI, cohosted with Fana Labs.",2026-10-07,2026-10-07T17:00:00-07:00,2026-10-07T19:00:00-07:00,Downtown (SF),,Fana Labs and The Tribe Collective,Application,true,,,meet,AI,Happy hours & drinks; Panels & firesides,https://partiful.com/e/rmHzgSeqOPk9MfqNMNWY,2
2af5b5d3-33b9-4568-be3c-14ea942961fe,"Fireside Chat With Henry Ward, CEO of Carta","Fireside Chat With Henry Ward, CEO of Carta","Join us for a fireside chat with Henry Ward, CEO & Co-Founder of Carta, on what it takes to build and scale companies today. The conversation will explore the changing founder journey, lessons from building Carta, how AI is reshaping company-building, and where the startup ecosys…",2026-10-07,2026-10-07T17:30:00-07:00,,Rincon Hill,,Georgian Innovation Hub,Unknown,false,,,,AI; Finance,Panels & firesides,https://partiful.com/e/OYLJ1qWQzauzGytsQ9UH,2
2b537215-8964-41f4-b50f-ac3466a78b0f,Agentic Knowledge Happy Hour,Agentic Knowledge Happy Hour,"We're pulling together agentic builders, engineers, founders, and the AI-curious for an evening of conversations, a few live demos, great energy, and drinks.",2026-10-07,2026-10-07T18:00:00-07:00,,SOMA,,Pinecone,Application,true,,526,build; meet,AI,Happy hours & drinks; Networking & mixers,https://partiful.com/e/v6nBj3CCfP9ZwfcyHMNT,1
2ca11479-640c-4045-986f-3440aa69f867,VC & Founders Reception,VC & Founders Reception,"A warm welcome to an exclusive SwenodeAI founders reception, sponsored by Nebius.",2026-10-07,2026-10-07T17:00:00-07:00,2026-10-07T20:00:00-07:00,Palo Alto,,Swenode.ai,Unknown,false,,,raise; meet,AI,Dinners; Networking & mixers,https://partiful.com/e/xnIeoJ2tzkupJzOM6hrm,0
2ca62a0e-c21d-4b86-9400-a5f321f4a481,Agentic AI Design & 3D Metal Printing - Precixion Dinner,Agentic AI Design & 3D Metal Printing - Precixion Dinner,Agentic AI Design & 3D Metal Printing in Defense and Space.,2026-10-07,2026-10-07T19:00:00-07:00,,Downtown (SF),,Precixion Inc.,Application,true,,6,meet,AI,Dinners,https://partiful.com/e/XndiiFAuAyvP0BI1eOQ4,0
2d5968d3-a675-4072-a6be-06c87488a6c6,Startup Padel Tournament,Startup Padel Tournament,"Step away from the panels and networking receptions for an evening of padel, friendly competition, and great company.",2026-10-07,2026-10-07T17:30:00-07:00,2026-10-07T19:30:00-07:00,FiDi (SF),"Park Padel, 4 Embarcadero Center, San Francisco, CA",Tavily,Application,true,,34,meet,AI; Finance,Networking & mixers,https://partiful.com/e/cUyybXCa5SLSxaKsRDAb,3
2dce78ae-9cd0-49e8-8da1-9443aac46fb0,The Oasis @ SF Tech Week - Finding Ikigai,The Oasis @ SF Tech Week - Finding Ikigai,"Each one blends 'co-flow' drop-in time with curated collaborative programming: roundtable discussions, fireside chats, and mentor office hours, and seeds Flowstate Sparks, structured artifacts that keep the conversation going long after…",2026-10-07,2026-10-07T13:00:00-07:00,2026-10-07T17:00:00-07:00,FiDi (SF),,"Vibe Space, AI Collective, Flowstate",Application,true,,131,build; meet,AI,Panels & firesides; Hackathons & workshops,https://partiful.com/e/HlvmeWlpkwstBWZpPhBK,3
2e659926-adb7-45d9-b3e4-04e09ce29922,Launch & Scale Your Fractional Business,Launch & Scale Your Fractional Business,"Join a fractional, a consultant, an advisor, and the founder of a platform connecting self-starters to jobs and resources for a lively talk on how to build a business on your own terms and what it takes to be successful and build a…",2026-10-07,2026-10-07T14:00:00-07:00,2026-10-07T16:00:00-07:00,Jackson Square,"9Zero Inc., San Francisco, CA 350 California Street, San Francisco, CA, 94194",A Good Reputation,Unknown,false,,38,meet,Media & entertainment,Panels & firesides,https://partiful.com/e/ADQ48cPVt0VzJevNMxYq,4
3015888a-b243-40a4-8f8c-01c508922e8d,Voice agents for the next Billion users.,Voice agents for the next Billion users.,"For anyone building voice agents or thinking about it, let's talk about what's actually working, what's not, and maybe even reach beyond the English speaking world.",2026-10-07,2026-10-07T18:00:00-07:00,,Downtown (SF),"Richmond District, San Francisco, CA",Large Language Platform,Application,true,,126,build; meet,AI,Happy hours & drinks; Networking & mixers,https://partiful.com/e/5khZtf6YGjYXehL7CiPe,0
30cdae84-8dc4-46e9-903f-0fbf877d6871,"Google for Startups & NVIDIA: Scaling Velocity, Open Infrastructure, and Frontier AI","Google for Startups & NVIDIA: Scaling Velocity, Open Infrastructure, and Frontier AI","Acceptance for this timeslot grants you the flexibility to customize your experience: catch your choice of headline speakers, drop in for specific sessions, or step away at any time to check out live demos, grab a coffee, and connect in…",2026-10-07,2026-10-07T12:30:00-07:00,2026-10-07T17:15:00-07:00,SOMA,,Google for Startups,Application,true,,,build,AI,Panels & firesides,https://partiful.com/e/DH6cYUdnnwdmcVhZgyT4,14
324757e7-ed59-4377-8c67-02fb90ddf3e2,"Early-Stage GP Lunch, hosted by Giano Capital","Early-Stage GP Lunch, hosted by Giano Capital","An invite-only lunch for early-stage fund managers, hosted by Alberto Chalon and Andreas Wiele of Giano Capital at The Battery's Library.",2026-10-07,2026-10-07T12:00:00-07:00,2026-10-07T15:00:00-07:00,Jackson Square,"The Battery, The Library Room, 717 Battery St, San Francisco, CA",Giano Capital,Application,true,,,raise; meet,Finance; AI,Coffee & breakfast; Networking & mixers,https://partiful.com/e/NbzfdAw4jHvZRx4cQ9kD,4
32483462-0be5-420f-9a4c-f3a14c6dee29,"CEO Confessions: Town, Augment and their Coaches","CEO Confessions: Town, Augment and their Coaches","Join the conversation between two CEO’s, Jean-Denis Greze of Town (Plaid, Dropbox) and Scott Dietzen (Pure Storage, Augment Code) with their coaches Joe Dunn and Stephanie Usry.",2026-10-07,2026-10-07T17:00:00-07:00,2026-10-07T19:00:00-07:00,Telegraph Hill,,"Clutch, Cloudbreak",Application,true,,298,meet,AI,Happy hours & drinks; Panels & firesides,https://partiful.com/e/EQVHCcOrPV6clFpoqJQK,5
3269bc80-67c0-45fa-a7d2-a2d417e2dc27,Human + Agents: Who Wins in the New Workforce?,Human + Agents: Who Wins in the New Workforce?,"They're starting to do the work: writing code, running outbound, sourcing candidates, closing tickets.",2026-10-07,2026-10-07T16:00:00-07:00,2026-10-07T18:00:00-07:00,Downtown (SF),,Metix.ai,Application,true,,81,build; meet,AI,Networking & mixers; Panels & firesides,https://partiful.com/e/afHGzxLPWElcfrfyTS5D,2
32958dd2-8274-4885-b27b-63c9991b3db6,WOMEN IN AI/ML — HOSTED BY LILA,WOMEN IN AI/ML — HOSTED BY LILA,,2026-10-07,2026-10-07T08:30:00-07:00,2026-10-07T15:30:00-07:00,SOMA,"Trellis, 981 Mission St [Main Hall], San Francisco, CA",LILA Sciences,Application,true,,56,build; meet,AI,Coffee & breakfast; Networking & mixers; Hackathons & workshops,https://partiful.com/e/SD3GEgeitBZ8h44lESsF,3
33263492-658c-424b-9192-58f3d7c9a68d,Founders Tech Night Pub Crawl,Founders Tech Night Pub Crawl,"We're taking founders on a walking tour of 3 of San Francisco's most storied bars, within a few blocks of North Beach and Chinatown.",2026-10-07,2026-10-07T18:00:00-07:00,,North Beach,"Vesuvio Cafe, 255 Columbus Ave, San Francisco, CA",ReInvestWealth,Application,true,,83,meet,AI,Happy hours & drinks,https://partiful.com/e/bUuk0Hu3OYpgdfc23UbW,0
33353f01-3fa5-4089-898a-be766587e7c3,Fintech Reception with Scalepoint & Manatt,Fintech Reception with Scalepoint & Manatt,"Join us for a happy hour that’s all about big ideas, bold connections, and sublime surroundings.",2026-10-07,2026-10-07T18:00:00-07:00,2026-10-07T21:00:00-07:00,FiDi (SF),,"Scalepoint, Manatt",Application,true,,,raise; meet,Finance; AI,Happy hours & drinks,https://partiful.com/e/UTRWWoa4u9d72jyToMD1,2
33355d2d-ddac-4da6-b087-2cd1744da578,Building Production-Grade AI Agents for Regulated Industries,Building Production-Grade AI Agents for Regulated Industries,A talk and a dinner for people shipping AI where being wrong is a compliance event.,2026-10-07,2026-10-07T18:00:00-07:00,2026-10-07T21:00:00-07:00,FiDi (SF),,interface.ai,Application,true,,,build; meet,AI; Finance,Dinners,https://partiful.com/e/tsv2I7ZpG7ju7IZu9Tnt,2
341f73e3-6a13-4c14-acf3-718cf5de6998,Building the Onchain Capital Stack,Building the Onchain Capital Stack,"Host of Stabledash will moderate this discussion mapping the full stack: network, assets, payments and what treasurers should actually be evaluating today.",2026-10-07,2026-10-07T17:30:00-07:00,2026-10-07T19:30:00-07:00,Jackson Square,,"Kindred Ventures, Stable Sea",Application,true,,,raise; build; meet,Finance,Happy hours & drinks; Networking & mixers; Panels & firesides,https://partiful.com/e/NOyPEpmBOYAxWCojU1iQ,1
34bf869b-95cb-439e-a6fd-77b07a48fe21,"🎹 LIVE CONCERT ""Pursuit of Happiness"": Demonstration of Whitney Device by Uhura Bionics at","🎹 LIVE CONCERT ""Pursuit of Happiness"": Demonstration of Whitney Device by Uhura Bionics at","The evening combines a live hardware demo, a concert, hands-on product experience and time to meet people.",2026-10-07,2026-10-07T18:00:00-07:00,2026-10-07T22:00:00-07:00,Mission,"Mr. Tipple's Jazz Club, 39 Fell St, San Francisco, CA",Uhura Bionics,Application,true,,,build; sell; meet,AI; Health & biotech,Dinners; Happy hours & drinks,https://partiful.com/e/CiWnDUw4k3MeebEm4jmB,4
351924c8-bb3b-4f4e-80fd-a887307cea65,From Exit to LP: Founders & Family Offices Deploying Into AI,From Exit to LP: Founders & Family Offices Deploying Into AI,"Geek Ventures is bringing together a carefully selected group of GPs and LPs (family offices, institutional investors, HNWIs, and other long-term capital allocators) in San Francisco for an evening of conversations,…",2026-10-07,,,FiDi (SF),,Geek Ventures,Application,true,,,raise; meet,AI; Finance,Happy hours & drinks; Networking & mixers; Panels & firesides,https://partiful.com/e/Cb4NR1ZyEcSWhTsLZVQx,3
355e20c1-645b-4e5b-837d-fc470fbe1e4a,CTRL Escape Room Hackathon,CTRL Escape Room Hackathon,This is an agentic hackathon built for people who want to experience what it feels like to build in a world where software can increasingly work alongside you.,2026-10-07,2026-10-07T12:00:00-07:00,2026-10-07T18:00:00-07:00,Alamo Square,,"Center for The Future (Hack Week), HCB by Hack Foundation",Application,true,,,build,AI; Media & entertainment,Hackathons & workshops,https://partiful.com/e/8LTIdLAmYyxfse2BueCB,3
3590f991-1e5c-44af-bccf-b87ed75dd33e,[Cruchbase Workshop] How To Build Your Investor Shortlist,[Cruchbase Workshop] How To Build Your Investor Shortlist,"Join the Crunchbase Product team for a 45-60 minute, hands-on workshop to identify investors that align with your stage, industry, location, and fundraising goals. Leave with a focused shortlist and clearer outreach priorities.",2026-10-07,2026-10-07T10:00:00-07:00,,SOMA,,Crunchbase,Unknown,false,,,raise; build,AI; Finance,Hackathons & workshops,https://partiful.com/e/F9JSNMgXuEyDedXqxrJU,0
35d9ac74-082d-466e-bb46-88ab77fdc2ee,British Tech Street Festival,British Tech Street Festival,"Discover 50+ innovative, investment-ready UK companies through our digital showcase.",2026-10-07,2026-10-07T17:00:00-07:00,2026-10-07T20:00:00-07:00,Union Square (SF),,British Consulate SF,Application,true,,,raise; build; meet,AI,Networking & mixers; Demos & pitches,https://partiful.com/e/6q3Mh8OjhnQPzEg6otuw,3
37c95029-065d-44e3-91a1-05d7bc53266e,Prompted: Wharton Tech Toks x LSPT,Prompted: Wharton Tech Toks x LSPT,"🎬 This is an official Tech Week event backed by Wharton Tech Club, bringing together leaders building at the intersection of media, AI, and consumer tech with exec/select full-time MBAs.",2026-10-07,2026-10-07T16:00:00-07:00,2026-10-07T18:00:00-07:00,Embarcadero,https://cglink.me/2cz/r125084,"The Wharton School Tech Club, Linen Suit & Plastic Tie",Application,true,,54,,Media & entertainment; GTM & sales; AI,Panels & firesides,https://partiful.com/e/ovKJxaaglJHq741fH9Po,3
37eb6555-7006-4ba2-8345-71fb1d1c366a,Rethinking Venture Allocation: Where Should LPs Put Their Venture Dollars Now?,Rethinking Venture Allocation: Where Should LPs Put Their Venture Dollars Now?,"Venture has changed dramatically over the past few years. Capital has concentrated among a smaller group of large platforms, emerging managers are competing to demonstrate differentiated access and alpha, and more LPs are building direct and co-investment programs of their own.",2026-10-07,2026-10-07T17:30:00-07:00,2026-10-07T19:30:00-07:00,Mission,,Savant Ventures,Unknown,false,,,raise,AI; Finance,Panels & firesides,https://partiful.com/e/BYLH0QxlxnvpAzypv3VP,4
380172a3-d196-472e-83f4-1605cfb63e45,AWS Expert Booth - #Startups@AWS,AWS Expert Booth - #Startups@AWS,Running all day alongside our other events: an open booth staffed by AWS Solutions Architects and startup specialists.,2026-10-07,2026-10-07T10:00:00-07:00,2026-10-07T17:00:00-07:00,Downtown (SF),,AWS,RSVP,false,,141,build; meet,AI,Networking & mixers; Hackathons & workshops,https://partiful.com/e/xJHbK93oxTOcTXn3hCoi,3
38e3cf76-7494-4a4e-97d4-023834456c5e,Future Museum Series: Museums in the Age of AI,Future Museum Series: Museums in the Age of AI,"The event includes a panel discussion followed by a Q&A session, and networking.",2026-10-07,2026-10-07T18:00:00-07:00,,Telegraph Hill,,Swissnex in San Francisco,Application,true,,82,meet,AI; Media & entertainment,Panels & firesides,https://partiful.com/e/2KwA1chsku1jMFeSbZbb,5
399508b6-5637-4e66-a961-9d67a7d1e9c4,"Sextech, AI & Future of Intimacy: CAN AI FEEL YOU","Sextech, AI & Future of Intimacy: CAN AI FEEL YOU","Every day, we generate thousands of invisible signals: movement, voice, behavior, attention, biometrics, preferences, emotional cues, and increasingly intimate data.",2026-10-07,2026-10-07T18:00:00-07:00,,SOMA,"Frontier Tower, 995 Market St, San Francisco, CA",xVibe AI,Application,true,,107,raise; meet,AI; Finance; Media & entertainment,Networking & mixers; Panels & firesides,https://partiful.com/e/GO1VOiU8cpMkZLk0qRef,0
3a168f42-340a-402a-a5fd-3732c6e61585,UK AI Hardware Plan,UK AI Hardware Plan,"Hosted by the British Consulate in San Francisco - Join technology leaders, investors, founders and policymakers for a keynote discussion on the UK's AI Hardware Plan and the opportunities it creates across the UK and US innovation…",2026-10-07,2026-10-07T16:00:00-07:00,2026-10-07T17:00:00-07:00,Union Square (SF),,British Consulate SF,Application,true,,,meet,AI; Robotics & hardware,Networking & mixers; Panels & firesides,https://partiful.com/e/vYWYVvKrK1xOzBFCLsFd,13
3ac63387-2b47-4554-ae3f-582b58bc5234,The Future of Member Networks - Lunch & Learn,The Future of Member Networks - Lunch & Learn,"Join Jonathan Padilla, founder of Exonome, for an intimate SF Tech Week lunch with a small group of leaders from associations, chambers, professional networks, family business communities, and other membership-driven organizations.",2026-10-07,2026-10-07T11:30:00-07:00,2026-10-07T14:00:00-07:00,Downtown (SF),,Exonome,Application,true,,16,meet,,Coffee & breakfast; Networking & mixers,https://partiful.com/e/TGukx4OJvQYZB2gmH5UO,3
3b44ab1a-df33-4bea-ab0a-c8ec30d93f06,"SF Poker - by Tandem, Foundation, Hitachi Ventures, & Deel","SF Poker - by Tandem, Foundation, Hitachi Ventures, & Deel",🃏 Tandem Intelligence Inc. x Foundation Capital x Hitachi Ventures x Deel Poker Night,2026-10-07,2026-10-07T18:30:00-07:00,2026-10-07T22:30:00-07:00,FiDi (SF),,Tandem Intelligence Inc.,Unknown,false,,,,AI,,https://partiful.com/e/EQUdmKmRoSwOa16DTt80,0
3b61694c-3ed6-4bf8-b54b-c364b66d5934,Build Personal AI with Coding Agents - #SF TechWeek,Build Personal AI with Coding Agents - #SF TechWeek,"Join founders and investors building and backing this next wave of consumer AI for a candid conversation on what users actually want from increasingly personal AI experiences, where real engagement and retention are emerging, how trust…",2026-10-07,2026-10-07T12:00:00-07:00,2026-10-07T18:00:00-07:00,SOMA,,Timing,Application,true,,192,raise; build; meet,AI; Finance,Networking & mixers; Panels & firesides,https://partiful.com/e/ueTU4FKbsep0oN5MAtU8,2
3b776396-faec-4759-9b4e-32e3bed2d6d5,SELL TO AMERICA: The Brutally Practical US GTM Playbook,SELL TO AMERICA: The Brutally Practical US GTM Playbook,Great products don’t automatically cross borders.,2026-10-07,2026-10-07T15:00:00-07:00,2026-10-07T17:00:00-07:00,Other,,TiE Mumbai,Application,true,,82,sell,GTM & sales,Panels & firesides,https://partiful.com/e/BZGIw6j0S4ktJwMEOkYT,0
3b9cb867-dfaa-4642-9af3-ea75412d40a0,🤝 MATCH HOUSE San Francisco,🤝 MATCH HOUSE San Francisco,2PM - AI and HealthTech Pitch Competition (see below),2026-10-07,2026-10-07T12:00:00-07:00,2026-10-07T17:00:00-07:00,Downtown (SF),"715 Harrison St, San Francisco, CA","MATCH HOUSE, Boop, FirstGlance",Application,true,,,raise,AI; Finance,,https://partiful.com/e/xK3d559vfUGIIipkw8yp,2
3cbaa607-16ce-4a4c-8c8e-57d6f43749c7,Global Builders Mixer,Global Builders Mixer,"Join us for a high-signal evening connecting the world's sharpest engineers, technical operators, cross-border growth founders, and active investors.",2026-10-07,2026-10-07T18:00:00-07:00,2026-10-07T21:00:00-07:00,Downtown (SF),,Malaika Commons,Application,true,,120,raise; build; meet,AI; Finance,Networking & mixers,https://partiful.com/e/Fknif0nwME0Gw2WAShtF,1
3cbc1d2a-c9a3-479f-a56c-32fbea776404,Worlds in Progress,Worlds in Progress,,2026-10-07,2026-10-07T18:30:00-07:00,,Downtown (SF),,"Visko Platform, Google",Unknown,false,SoldOut,,raise; build,AI; Media & entertainment,Panels & firesides; Demos & pitches; Hackathons & workshops,https://www.tech-week.com/calendar/sf,0
3cd6887d-56a3-42ab-869b-742b68330aa2,"Happy Hour with Slash, Goodwater Capital & Collide Capital","Happy Hour with Slash, Goodwater Capital & Collide Capital",By Wednesday of Tech Week you'll have shaken 200 hands and remembered 6 names.,2026-10-07,2026-10-07T18:00:00-07:00,2026-10-07T21:00:00-07:00,SOMA,,"Slash, Collide Capital",Application,true,,133,raise; meet,AI; Finance,Happy hours & drinks,https://partiful.com/e/EqWZJDyIJblM4j0EythN,3
3d15de19-d981-4456-a9cf-f143e1434292,From Equity to Address,From Equity to Address,Your equity vested. Your company raised. Or you're just tired of playing the SF rent  game.  Now what?,2026-10-07,2026-10-07T09:00:00-07:00,2026-10-07T10:30:00-07:00,Mission Bay,,Williams Home Group,Unknown,false,,,meet,,Networking & mixers; Panels & firesides,https://partiful.com/e/xiP6le8gokQbrSquixF1,1
3d2b4e5a-323c-408c-9082-abc7c16c8254,Entrepreneurs First October '26 Demo Day,Entrepreneurs First October '26 Demo Day,"Showcasing the most ambitious early-stage founders and the companies they’ve built from scratch across our programs in Europe, India, and the US.",2026-10-07,2026-10-07T15:00:00-07:00,,FiDi (SF),,Entrepreneurs First,Application,true,SoldOut,,raise; build,AI; Finance,Demos & pitches,https://partiful.com/e/xHAIfZQPMDD45bxcVOL8,0
3dba3667-30af-4ad9-b7e8-a547f484fb78,Jaspers Terminal Private Pre-Launch & Functional Cocktails Party,Jaspers Terminal Private Pre-Launch & Functional Cocktails Party,"Jaspers Terminal is launching during #SFTechWeek as a free, open-source platform for agentic investment research. Join us during TechWeek for a private group demo with founders, AI researchers, and portfolio managers. Explore cutting-edge research agents and sample functional coc…",2026-10-07,2026-10-07T19:00:00-07:00,,SOMA,,Jaspers Inc,Unknown,false,,,meet; fun,AI; Finance,Happy hours & drinks; Networking & mixers,https://partiful.com/e/bBqgYEyTG4iUVwRmVkrM,1
3e1eb588-29d7-401f-8037-78f0fbbc954e,FOIL & TECH,FOIL & TECH,"For Tech Week, trade your laptop for a foiling and join a crew of founders, investors, and operators for an unforgettable afternoon on the water.",2026-10-07,2026-10-07T15:00:00-07:00,,Marina,"To the left on the beach of St Francis, 700 Marina Blvd, San Francisco, CA","Only Text, 101 Sports, HSBC",Application,true,,,meet,AI; Robotics & hardware,Networking & mixers,https://partiful.com/e/QeuDrPtIEYCI2EXN5W43,4
3f59057f-ce82-40fc-9643-8e85bd21e647,Founder and Investor Lounge,Founder and Investor Lounge,"Join Maven Ventures, Catalyze, Gunderson Dettmer’s client community platform, and SVB, for founders and investors, for a come-and-go space designed to give you a quick break between a packed schedule of events.",2026-10-07,2026-10-07T11:00:00-07:00,2026-10-07T14:00:00-07:00,SOMA,,"Gunderson Dettmer, SVB",Application,true,,,raise; meet,AI,Networking & mixers,https://partiful.com/e/fvuiH6TNufVndQA0I2t5,0
3f6cac05-1213-452d-a184-704f38b3d96f,UK Unicorns & Rising Stars,UK Unicorns & Rising Stars,"Hosted by the UK Department for Business, Innovation, Science and Trade (BIST), this showcase highlights the UK's billion-dollar success stories and the next generation of world-class, breakout technology companies.",2026-10-07,2026-10-07T10:00:00-07:00,2026-10-07T12:00:00-07:00,Union Square (SF),,British Consulate SF,Application,true,,,raise; build,AI; Robotics & hardware,Panels & firesides; Demos & pitches; Hackathons & workshops,https://partiful.com/e/GK24S3gh8fSJWHJt7JW3,5
405f903a-54e8-44d4-977d-a3ea9f6688d0,Intent is the New Security Perimeter | Context is King,Intent is the New Security Perimeter | Context is King,"Join us for a happy hour and a discussion on how AI evolves from answering questions to autonomously taking actions, identity alone is no longer enough to establish trust.",2026-10-07,2026-10-07T16:00:00-07:00,2026-10-07T18:00:00-07:00,NOPA,,Privaclave AI,Unknown,false,,,meet,Finance; Health & biotech,Happy hours & drinks; Panels & firesides,https://partiful.com/e/exIGbrRg7mcLCyXUulXQ,3
406b649e-24c9-484c-838a-5f3e97d656b3,Ship Like a Baddie: Build an AI Product or Automate a Workflow,Ship Like a Baddie: Build an AI Product or Automate a Workflow,"Ship Like a Baddie is a hands-on AI product hackathon where you'll take one idea from strategy to prototype to working product to a live, instrumented MVP with an analytics dashboard.",2026-10-07,2026-10-07T11:00:00-07:00,2026-10-07T16:00:00-07:00,Other,"SOMA, SF & also Online","AI Founder Playbook by Byte&Chord, Inc",RSVP,false,,,build; meet,AI; Media & entertainment; GTM & sales,Hackathons & workshops; Coffee & breakfast,https://partiful.com/e/LWLwNu1IOgyHjy9oJrt9,5
415b62d0-98e7-4cb1-968a-1cce802abd9f,🤖 Is Data the Bottleneck for Embodied Agents?,🤖 Is Data the Bottleneck for Embodied Agents?,Scaling laws came from a domain with a free corpus.,2026-10-07,2026-10-07T17:45:00-07:00,2026-10-07T20:00:00-07:00,East Bay,"1950 Broadway, Oakland, CA",Cognitive Intelligence Company,Application,true,,,build,AI,Hackathons & workshops,https://partiful.com/e/5J7R9rHIEHplthtOTXiQ,0
41e1a1a3-04bb-448b-8fd4-b1a534511c9a,Advertising & Marketing Mixer,Advertising & Marketing Mixer,"If you're in Advertising & Marketing, this is a chance to connect with other smart people",2026-10-07,2026-10-07T18:00:00-07:00,2026-10-07T20:00:00-07:00,SOMA,,Technology Founders of America,RSVP,false,,203,sell; meet,GTM & sales; AI; Media & entertainment,Networking & mixers; Happy hours & drinks,https://partiful.com/e/yzv9GuJBEMZJUk5PwX25,2
450fd0b7-12d3-420c-92dc-0634b984ac92,Deep Tech Investor Breakfast,Compare deep-tech deals and diligence with fellow investors,Join Renegade Partners and a16z speedrun for an exclusive breakfast gathering focused on deep tech investing.,2026-10-07,2026-10-07T09:00:00-07:00,,Jackson Square,,"Renegade Partners, a16z Speedrun",Application,true,,178,raise; meet,AI; Finance,Coffee & breakfast,https://partiful.com/e/l2OOsMB3MHZJ9b8lzhmq,2
45139b8e-baff-4bd8-ba3a-47f76355378f,"Game Dev - Investor Vs Publisher Workshop 

#SFTech Week","Game Dev - Investor Vs Publisher Workshop 

#SFTech Week","What to expect: Interactive live-action game, small teams, some friendly chaos, snacks/drinks.",2026-10-07,2026-10-07T18:00:00-07:00,,Fisherman's Wharf,,"Rodotino Studios, LLC",Application,true,,,raise; build; fun,Media & entertainment,Hackathons & workshops,https://partiful.com/e/lQBcTp73CMmpLRuNYKdi,1
45290de3-60b7-4322-a9c2-4b2d6bbe1991,Body Intelligence Summit 3.0,Body Intelligence Summit 3.0,📌 What Makes This Different,2026-10-07,2026-10-07T16:00:00-07:00,2026-10-07T19:00:00-07:00,Mountain View,,ViiRaa Inc.,Unknown,false,,,meet,AI; Health & biotech,Networking & mixers; Panels & firesides,https://partiful.com/e/C4L9lY5RrnTZJ39Zb3fD,2
4679acd9-09a6-4139-a528-0418c6f9117b,MEET LILA,MEET LILA,"LILA builds AI systems that run the scientific method from hypothesis to experiment to result, inside autonomous labs.",2026-10-07,2026-10-07T13:00:00-07:00,2026-10-07T16:00:00-07:00,SOMA,"Trellis Coworking & Events, 981 Mission St [Main Hall], San Francisco, CA",LILA Sciences,Application,true,,38,meet,AI,Coffee & breakfast; Networking & mixers,https://partiful.com/e/jxtyCAqL4xcVT5dw9PbT,3
481da725-1538-4799-95c2-2ba97a7a92af,Women in Media & Tech Wellness Mixer,Women in Media & Tech Wellness Mixer,"During SF Tech Week, Spring Fertility and Our Third Place (O3P) are bringing women in media and tech together for an evening of conversation, connection, and women’s health.",2026-10-07,2026-10-07T18:30:00-07:00,2026-10-07T21:00:00-07:00,FiDi (SF),,Our Third Place,Unknown,false,,,meet; fun,,Happy hours & drinks; Networking & mixers; Panels & firesides,https://partiful.com/e/ulHPf3YTPhFnBoCBRSj2,1
4825cdcc-88bc-4272-bc0e-7af904d0eaff,New Media Summit Presented by Yahoo + NEW ECONOMIES,New Media Summit Presented by Yahoo + NEW ECONOMIES,"The program will open with Dylan Abruscato, President of TBPN, in conversation with Ollie Forsyth, founder of NEW ECONOMIES, followed by a panel discussion with tech journalist Joanna Stern, Yahoo CCO Sona Iliffe-Moon, and Vox Media VP…",2026-10-07,2026-10-07T16:00:00-07:00,2026-10-07T19:30:00-07:00,SOMA,,"Yahoo, NEW ECONOMIES",Application,true,,,meet,Media & entertainment; AI,Happy hours & drinks; Networking & mixers; Panels & firesides,https://partiful.com/e/ikN02Dv0xyqIOfTx1Nka,10
48871de7-976f-4e2d-acc7-d989c2eee2af,Income & Spending Clinic: Afford San Francisco,Income & Spending Clinic: Afford San Francisco,"We’ll discuss real situations and give candid assessments, feel free to keep things high-level or get into the specifics.",2026-10-07,2026-10-07T14:00:00-07:00,2026-10-07T15:00:00-07:00,FiDi (SF),,Pie,Application,true,,58,raise; build,AI; Finance,Panels & firesides; Hackathons & workshops,https://partiful.com/e/zocAohLLSG0aT7jfCcqg,5
489a2f6c-4aef-4014-9db0-5cf4a9ca4049,Demos & Dim Sum,Demos & Dim Sum,"And of course, everyone leaves with sharper feedback than they came with, plus very good dumplings.",2026-10-07,2026-10-07T11:00:00-07:00,2026-10-07T13:30:00-07:00,Chinatown,,"The MBA Fund, Deel, Dent Capital, Manatt",Application,true,,,raise; build; meet,AI,Demos & pitches; Coffee & breakfast,https://partiful.com/e/WBHEUDs7uFJo6xSAyN2S,3
4985d894-3f12-4821-9c50-116b26d45750,The Future of Personalized Medicine,The Future of Personalized Medicine,Join us for an exclusive event bringing together visionary founders at the forefront of biotechnology to discuss the future of personal medicine.,2026-10-07,2026-10-07T18:45:00-07:00,2026-10-07T20:00:00-07:00,NOPA,,Aevitas,Application,true,,30,meet,Health & biotech,Networking & mixers; Panels & firesides,https://partiful.com/e/6LKjNShp9nSoeFZpJty4,1
49997d86-aecc-4fa7-9a02-7c4c299761fd,a16z Perennial - Founders Financial Future Collective,a16z Perennial - Founders Financial Future Collective,"Join a fireside discussion with Perennial's CIO, Michel Del Buono, T&E Advisory Expert, Brad Dillon, and Perennial VC PM, Mindy Isenstein.",2026-10-07,2026-10-07T12:00:00-07:00,2026-10-07T13:30:00-07:00,Downtown (SF),,a16z Perennial,Application,true,,181,build; meet,Finance; AI,Coffee & breakfast; Networking & mixers; Hackathons & workshops,https://partiful.com/e/6Qx969Gw7OgUV2iSH6gF,4
49c1a418-409c-4b25-b26c-4c95f7bc746e,VC/LP Meetup,VC/LP Meetup,Join top venture capitalists and limited partners for an exclusive networking evening during #SFTechWeek.,2026-10-07,2026-10-07T17:00:00-07:00,2026-10-07T20:00:00-07:00,FiDi (SF),"1050 Sansome St suite 200 San Francisco, CA 94111, USA",Founders Bay,Application,true,,115,raise; meet,Media & entertainment; AI; Finance,Networking & mixers,https://partiful.com/e/yqLxCjuBXQ9wrifpIJaK,9
4a41e2e2-0ed1-49f0-86ca-4f475a2a9dd6,Corgi X Infragrid,Corgi X Infragrid,"Join Corgi, Entrepreneurs First, and Infragrid (SR007) for a Demo Night at SF Tech Week!",2026-10-07,2026-10-07T19:00:00-07:00,,Dogpatch,"2146 3rd St, San Francisco, CA 94107","Infragrid, Corgi",Application,true,,124,build; meet,AI; GTM & sales,Happy hours & drinks; Networking & mixers,https://partiful.com/e/zaE62kAf1JUoZxtdT82h,3
4ac6d13c-c16f-4c55-bb43-c0c4a19a4e38,The New Building Blocks of Hardware,The New Building Blocks of Hardware,"After the discussion, we'll open up the room to share, get input, and work through challenges with Hardware Velocity, OpenMV, CPTI, and other hardware founders.",2026-10-07,2026-10-07T13:00:00-07:00,2026-10-07T16:00:00-07:00,Dogpatch,"SOSV SF 2565 3rd St Ste 318, San Francisco, CA 94107",Hardware Velocity,Application,true,,102,raise; build; meet,Robotics & hardware; AI; Finance; GTM & sales,Networking & mixers; Panels & firesides; Hackathons & workshops,https://partiful.com/e/zQFy1PzMn4A1pnZBQpFE,4
4bb20a7b-2b9b-4b1c-b78e-6fc4de516272,&cruise — SF ↔ Tokyo,&cruise — SF ↔ Tokyo,SF Tech Week is full of people building things.,2026-10-07,2026-10-07T16:00:00-07:00,2026-10-07T19:00:00-07:00,South Beach,,Verse,Application,true,,,meet,GTM & sales,Happy hours & drinks; Networking & mixers,https://partiful.com/e/ZP97mUfZwEe1J4CvelQp,2
4bd8e729-97fa-4153-821d-8d8eb7fd3f45,Supporting Tech Teams Through Rapid Change,Supporting Tech Teams Through Rapid Change,From Disruption to Direction...,2026-10-07,2026-10-07T09:00:00-07:00,,Virtual (SF),,STRATIVIS,Application,true,,,build,,Hackathons & workshops,https://partiful.com/e/pD2wtnF3eBjc9wIgCQkG,1
4be437fb-119b-4531-9ef0-cf70d5258d5a,"Robotics model, hardware and data quick hang w/ Pixelstwo","Robotics model, hardware and data quick hang w/ Pixelstwo",,2026-10-07,2026-10-07T17:00:00-07:00,2026-10-07T19:00:00-07:00,Mission,,Pixelstwo,Application,true,,,meet,Robotics & hardware; AI,Happy hours & drinks,https://partiful.com/e/13YAGGHHLUfzSZzhex1B,1
4c1f943d-c340-406f-888f-046fb733ac2d,Not My Startup: Pitch Night,Not My Startup: Pitch Night,"Every word optimized, every objection pre-empted, every ""so what's the moat"" answer rehearsed.",2026-10-07,2026-10-07T18:00:00-07:00,2026-10-07T21:00:00-07:00,Mission Bay,"Focus Innovation Studio, 181 2nd St, San Francisco, CA","Clerk, Tembo",Application,true,,229,raise; build; meet,AI; GTM & sales,Demos & pitches; Networking & mixers,https://partiful.com/e/sN4RirY69dqSM2wZrsLg,3
4c76745b-5546-479e-ae85-ed9b3d629855,"Solo, Not Alone: A Dinner for Solo Founders","Solo, Not Alone: A Dinner for Solo Founders",Calling peninsula and South Bay solo founders: Most of Tech Week pulls everyone north.,2026-10-07,2026-10-07T18:30:00-07:00,,Other,"Private Residence, Cupertino, Cupertino, CA",Kept,Application,true,,8,raise; meet,AI; Finance,Dinners,https://partiful.com/e/vNgRUiCmvQMwoRPZ2l6e,0
4d35b3f2-0df3-4da5-98bb-0cc5014c18c7,PRE-INCORPORATION TRAINING DAY: CREATE THE NEXT OPENAI FOUNDATION,PRE-INCORPORATION TRAINING DAY: CREATE THE NEXT OPENAI FOUNDATION,"Rauhmel Fox, CEO, WHO MENTORS YOU INC., will review and discuss the Certificate of Incorporation for (1) OPENAI FOUNDATION, (2) OPEN RESEARCH LAB, INC., and (3) SIGNAL TECHNOLOGY FOUNDATION in preparation to incorporate your own…",2026-10-07,2026-10-07T14:00:00-07:00,2026-10-07T16:00:00-07:00,Virtual (SF),,WHO MENTORS YOU INC.,Unknown,false,,24,raise; build,Media & entertainment; AI; Finance,Hackathons & workshops,https://partiful.com/e/TSrHtOKZQD65gTSOY4qz,1
4dcf5f68-2a5a-49f3-8e81-f3717e60ddd1,Roast My Product by Macroscope,Roast My Product by Macroscope,We’ll also have a surprise guest joining us for a live roast show.,2026-10-07,2026-10-07T16:30:00-07:00,2026-10-07T21:00:00-07:00,SOMA,,Macroscope,Application,true,SoldOut,,build,AI; GTM & sales,Hackathons & workshops,https://partiful.com/e/vr5XJ1dtTLiprhHVs39K,1
4e35408a-b9a6-481e-ac08-b437bb1e0fb9,AI Supper Club,AI Supper Club,"An intimate dinner with founders and operators building across AI: consumer AI, vertical AI, frontier labs, data, chips, and more.",2026-10-07,2026-10-07T18:00:00-07:00,,Other,,"Collaborative Fund, Stripe",Application,true,,23,meet,AI,Dinners,https://partiful.com/e/qVBtGHDJxf0JA3EwB29z,2
4ec3b0de-a316-4e28-ba8f-eb110c72b0c0,"Building an Inevitable Brand w/Block, Coinbase, Linear, Plaid, and Warp Leads","Building an Inevitable Brand w/Block, Coinbase, Linear, Plaid, and Warp Leads","Join us for a fun discussion on what it takes to build an inevitable brand for both humans and agents, as well as how to scale technical innovation while still maintaining design simplicity.",2026-10-07,2026-10-07T18:00:00-07:00,2026-10-07T21:00:00-07:00,Mission,"Arcana, 2512 Mission St, San Francisco, CA","warp.co, Linear",Application,true,,243,build; meet,AI,Happy hours & drinks; Networking & mixers; Panels & firesides,https://partiful.com/e/2RDOLZR1FZrXr63mLwPU,5
4f43d8a3-fd82-4eb0-ac96-cf4265ae6822,"Immigrant Founder Pitch - Unshackled, One Way, Geek Ventures & Dnipro.vc","Immigrant Founder Pitch - Unshackled, One Way, Geek Ventures & Dnipro.vc","From first-time founders to repeat entrepreneurs and the investors who back them, immigrant builders have shaped the most iconic technology companies in the world.",2026-10-07,2026-10-07T12:30:00-07:00,2026-10-07T15:00:00-07:00,FiDi (SF),"Georgian Innovation Hub, 135 Main St Floor 8, San Francisco, CA",Startup Grind,RSVP,false,,,raise; build,AI; Finance,Demos & pitches,https://partiful.com/e/aaQ9uZVC7iqOnZyjzHEp,5
4fb94feb-1b7a-45a5-bc9b-59220f4f736c,CZ/SK @,CZ/SK @,,2026-10-07,2026-10-07T18:00:00-07:00,2026-10-07T21:00:00-07:00,Downtown (SF),,"Slovak PRO, CzechBusiness",Application,true,,28,meet,,Happy hours & drinks; Networking & mixers; Panels & firesides,https://partiful.com/e/JujI7MwHKVRVVcAmViXr,1
50b61cf9-2a0c-4408-98e9-fdd75f96b968,Never Finished: The Next Chapter | Conversations on Reinvention,Never Finished: The Next Chapter | Conversations on Reinvention,"helped pioneer e-commerce, the next chapter of reinvention is already being written.",2026-10-07,2026-10-07T09:00:00-07:00,,Embarcadero,"Gap Inc. HQ, 2 Folsom St, San Francisco, CA","Gap Inc., Silicon Foundry",Application,true,,468,,AI,Panels & firesides,https://partiful.com/e/lqb1UAMj3QC5BvnuKMdi,10
516a4887-0451-40db-bc98-b957db8e60e1,Conversational AI x Gaming Hackathon,Conversational AI x Gaming Hackathon,,2026-10-07,2026-10-07T10:00:00-07:00,,Downtown (SF),,Mano Games,Unknown,false,,,build; meet,AI; Media & entertainment,Dinners; Networking & mixers,https://partiful.com/e/W25eAHOwujJeD9lJKTat,3
5187b5b1-ada8-42e3-8826-2f1f7ffae66a,Founders & Funders Breakfast with Qapita,Meet founders and funders over breakfast with Qapita,"We're kicking off the morning with great coffee, a fresh breakfast, and real conversations.",2026-10-07,2026-10-07T09:00:00-07:00,,Hayes Valley,,Qapita,Application,true,,178,raise; meet,AI; Finance,Coffee & breakfast; Networking & mixers,https://partiful.com/e/oLm1MfvjxtOAMkwLHagD,0
527d68e3-7bd1-4be2-9748-91c36fc770dc,Founder meets Marketing,Founder meets Marketing,"Founder-Led Marketing & Networking: Open Q&A and roundtable discussion on storytelling, brand positioning, and overcoming early-stage growth hurdles.",2026-10-07,2026-10-07T11:00:00-07:00,2026-10-07T14:00:00-07:00,Mountain View,,Aim-Hi,RSVP,false,,149,build; sell; meet,GTM & sales; AI; Media & entertainment,Networking & mixers; Panels & firesides; Hackathons & workshops,https://partiful.com/e/DgFEMGwxeYoVYXPI9hrJ,1
52c2a3b6-027f-49a4-a054-8882652e6e5e,Creativity in the age if AI,Creativity in the age if AI,"Join Pactto during Tech Week for an evening bringing together the people behind the ideas, campaigns, brands, and experiences that make companies stand out.",2026-10-07,2026-10-07T18:00:00-07:00,,Mission Bay,,Pactto,Application,true,,4,meet,AI; Media & entertainment,Happy hours & drinks; Networking & mixers,https://partiful.com/e/TsXEB0rZgQv07Zqcv82l,0
52d3d907-4c2f-4335-b2c1-51c908eaa32b,The Musa Labs Hackathon,The Musa Labs Hackathon,Then walk eight blocks and join the rest of Tech Week — the evening belongs to the city.,2026-10-07,2026-10-07T12:00:00-07:00,2026-10-07T17:00:00-07:00,Downtown (SF),,"Musa Capital, Stonebyte, Tokenly",Application,true,,122,raise; build,AI; Finance,Hackathons & workshops,https://partiful.com/e/tjiOWQ6R0REOGWjUZ3Kf,1
52e18337-9f56-4092-9a0b-733f56da68e3,Factory Reset: Hot Takes on the Agentic SDLC,Factory Reset: Hot Takes on the Agentic SDLC,Join CodeRabbit and teams from across the developer-tooling ecosystem for an evening of short talks and candid conversations about what’s actually working—and what’s still hype.,2026-10-07,2026-10-07T17:00:00-07:00,,Embarcadero,,CodeRabbit,Application,true,,303,build; meet,AI,Dinners; Networking & mixers; Panels & firesides; Hackathons & workshops,https://partiful.com/e/exWx7a1IROFTxR1KWktI,1
52e1fb14-c4ef-4c02-87e1-2d49b8103ffd,The New GTM Stack for Telehealth (0→1 & 1→10 ),The New GTM Stack for Telehealth (0→1 & 1→10 ),"The GTM playbook looks very different when you’re trying to find your first 100 patients versus trying to scale to the next 10,000.",2026-10-07,2026-10-07T16:00:00-07:00,,FiDi (SF),"Financial District, San Francisco, CA",Superderma AI,Application,true,,48,build; sell,GTM & sales; Health & biotech,Hackathons & workshops,https://partiful.com/e/4FcNhhAe3usTZdhuvYiY,2
53130a27-3a75-474e-a32e-9ea0684865a5,Women backing Women,Women backing Women,"This is a curated, high-intent room with strictly limited capacity to ensure genuine relationships and strategic alignment.",2026-10-07,2026-10-07T09:30:00-07:00,2026-10-07T12:00:00-07:00,Downtown (SF),,Sisters female founders initiative,Application,true,,315,raise; meet,AI; Finance,Coffee & breakfast; Networking & mixers; Panels & firesides,https://partiful.com/e/fh5dbFG8D2CWl7IVxqGK,6
53963adf-df19-4c94-a044-fe0996d9bec2,Truffle Security Dinner at Quince,Truffle Security Dinner at Quince,"Enjoy a specially crafted seasonal menu featuring farm-to-table ingredients from Fresh Run Farm, while networking with fellow security professionals and sharing industry perspectives over world-class cuisine.",2026-10-07,2026-10-07T18:00:00-07:00,,Jackson Square,"Quince, 470 Pacific Ave, San Francisco, CA",Truffle Security,Application,true,,9,meet,AI,Dinners,https://partiful.com/e/8OS1KnVOGFiGRnXTSoqI,1
55d1d827-8edf-44ad-872d-e94590eeb0e7,NOCHE DE LOTERÍA,NOCHE DE LOTERÍA,"Lotería Night, SF Tech Week
Hosted by OnlyExit.ai and Pesito.La",2026-10-07,2026-10-07T19:30:00-07:00,,Mission,,Pesito and OnlyExit.ai,Unknown,false,,,meet,Finance,Happy hours & drinks; Networking & mixers,https://partiful.com/e/kqeHy7wDKBWBiKCCeT6H,1
562bf1be-fead-4415-94ba-f82bbf39489d,A Patent-Pending Party,A Patent-Pending Party,,2026-10-07,2026-10-07T14:00:00-07:00,,Downtown (SF),"Morgan Lewis, 600 Montgomery St, San Francisco, CA",moatly™,Application,true,,,raise; build; fun,AI; Finance; GTM & sales,Parties & raves; Hackathons & workshops,https://partiful.com/e/Z8iz0bnRtrzGLoeDuwFG,3
56d9e118-7e7c-46f3-a338-cc7189301a0b,How GTM Teams are Deploying AI,How GTM Teams are Deploying AI,"Join a lively panel and networking session exploring how GTM leaders are deploying AI today, from build vs.",2026-10-07,2026-10-07T17:30:00-07:00,2026-10-07T19:30:00-07:00,FiDi (SF),"WestCap Office, 590 Pacific Ave, San Francisco, CA",Pavilion Gold,Application,true,,236,sell; meet,AI; GTM & sales,Happy hours & drinks; Networking & mixers; Panels & firesides,https://partiful.com/e/PJuRs2y2AxuxIujs58kW,4
56f4f9cc-e635-4642-986e-d9fff71138ea,"AI Demo: Alumni Ventures, Startup Grind & AI Collective","AI Demo: Alumni Ventures, Startup Grind & AI Collective",But you get to show what you're actually building.,2026-10-07,2026-10-07T17:00:00-07:00,2026-10-07T20:00:00-07:00,FiDi (SF),"Pilot, 353 Sacramento St Floor 19, San Francisco, CA","Startup Grind, AI Collective",RSVP,false,,,raise; build,AI; Finance,Demos & pitches,https://partiful.com/e/9GLnzIDiXOHFkP38AFAm,7
56f6a4b3-71af-48ba-a24e-08b58750cc58,Spark House: Meet AI’s Top Founders & Investors,Spark House: Meet AI’s Top Founders & Investors,Meet some of the hardest-to-meet investors and most talked-about AI founders with Genspark this SF Tech Week.,2026-10-07,2026-10-07T08:30:00-07:00,2026-10-07T19:30:00-07:00,Rincon Hill,,Genspark.ai,Application,true,,217,raise,AI; Finance; GTM & sales,,https://partiful.com/e/haohmDV4aS8MmMblac25,1
5841da6f-92af-442a-9438-ca9d0bc51e18,Unstuck: The Art of Creative Problem Solving,Unstuck: The Art of Creative Problem Solving,"Join us for an immersive, hands-on workshop designed to boost your ability to think creatively, simplify complex challenges, and work effectively in teams.",2026-10-07,2026-10-07T18:00:00-07:00,,Civic Center,"Vizcom Makerspace, 488 Bryant St, San Francisco, CA",Acorn Design Studio,RSVP,false,,126,build; meet,AI; Media & entertainment,Networking & mixers; Hackathons & workshops,https://partiful.com/e/suCYKmNzITEcSKf8PdWT,1
59477b42-52da-4aa4-ac2c-f29cebf0a909,Adobe Presents: The GTM Inflection Point,Adobe Presents: The GTM Inflection Point,"Plus, get hands-on with 4 Adobe activations built for early-stage teams, plus a first look at the new Adobe for Startups offer.",2026-10-07,2026-10-07T16:00:00-07:00,,Design District,,Adobe,Application,true,,,build; sell; meet,GTM & sales; AI,Happy hours & drinks; Panels & firesides,https://partiful.com/e/hz8GwrZVJxgiqhlAPSIh,3
5991a93c-0b25-4a62-96c5-b5ecb224cbf0,plunge,plunge,Meet us in Crissy Field to feel alive only the way a human could: a cold bay dip & coffee sip.,2026-10-07,2026-10-07T07:30:00-07:00,2026-10-07T09:30:00-07:00,Marina,,Rivendell,Unknown,false,,,,,,https://partiful.com/e/y3Y5hy459vJg4sUN1276,2
59aaf67a-611f-44f6-bc5f-c39d24fc18f2,"GTM AI Paradox You Got Speed, But Lost the System","GTM AI Paradox You Got Speed, But Lost the System",,2026-10-07,2026-10-07T17:00:00-07:00,2026-10-07T19:00:00-07:00,Downtown (SF),,Entry Point 1,Application,true,,152,build; sell,AI; GTM & sales,Hackathons & workshops,https://partiful.com/e/tSBbd13Em5okouSzlRZI,2
59cee9f1-9b78-424f-aad8-5145d9b35400,Your First $1M: Growth & Distribution Office Hours,Your First $1M: Growth & Distribution Office Hours,Your first $1M in revenue rarely comes from one magic channel.,2026-10-07,,,Virtual (SF),,"Juliet AI, Inc.",Application,true,,,build; sell,GTM & sales,Hackathons & workshops,https://partiful.com/e/q1Tx8i7F11gWzG2RvETR,0
5b313ef7-0523-4ea6-a4e3-6a3bce1e30bc,10AM in Seoul: An Investor Dinner with Quetta Labs,10AM in Seoul: An Investor Dinner with Quetta Labs,"We sit down at 6:30 PM in San Francisco, which is 10:30 AM the next morning in Seoul.",2026-10-07,2026-10-07T18:30:00-07:00,2026-10-07T21:30:00-07:00,Pacific Heights,,Quetta Labs,Application,true,,,raise; meet,AI; Finance,Dinners,https://partiful.com/e/j0eODwbBVcMKeLntS7lS,2
5ba58d5d-3ed9-4a40-b530-63e036964499,Closing the AI Adoption Gap,Closing the AI Adoption Gap,"Join us for lunch during SF Tech Week for an honest conversation about the real barriers to AI adoption: Governance, Cost, ROI, and Liability.",2026-10-07,2026-10-07T16:00:00-07:00,,Union Square (SF),"Johnny Foley’s Irish House, 243 O'Farrell Street, San Francisco, CA","VizCo, Ooda",Application,true,,65,meet,AI,Dinners; Happy hours & drinks; Networking & mixers,https://partiful.com/e/dDOaM2Xl90szB0KAAMgB,2
5d7c8abc-18de-432f-9874-2ed8d1d2e5e3,AI & Robotics: Building the Datacenter,AI & Robotics: Building the Datacenter,,2026-10-07,,,FiDi (SF),,Jobotics,RSVP,false,,,build,AI; Robotics & hardware,Panels & firesides,https://partiful.com/e/lQzvejTA8nj9Je4Qqns9,1
5d8063ab-dca1-4370-a6ea-9fd69c093d48,Private Plane Tour of SF with Airwallex,Private Plane Tour of SF with Airwallex,"Take in the Golden Gate Bridge, Alcatraz and the SF skyline from the air on a private plane tour presented by Airwallex.",2026-10-07,2026-10-07T12:00:00-07:00,,FiDi (SF),,Airwallex,Application,true,,,,AI; Finance,,https://partiful.com/e/iTKew5y7JritpyIUa5IU,2
5dad520f-748f-4ea0-a404-0bcde65484be,Private cycle class for the TA & HR community.,Private cycle class for the TA & HR community.,"You spend all day getting the best butts into the right seats, this evening, the seat is yours.",2026-10-07,2026-10-07T18:30:00-07:00,,Union Square (SF),"Equinox Union Street, 2055 Union St, San Francisco, CA",Metaview,Application,true,,,meet,AI,,https://partiful.com/e/S4iMlvqhXxV31xMVNAEa,1
5db16a82-bd38-4846-8844-1c092b7ac7ec,"Leverage IL w/ Anthropic, Greylock, Ribbit Capital, Palantir and more","Leverage IL w/ Anthropic, Greylock, Ribbit Capital, Palantir and more",Google DeepMind · OpenAI · NVIDIA · Palantir · Ribbit Capital · Greylock · Box · RedPoint · Cerebras Systems · 1Password · Felicis · Red Hat · Onyx Security · Fenwick · Monday · HubSpot · Deel · Cogniton · Eragon · UpWest · Dell Capital…,2026-10-07,2026-10-07T09:00:00-07:00,2026-10-07T17:00:00-07:00,FiDi (SF),,"Leverage, Fenwick, HubSpot, Onyx",Application,true,,,raise,AI,Panels & firesides,https://partiful.com/e/LSOZRoopaoWM9pOtr2Nn,33
5e2ae007-744e-4841-878a-7fa49fbffd35,Career as a Brand System™ for Founders,Career as a Brand System™ for Founders,7:20 PM — Founder Networking / Website celebration,2026-10-07,2026-10-07T18:00:00-07:00,,SOMA,"Creative Landing Spaces, 440 9th St Suite B, San Francisco, CA",INBRND,RSVP,false,,,raise; build; hire; meet,AI; Finance; GTM & sales,Hackathons & workshops,https://partiful.com/e/tc0GSEryTvFcoI8p8WqQ,0
5f448a00-1ff4-4abc-9cf5-9a7ccc1e4ffc,🔥 The 90-Minute Startup: BUILD SOMETHING STUPID. PITCH IT.,🔥 The 90-Minute Startup: BUILD SOMETHING STUPID. PITCH IT.,I’m hosting a very serious startup competition at #SFTechWeek.,2026-10-07,2026-10-07T10:00:00-07:00,2026-10-07T12:00:00-07:00,FiDi (SF),"super{set} office, 140 New Montgomery St Floor 4, San Francisco, CA",super{set},Application,true,,74,raise; build,AI; Finance,Demos & pitches,https://partiful.com/e/d4h1sCmqMxEMH8BVQQVT,3
5ff98b0e-4d5d-4596-a92f-50dc38839501,Founder Debugging Room: Your First Customers,Founder Debugging Room: Your First Customers,"This is not a panel, pitch night, or generic networking event.",2026-10-07,2026-10-07T14:00:00-07:00,2026-10-07T15:30:00-07:00,SOMA,,Great Idea Technology,Application,true,,13,build; sell; meet,GTM & sales,Networking & mixers; Hackathons & workshops,https://partiful.com/e/KFgtQCWdDjeaO4TOxTa1,1
60cc9915-b520-4e90-934f-6f1c4312b28b,"Tech Time to Tee Time - A day on the green for B2B tech founders/CEOs, GTM leaders, & investors","Tech Time to Tee Time - A day on the green for B2B tech founders/CEOs, GTM leaders, & investors","This day on the green is for B2B tech founders/CEOs, VC Operating Partners, and marketing leaders.",2026-10-07,2026-10-07T09:00:00-07:00,2026-10-07T15:00:00-07:00,Other,"The Ritz Carlton, Golf Resort (Transportation Provided), 1 Miramontes Point Rd, Half Moon Bay, CA",3rd + Taylor Agency,Application,true,,28,raise; sell; meet,GTM & sales,Coffee & breakfast; Networking & mixers,https://partiful.com/e/lqHhAh2uqFBlwZfg0IMZ,2
6109843b-341a-4dbb-93bb-99cb9cf35251,Faith Driven Investors & Founders,Faith Driven Investors & Founders,Join the private WhatsApp group to meet other Christian founders and investors.,2026-10-07,2026-10-07T09:00:00-07:00,2026-10-07T10:30:00-07:00,Embarcadero,,Shane & Ife,Unknown,false,,211,raise; meet,AI; Finance,Coffee & breakfast,https://partiful.com/e/wAPpWhOhY6glivJdl4xL,4
6183e5cd-91d1-42ea-a3fc-19fe66b6f8f1,HardTech Run & Coffee Meetup,HardTech Run & Coffee Meetup,"Attention hardtech enthusiasts, founders, engineers, and early risers ☕🏃",2026-10-07,2026-10-07T07:45:00-07:00,2026-10-07T09:30:00-07:00,Golden Gate Park,,MistyWest,Unknown,false,,,meet; fun,,Networking & mixers,https://partiful.com/e/mnSEOThDag4hwgwuIOuY,2
6211dd65-48d1-48f9-bde5-6b51174fe3cc,Keeping Up With Tech: What Makes a Story?,Keeping Up With Tech: What Makes a Story?,Join Edelman for a conversation with leading media voices on how they cover an industry delivering constant breakthroughs.,2026-10-07,2026-10-07T17:00:00-07:00,2026-10-07T19:00:00-07:00,FiDi (SF),,Edelman,Application,true,,162,meet,AI,Happy hours & drinks; Networking & mixers; Panels & firesides,https://partiful.com/e/MJ5VVwvGnbpwsSm93gsS,12
6226690d-1f17-47e6-8669-2b2a5ad336b1,"Multiplayer AI at Work: Shared Context, Team Workflows, and the Future of Collaboration","Multiplayer AI at Work: Shared Context, Team Workflows, and the Future of Collaboration",Join PromptQL for a hosted lunch and a panel about how people and AI can work together in shared workspaces.,2026-10-07,2026-10-07T12:00:00-07:00,2026-10-07T14:00:00-07:00,SOMA,,PromptQL,Application,true,,247,meet,AI,Coffee & breakfast; Networking & mixers; Panels & firesides,https://partiful.com/e/s7FqDReAeUxjrrd7bJrZ,5
623541e0-7aad-4ece-95ab-eefbbee894e6,Wire a Voice Agent Into a Real Workflow,Wire a Voice Agent Into a Real Workflow,Most enterprise voice-AI projects die in the same place.,2026-10-07,2026-10-07T18:00:00-07:00,2026-10-07T19:30:00-07:00,Mission,"530 Hampshire St, San Francisco, CA",Olive,RSVP,false,,100,build,AI,Hackathons & workshops,https://partiful.com/e/LqXEYtmayKc22xp5sATo,0
636ba891-6258-4634-9c68-163a360b0c4f,Creating Content That Converts,Creating Content That Converts,Posting is easy. Knowing whether any of it is actually helping your business grow is much harder.,2026-10-07,2026-10-07T19:00:00-07:00,,Mission,,Table For One and Main Thing Social,Unknown,false,,,build; meet,Media & entertainment; AI,Networking & mixers; Panels & firesides; Hackathons & workshops,https://partiful.com/e/9LVVRbY3gWQ3UQitVCnc,6
64cfaf77-0fbe-4cd5-9327-55bae5535b76,Venture Fight Club #6,Venture Fight Club #6,"Come join us for a No-Gi Jiu Jitsu Open Mat 1:00pm to 3:00pm on Wednesday, October 7th for TechWeek's weirdest event.",2026-10-07,2026-10-07T13:00:00-07:00,2026-10-07T15:00:00-07:00,Hayes Valley,,Venture Fight Club,Application,true,,38,raise,AI; Finance,,https://partiful.com/e/adAoR401HuPqGJbuprac,2
6510c154-c876-466f-b395-2a333a3bf828,Dimension ML x Bio Mixer,Dimension ML x Bio Mixer,"Join us for an informal evening of drinks, bites, and good conversation with founders, researchers, and builders at the intersection of biology and machine learning.",2026-10-07,2026-10-07T17:30:00-07:00,2026-10-07T20:30:00-07:00,Jackson Square,,Dimension,Application,true,,,meet,AI; Health & biotech,Networking & mixers; Happy hours & drinks,https://partiful.com/e/EugYNVBnohQQPmKIPNjU,0
660f1d12-67f7-4bf0-abb6-38c9cea23a85,Natural Reset Lounge - Session 1,Natural Reset Lounge - Session 1,"A wellness hub to refresh, recover, and recharge amidst the bustle of tech week.",2026-10-07,2026-10-07T16:00:00-07:00,2026-10-07T22:00:00-07:00,FiDi (SF),,Natural,Application,true,,,,,,https://partiful.com/e/CiETPETFaUM9DNuDHDsz,2
666889fd-e176-4947-9d09-03692060e676,Bio-Health Athletic Club Run (w/ NFX),Bio-Health Athletic Club Run (w/ NFX),Join the Bio-Health Athletic Club for a special Tech Week run to meet new people while improving your Vo2 max!,2026-10-07,2026-10-07T08:00:00-07:00,,Embarcadero,,Bio-Health Athletic Club,RSVP,false,,192,meet; fun,Health & biotech; AI,Runs & walks; Networking & mixers,https://partiful.com/e/2PLL0mCEn6n3IL7SW5rM,3
6719988b-c875-472f-9ff7-f903de34eeb7,Ride a bike and talk AI (Hawk Hill),Ride a bike and talk AI (Hawk Hill),,2026-10-07,2026-10-07T08:00:00-07:00,2026-10-07T10:15:00-07:00,Marina,,Elo Health,Application,true,,75,,AI,,https://partiful.com/e/TsClCGtOUOS1URjEwwjU,1
67d242e7-e874-40e9-9e08-7fbaedbc7175,Vibe Coding Demo Night with Lovable & Atlassian,Vibe Coding Demo Night with Lovable & Atlassian,"Lovable and Atlassian invite you to Vibe Coding Demo Night, where we'll see demos from rockstar builders, enjoy industry networking and have bits and beverages all evening.",2026-10-07,2026-10-07T17:00:00-07:00,2026-10-07T20:00:00-07:00,FiDi (SF),,"Atlassian, Lovable",Application,true,,468,raise; build; meet,AI,Demos & pitches; Happy hours & drinks; Networking & mixers,https://partiful.com/e/HmMfcGORXFTAMuLl26WT,2
67db0de1-cfd1-4975-ab39-f0cb019f872b,"Women Leaders in FP&A: The Art of Transformation with Figma, Chime, & Once Upon a Farm","Women Leaders in FP&A: The Art of Transformation with Figma, Chime, & Once Upon a Farm",Join a curated community of senior women finance leaders for an afternoon dedicated to the future of the finance function.,2026-10-07,2026-10-07T14:00:00-07:00,2026-10-07T16:30:00-07:00,Hayes Valley,,Pigment,Application,true,,8,meet,AI,Networking & mixers; Panels & firesides,https://partiful.com/e/LvSoPnPYKQS0eDzT3nny,0
6836c3a2-4a51-44df-9a64-15e45544281f,AI 101,AI 101,"Join us for a beginner friendly introduction to Artificial Intelligence designed for everyone, regardless of your technical background.",2026-10-07,2026-10-07T16:30:00-07:00,,Virtual (SF),,Mensch AI,RSVP,false,,72,,AI,,https://partiful.com/e/jvPz2qiJ1D1b157jpv9V,1
6853479d-2f6f-441b-9b3b-f87a26982349,Base10 Partners <> Stripe Startups,Base10 Partners <> Stripe Startups,"Join Base10 Partners and Stripe Startups for an afternoon of networking, light bites and refreshments, and conversations on all things early stage startups.",2026-10-07,2026-10-07T15:00:00-07:00,,Rincon Hill,,"Base10 Partners, Stripe",Application,true,,113,raise; meet,AI; Finance,Networking & mixers; Panels & firesides,https://partiful.com/e/RaTkYLXQIf3o7dHxWeNp,2
68b228b2-3fb1-40df-9eff-c5784aa91d95,Top 5 Things to Know When Preparing to Raise a Series A,Top 5 Things to Know When Preparing to Raise a Series A,Join us for an evening at the Expensify Lounge in San Francisco designed for founders who have recently raised—or are preparing to raise—a Series A.,2026-10-07,2026-10-07T16:00:00-07:00,2026-10-07T19:00:00-07:00,Downtown (SF),,Expensify,Application,true,,175,raise,AI; Finance,Panels & firesides,https://partiful.com/e/vuUlWETKsuNNoNrMynaA,5
68b562e2-bc9c-4e4f-956e-cfec150925bf,"What it takes to build, exit and back founders","What it takes to build, exit and back founders","​An intimate SF Tech Week conversation with Milad Alucozai, Partner at Pamir Ventures and named in the top 100 seed investors, moderated by Arshan Ahmad, founder of PureFi and Friday Ventures.",2026-10-07,2026-10-07T19:00:00-07:00,2026-10-07T21:00:00-07:00,Nob Hill,,PureFi,Unknown,false,,,raise; build; meet,Finance; AI,Networking & mixers; Panels & firesides,https://partiful.com/e/eXFYxqwWXCvcTngqgPX7,2
69930041-ba35-4b54-b27c-5e425ffdd938,MR. ADVOCATE Film: The AI Conversation Schools Aren't Having,MR. ADVOCATE Film: The AI Conversation Schools Aren't Having,"A screening and facilitated conversation on AI in schools, from School Dismissed.",2026-10-07,2026-10-07T18:00:00-07:00,2026-10-07T19:30:00-07:00,SOMA,,School Dismissed,Application,true,,,build; meet,AI; Media & entertainment,Networking & mixers; Hackathons & workshops,https://partiful.com/e/cE4V3cltaHdKd5rXc4y4,5
6b8f8b9d-9718-430f-b3a2-20120658325d,Beyond Cameras: Building the Intelligence Infrastructure of Tomorrow,Beyond Cameras: Building the Intelligence Infrastructure of Tomorrow,"From cameras to intelligence — how AI is transforming the way critical infrastructure is monitored, secured, and operated.
Join Ease My AI for an exclusive discussion and live demonstration on the future of AI-powered video intelligence, video analytics, video forensics, and inte…",2026-10-07,2026-10-07T16:30:00-07:00,2026-10-07T18:30:00-07:00,Palo Alto,,Ease My Ai Pvt Ltd,Unknown,false,,,build; meet,AI,Networking & mixers,https://partiful.com/e/ndxRdAJvXN1VEHF9aP24,0
6bb90afb-e5db-44e4-906f-593f7bbd5572,AGI x Manufacturing Dinner,AGI x Manufacturing Dinner,"The unglamorous bottleneck: who owns the parts problem in American reindustrialization?
- We’re bringing together operators, builders, and investors for an intimate dinner to discuss questions like this. 
Hosted by Achilles (getachilles.ai), this is a small, off-the-record roundt…",2026-10-07,2026-10-07T18:00:00-07:00,,Pacific Heights,,Achilles,Unknown,false,,,meet,AI,Dinners,https://partiful.com/e/ni6akiK8tZAx5VbANgu7,0
6cc96305-7884-4961-b261-499e896a93ce,Founders x Developers Roundtable - #Startups@AWS,Founders x Developers Roundtable - #Startups@AWS,A curated roundtable bringing together startup founders and senior developers building agentic AI systems in production.,2026-10-07,2026-10-07T17:30:00-07:00,2026-10-07T19:30:00-07:00,Downtown (SF),"525 Market St 19th floor, San Francisco, CA",AWS,Application,true,,20,build; meet,AI,Happy hours & drinks; Networking & mixers; Hackathons & workshops,https://partiful.com/e/K9i9xXDogKI6TJNXAl0o,2
6cca93a2-14df-44b8-847a-d9ec4c06b350,Fresh Air: Mid-Week Reset Walk for Founders & Builders,Fresh Air: Mid-Week Reset Walk for Founders & Builders,"Whether it’s an MVP, cofounder, early customers, hiring, fundraising, positioning, or encouragement, this is a space to give and receive generously.",2026-10-07,2026-10-07T16:00:00-07:00,2026-10-07T17:30:00-07:00,SOMA,"Salesforce Park, 425 Mission St, San Francisco, CA",Onflow,Application,true,,50,build; meet; fun,,Runs & walks; Networking & mixers,https://partiful.com/e/3133Gq239qBDpJWMpvI3,0
6d7e15d5-5eaa-40ce-8590-d6a89a8fe23e,Chief LegalX Executive Panel + Fun Fall Mixer!,Chief LegalX Executive Panel + Fun Fall Mixer!,Voices of Legal Innovation: The LegalTech Buying Journey - The real story behind how GCs & Legal Teams buy LegalTech!,2026-10-07,2026-10-07T15:30:00-07:00,2026-10-07T18:00:00-07:00,FiDi (SF),,Chief LegalX,Application,true,,,meet,,Networking & mixers; Panels & firesides,https://partiful.com/e/baUvFMmQj8Lxw1VF7CdD,5
6ded5b14-4c1c-4f53-90b8-604da14fb789,F & F Ventures: Ecommerce Brunch,Compare ecommerce ideas in small groups and an investor panel,"A short panel discussion with eCommerce experts and investors, all designed to create meaningful connections and opportunities.",2026-10-07,2026-10-07T11:00:00-07:00,2026-10-07T13:00:00-07:00,Downtown (SF),,Founders & Funders™,Application,true,,33,raise; meet,AI; Finance,Coffee & breakfast; Dinners; Networking & mixers,https://partiful.com/e/hdJIPIw9EjJikauexYUD,2
6f2751b0-f950-48e7-a124-4dfaf9dc269f,Hitting your Demoday Revenue Goal,Hitting your Demoday Revenue Goal,GrupaAI is building the future of autonomous work.,2026-10-07,2026-10-07T17:00:00-07:00,2026-10-07T19:00:00-07:00,SOMA,,GrupaAI,Application,true,,28,raise; build; sell; meet,AI; GTM & sales,Demos & pitches; Networking & mixers; Panels & firesides; Hackathons & workshops,https://partiful.com/e/09RyZOLnCW28FOqJyzXD,0
6f5ed47f-7b55-4390-bcdc-e7a60060e6ff,Got News? Storytelling workshop,Got News? Storytelling workshop,"Whether you have an announcement coming up, data coming out, or you just want to take notes for when you do need to announce, this workshop will give you the skills to execute.",2026-10-07,2026-10-07T14:00:00-07:00,2026-10-07T15:30:00-07:00,Other,,"LaunchLink Communications, Pressto",Application,true,,100,raise; build,AI; Finance; Media & entertainment,Hackathons & workshops,https://partiful.com/e/qAe4jC2pSVqkTdbcOTIp,3
6f6e72da-4649-47e2-870f-9655d9821e13,ZEN VR EVENT,ZEN VR EVENT,"I’m based in Kyoto Japan, where I’m developing brain fatigue measurement system and the ZEN Recovery Program.",2026-10-07,2026-10-07T15:00:00-07:00,2026-10-07T17:00:00-07:00,FiDi (SF),"Salesforce Park, 425 Mission St, San Francisco, CA",NeuralPort Inc.,Unknown,false,,60,meet,AI; Health & biotech,Dinners; Networking & mixers,https://partiful.com/e/QnKDU0GkmfgXmUEF1smK,3
6f7a7c87-3eb7-47fd-928c-13fbea0ea158,Debug Your Body: A Longevity Clinic for Builders | Salon Ch.2,Debug Your Body: A Longevity Clinic for Builders | Salon Ch.2,"Join the healthtech founders building to fill this missing pillars for an intimate fireside chat on movement biomarkers, posture and the protocol builders actually need.",2026-10-07,2026-10-07T13:00:00-07:00,2026-10-07T14:00:00-07:00,Hayes Valley,,EMBODIED,Application,true,,,build,Health & biotech,Hackathons & workshops,https://partiful.com/e/EXN54i1mvZu4FjorGK1O,4
70a5aa9b-5ce6-4d17-a83e-91539de23043,Women in STEM Comedy x Signal Showcase,Women in STEM Comedy x Signal Showcase,,2026-10-07,2026-10-07T19:00:00-07:00,,Mission,,Women in STEM Comedy,Unknown,false,,,,AI; Media & entertainment,Panels & firesides,https://www.tech-week.com/calendar/sf,3
70cf0dc6-ec61-4f2e-bbee-0666ebb4150c,Poker After Dark,Poker After Dark,"Curated room of top founders, investors, and people you want to meet.",2026-10-07,2026-10-07T20:00:00-07:00,,Downtown (SF),"Social Clubhouse, 30 Sheridan St, San Francisco, CA","Boardy, Dragonfruit Ventures",Application,true,,134,meet,AI,Networking & mixers,https://partiful.com/e/s0ywiXr1WvpR8aGzHQUm,3
70d0ef29-54cf-42dd-9716-5372c691c2b7,Beyond the AI Hype: What Investors Are Backing,Beyond the AI Hype: What Investors Are Backing,"This is about pitching your business, not just selling your product, and how to make your company compelling to venture investors.",2026-10-07,2026-10-07T11:00:00-07:00,2026-10-07T14:00:00-07:00,Palo Alto,"Venture Dock, 555 University Ave, Palo Alto, CA",Venture Dock,Application,true,,179,raise; build,AI; Finance,Panels & firesides; Hackathons & workshops,https://partiful.com/e/eKYOMUoCG7Ed9puWq4uX,3
716d3323-472b-4108-80e8-e32d49d4a6f2,Volunteer with M13: Engineers Give Back,Volunteer with M13: Engineers Give Back,"Join M13 on October 7 from 8:00–10:00 AM for a morning of giving back while bringing together and building community across San Francisco’s engineering ecosystem. We’ll work side by side to prep food bags for members of the local community in need, followed by brunch with the gro…",2026-10-07,2026-10-07T08:00:00-07:00,2026-10-07T10:00:00-07:00,Potrero Hill,,M13,Unknown,false,,,build; meet,AI,Coffee & breakfast; Networking & mixers,https://partiful.com/e/diOuIqQwRtxPEvkV29gS,0
71bce0fe-f239-4803-9092-55ace31e71df,AI Beyond the Cloud: Developer Happy Hour with femtoAI,AI Beyond the Cloud: Developer Happy Hour with femtoAI,Join femtoAI for a Developer Happy Hour in San Francisco.,2026-10-07,2026-10-07T16:30:00-07:00,2026-10-07T18:30:00-07:00,Mission,,femtoAI,Application,true,,82,build; meet,AI; Robotics & hardware,Happy hours & drinks,https://partiful.com/e/WuFzZ0szjP07HKqU0f7k,3
7263bbf8-e96e-4854-b7cc-31b8617042bc,Founder Lunch: Founders who inherited marketing #San Francisco TechWeek,Founder Lunch: Founders who inherited marketing #San Francisco TechWeek,"An intimate, invite-only lunch for founders and operators who inherited GTM without a marketing background.",2026-10-07,2026-10-07T12:00:00-07:00,2026-10-07T13:30:00-07:00,Jackson Square,,Andyama Advisory,Application,true,,24,sell; meet,GTM & sales,Coffee & breakfast,https://partiful.com/e/l0ogzLKbtFX9oEcBPvlN,1
726609ca-1def-4868-89ec-d47b7f66fb04,How Great Companies Win the Best Talent — The Hiring Factory Book Launch,How Great Companies Win the Best Talent — The Hiring Factory Book Launch,Most companies don't have a series of hiring problems.,2026-10-07,2026-10-07T18:00:00-07:00,2026-10-07T19:00:00-07:00,Hayes Valley,,The Hiring Factory,Application,true,,113,hire; meet,AI,Networking & mixers; Panels & firesides,https://partiful.com/e/G4pnX8Bxd3VctmvxzQgA,0
72946a1c-4c9d-459f-8b84-07ceb0770955,How to Govern the Moon,How to Govern the Moon,We are returning to the Moon- this time to stay.,2026-10-07,2026-10-07T19:00:00-07:00,,North Beach,,"Small Steps & Giant Leaps, Bismarck Analysis",Application,true,,112,meet,,Happy hours & drinks; Networking & mixers; Panels & firesides,https://partiful.com/e/PCj52VAWjXPfTidvlHck,0
72f4a99a-95a1-4796-bdf9-8f840e5f2735,Truffle Security Dinner,Truffle Security Dinner,Join security leaders from across industries for an exclusive Michelin Star dinner where the conversations are as good as the food.,2026-10-07,2026-10-07T19:00:00-07:00,2026-10-07T22:00:00-07:00,Jackson Square,,Truffle Security,Application,true,,,meet,,Dinners,https://partiful.com/e/sAyiXU39SWt6AAoScdBt,1
7312985f-ea80-43d4-9233-440ed587a4fa,Dinner with 14 Investors + 1 Imposter,Dinner with 14 Investors + 1 Imposter,We’re bringing together 14 exceptional investors for a private dinner during SF Tech Week.,2026-10-07,2026-10-07T20:00:00-07:00,2026-10-07T22:00:00-07:00,Mission,,OnlyExit Ventures,Application,true,,9,raise; meet,AI; Finance,Dinners,https://partiful.com/e/6rjykg0wVlXaYeKnRhFp,3
7325f3b7-b1f6-42b3-ac6a-5d06aeeb18bd,Under the Hood: AI meets Behavioral Science,Under the Hood: AI meets Behavioral Science,"Join us for a hands-on, live session where we will go strictly ""under the hood."" Zero fluff, 100% product.",2026-10-07,2026-10-07T10:00:00-07:00,,Virtual (SF),,Soft Agents,Application,true,,70,raise; build; meet,AI,Networking & mixers; Demos & pitches,https://partiful.com/e/ZHhopqy3NBOdUpAVD5X9,2
7347256a-ecde-4d1e-9b80-b2eaa5202c47,Immigrant Founder Mixer,Immigrant Founder Mixer,Join us for an evening connecting the South Asian tech community during SF Tech Week.,2026-10-07,2026-10-07T18:00:00-07:00,2026-10-07T21:00:00-07:00,SOMA,,"Open Atlas, americansouthasiannetwork",Application,true,,,meet,AI,Networking & mixers,https://partiful.com/e/NXpyKdiYENixTT6I2fBl,0
7359da75-f85a-477b-a9c1-32f067ea2031,Tech Bio Frontiers Popup by Phase Capital at,Tech Bio Frontiers Popup by Phase Capital at,"Frontiers is Phase Capital’s annual summit - a gathering for those building the future at the intersection of technology, biology, and data science.",2026-10-07,2026-10-07T17:30:00-07:00,2026-10-07T19:30:00-07:00,Other,"San Francisco, San Francisco, CA",Phase Capital,Unknown,false,,194,raise; meet,AI; Health & biotech,Happy hours & drinks; Networking & mixers; Panels & firesides,https://partiful.com/e/MnrHshzAUl5ii0pLpQ74,0
73ab6d17-7268-4906-82a5-a95deba0fa0f,Canyon Innovation & Tech Summit,Canyon Innovation & Tech Summit,"Kick off SF Tech Week with an exclusive evening exploring the future of connected mobility and active rider safety. Experience a live technical breakdown of Canyon PREDICT’s Edge AI and V2X sensor architecture, followed by industry networking, drinks, light bites, and high-level …",2026-10-07,2026-10-07T18:00:00-07:00,2026-10-07T21:00:00-07:00,Cow Hollow,,Canyon Bicycles,Unknown,false,,,meet,AI; Robotics & hardware,Happy hours & drinks; Networking & mixers,https://www.grouprides.cc/rides/canyon-innovation-and-tech-summit-2026-10-08,0
744dd080-5c5a-40a6-a23f-f342499d17f7,SOULCYCLE CLASS: Uplane x IM8 🟦,SOULCYCLE CLASS: Uplane x IM8 🟦,Sweating mid-week is exactly what you need to air out your brain 🫵,2026-10-07,2026-10-07T08:00:00-07:00,2026-10-07T10:00:00-07:00,Marina,,Uplane (YC F25),Application,true,,,,,,https://partiful.com/e/0Vo7k5O74NB9LMPWHWQ1,0
77dfbe71-e177-459b-a133-6843e1d0b142,Personal Brand to Community: Building Influence That Compounds,Personal Brand to Community: Building Influence That Compounds,"In today’s crowded technology landscape, building a community isn’t simply about collecting followers, customers or contacts.",2026-10-07,2026-10-07T11:00:00-07:00,2026-10-07T12:00:00-07:00,FiDi (SF),,Aspiron Group,Application,true,,95,build; meet,AI; Media & entertainment,Panels & firesides,https://partiful.com/e/fOdv7VZsOEjnRKQP4lTJ,2
787b7d4d-75a1-4ae1-bdbe-70dba080d9f8,"The 3rd Annual Venture5 ""Moves in VC"" Dinner & Cocktail Reception SF","The 3rd Annual Venture5 ""Moves in VC"" Dinner & Cocktail Reception SF","Join John Gannon and the Venture5 team for our 3rd annual exclusive reception and dinner in San Francisco celebrating senior VCs and VC allocators who have made a ""move"" in the last 12 months — joined a new firm, closed a new fund, or been promoted at their existing firm.",2026-10-07,2026-10-07T18:00:00-07:00,2026-10-07T21:00:00-07:00,FiDi (SF),,Venture5,Unknown,false,,,raise; meet,AI; Finance,Dinners,https://partiful.com/e/Pk87Sgvu5e4zVfPYXgiF,1
791a30bf-753e-4452-b3ba-3892e8975d47,AdaL Workshop,AdaL Workshop,adaL Workshop,2026-10-07,2026-10-07T11:00:00-07:00,2026-10-07T15:00:00-07:00,Downtown (SF),,Crewbase Collective,Unknown,false,,,build,AI; Media & entertainment; GTM & sales,Hackathons & workshops,https://partiful.com/e/gfi7iUHeMvD7lE1K8gqo,1
79351c6c-b159-43bb-9952-e265041342df,SE ASIA SF SALON #2,SE ASIA SF SALON #2,"If you're an operator, founder, or investor, a SE Asian SF native or SF bound, get visibility /know the room via⚡️ 30-second lightning talks, or mingle over AI, robotics, fundraising, food hunting, and light snacks and drinks in a…",2026-10-07,2026-10-07T16:00:00-07:00,2026-10-07T19:00:00-07:00,Russian Hill,"625 Polk St, San Francisco, CA","Tech Brews, 500 Global",Unknown,false,,376,meet,AI; GTM & sales,Happy hours & drinks; Networking & mixers; Panels & firesides,https://partiful.com/e/JV9G2AMsKHNErDDvzpdz,8
79beda58-f8dd-49ef-888b-1940fb127927,First Pour 🍵,First Pour 🍵,"Zero Prime and Theory Ventures are taking over one of SF’s best-kept matcha secrets in SoMa. Stop by for expertly made matcha, pastries, coworking, and conversation with founders and researchers in our community building across AI and software.",2026-10-07,2026-10-07T08:00:00-07:00,2026-10-07T12:00:00-07:00,SOMA,,Theory Ventures and Zero Prime,Application,true,,,meet,AI,Coffee & breakfast; Networking & mixers,https://partiful.com/e/D8y8XoMl52WgwYuLUE71,2
7aa1fee1-e4b1-4abe-99fb-3546bc44e13d,Above The Noise (Founders & Funders Hike),Above The Noise (Founders & Funders Hike),"This is a down-to-earth, no-BS hike — not a networking event with a hiking theme.",2026-10-07,2026-10-07T07:00:00-07:00,2026-10-07T10:00:00-07:00,Other,,SKYDEAS,Application,true,,43,raise; fun,AI; Finance,,https://partiful.com/e/Bf5YgEmFX1oeHerLtaKc,1
7b65c98f-08da-46d3-8e37-32ef6286cdc0,Deeptech Bridges @ SF Tech Week,Deeptech Bridges @ SF Tech Week,Open Networking with some finger food and Austrian beverages.,2026-10-07,2026-10-07T15:00:00-07:00,2026-10-07T17:30:00-07:00,SOMA,,"Bridges, Open Austria",Application,true,,56,raise; meet,AI; Finance,Happy hours & drinks; Networking & mixers; Panels & firesides,https://partiful.com/e/Qxx8Jk01q3v8g0NQj2gZ,7
7be293b1-dbb0-458b-90be-6ec7e32794f6,"Build a Company Brain: AI Agents with Memory, Context and Secure Access","Build a Company Brain: AI Agents with Memory, Context and Secure Access","Join Scalekit and Cognee for a hackathon to build a Company Brain: an AI system that can understand your company’s knowledge, connect information across workplace tools, remember context over time, and securely help different people get…",2026-10-07,2026-10-07T14:00:00-07:00,2026-10-07T19:30:00-07:00,Downtown (SF),,"ScaleKit, Cognee",Application,true,,181,build,AI,Hackathons & workshops,https://partiful.com/e/0x6c9gSKGDZi9mYMESyl,1
7c23afd5-b868-46bb-a6f0-88f1843927b6,🇦🇺 Aussie and 🇳🇿 Kiwi Brekkie: SF Tech Week Breakfast,Meet the Aussie and Kiwi tech crowd over breakfast,"Blackbird Ventures, Skip Capital and Atlassian are bringing Aussies and Kiwis together for good food and good banter before the frenetic Tech Week energy takes over.",2026-10-07,2026-10-07T08:00:00-07:00,2026-10-07T10:00:00-07:00,FiDi (SF),"Atlassian, 350 Bush St, FL 13, San Francisco, CA","Blackbird Ventures, Atlassian, Skip Capital",Application,true,,85,meet,,Coffee & breakfast,https://partiful.com/e/ASdpfNfMZUybq2qLOgl3,4
7cee02c1-718f-4d33-a3c6-30ff9c592e8a,"10x Your Impact: Leadership in the Age of AI, Panel discussion","10x Your Impact: Leadership in the Age of AI, Panel discussion",,2026-10-07,2026-10-07T17:30:00-07:00,2026-10-07T20:00:00-07:00,Downtown (SF),,Lovable,Application,true,,,meet,AI; GTM & sales,Happy hours & drinks; Panels & firesides; Networking & mixers,https://partiful.com/e/z2b7KeZ5M4wYHbOinP2U,2
7cf2950c-e0bb-482c-89ef-6acb9dafea1e,Killing Meetings with Zoom [IRL],Killing Meetings with Zoom [IRL],"Join us for an afternoon built around one idea: what happens when your meeting notes, docs, slides, and follow-ups all just...",2026-10-07,2026-10-07T18:00:00-07:00,2026-10-07T21:00:00-07:00,Mission,,"Zoom Communications, Inc.",Application,true,,,build; meet,AI,Coffee & breakfast; Networking & mixers; Hackathons & workshops,https://partiful.com/e/GNxwwNeujmWUt6d18EBX,4
7d7939cd-9731-4a45-86a7-9fa9b07936da,Fundable in the U.S.: What Investors Expect Before They Invest,Fundable in the U.S.: What Investors Expect Before They Invest,"The Swedish House during SF Tech Week gathers founders, VCs, corporates, and academia across and serves as a curated hub connecting Swedish and US companies through events, networking, and co‑working throughout the week.",2026-10-07,2026-10-07T08:30:00-07:00,2026-10-07T09:30:00-07:00,FiDi (SF),"The Art of San Francisco, 2 Sacramento St, San Francisco, CA",Business Sweden,Application,true,,169,raise; meet,AI; Finance,Coffee & breakfast; Panels & firesides,https://partiful.com/e/RkLQhzMrwRRjklzUKKYQ,3
7dd1bae6-660e-4ea9-85dc-b5c21eb78878,Social Impact SF Mixer,Social Impact SF Mixer,"Join us for our Social Impact SF: Tech Week Mixer — an evening bringing together mission-driven founders, nonprofit leaders, changemakers in tech, and social impact professionals in one inspiring space.",2026-10-07,2026-10-07T19:30:00-07:00,,Hayes Valley,"Rivian - San Francisco Space, 340 Fell St, San Francisco, CA",Social Impact SF / RemotelyGood.us,Application,true,,229,raise; meet,AI; Finance,Networking & mixers; Dinners; Happy hours & drinks,https://partiful.com/e/Cj1DC1F0Aft5rf6Izdc2,0
7e04a94b-6363-4634-864a-fff596ff099c,GTM 101: Bootstrapping a Tech Startup,GTM 101: Bootstrapping a Tech Startup,"Join Luvira for a candid, founder-focused conversation with Alenka Kyslik, founder of SAHA Collective, on what it actually takes to bootstrap a tech company and build without relying on outside capital.",2026-10-07,2026-10-07T13:00:00-07:00,2026-10-07T14:00:00-07:00,Virtual (SF),,Luvira Consulting,RSVP,false,,124,raise; build; sell,GTM & sales; AI; Finance,Panels & firesides; Hackathons & workshops,https://partiful.com/e/hjgmLkh1Qrz1q4WKBO90,2
7e7d3a69-87e4-4307-8050-7ed8bd3f5dd2,Win Q4 on Meta with AI,Win Q4 on Meta with AI,"You just tell it your goal, and it finds the right people.",2026-10-07,2026-10-07T16:00:00-07:00,,Other,,10xProductivity,Application,true,,47,build; meet,AI; GTM & sales,Networking & mixers; Hackathons & workshops,https://partiful.com/e/gwnLmqUTT38KrtL3aMEG,1
7f5c84ce-5c89-4eae-993d-6b987a53be5a,What People Want from AI Entertainment,What People Want from AI Entertainment,"Drawing on what we've learned from building zeta, we'll discuss:",2026-10-07,2026-10-07T17:30:00-07:00,,SOMA,,Scatter Lab,Application,true,,218,meet,AI; Media & entertainment,Dinners; Networking & mixers,https://partiful.com/e/LU75ceVmLMR2nZ3Ey0q6,6
8117f4b4-438d-42c3-8aa2-c4c8464bc72d,5 AI Risks Are Killing Your Deals. The fifth is why the first 4 keep coming back.,5 AI Risks Are Killing Your Deals. The fifth is why the first 4 keep coming back.,"Your AI-native product nails the demo, then enterprise security asks the question that stalls the deal for six weeks: how do you know your agent's answers are right, and who authorized them?",2026-10-07,,,Virtual (SF),,Outhora AI,Application,true,,,,AI; GTM & sales,Panels & firesides,https://partiful.com/e/KaZxEkHCXSaqeHLEIcPM,2
822c07b7-121d-4ef7-96a7-6611215a75de,VIP Investor & Founder Lounge,VIP Investor & Founder Lounge,"Join us for an intimate gathering for a highly considered group of founders, investors, executives, and creatives during SF Tech Week.",2026-10-07,2026-10-07T19:00:00-07:00,2026-10-07T22:00:00-07:00,Downtown (SF),,Leave Normal Behind,Application,true,,70,raise; meet,AI; Media & entertainment; Finance,Happy hours & drinks; Networking & mixers,https://partiful.com/e/bqVn2DWeC44aFyn740Ne,3
8354511f-3173-4949-924d-1e281ae9b9d1,Stockholm x Silicon Valley Drinks & Mingle with KTH & the Swedish Consulate-General,Stockholm x Silicon Valley Drinks & Mingle with KTH & the Swedish Consulate-General,"What do Databricks, Lovable and Listen Labs have in common? Their founders all have roots at KTH University in Stockholm.",2026-10-07,2026-10-07T17:30:00-07:00,2026-10-07T19:00:00-07:00,FiDi (SF),,KTH Innovation & the Consulate General of Sweden in San Francisco,Unknown,false,,,,,,https://partiful.com/e/8BobWniuEhGfCTqSOwAF,0
83d80f7a-cb2a-4b76-9962-54f387df6b26,Race to Scale🏎️⚡️,Race to Scale🏎️⚡️,"Whether you've got racing karts in your blood or you've never touched a steering wheel outside of Mario Kart, this is a no-stakes way to blow off steam with other founders after a long week of Tech Week hustle.",2026-10-07,2026-10-07T18:30:00-07:00,2026-10-07T20:30:00-07:00,Other,,"Monaco, Stripe",Application,true,,34,meet,GTM & sales,Dinners; Networking & mixers,https://partiful.com/e/Lk9f3mJAhRpVRcMF1kuI,0
84f98375-cccc-4bcc-8a62-458f87a23581,Speed-dating #Let Fo do the first move,Speed-dating #Let Fo do the first move,,2026-10-07,2026-10-07T17:00:00-07:00,,Design District,,Wajo AI,Unknown,false,,,build; meet,AI,Hackathons & workshops; Happy hours & drinks; Panels & firesides,https://partiful.com/e/sqHV0bNXRQp5nDw5DX1M,2
854e2bad-bacc-4098-885c-19bb771dd62b,TechToberFest German Happy Hour,TechToberFest German Happy Hour,"🇩🇪🍻🥨 Join the GACC West (German American Chamber of Commerce), the German Center for Research and Innovation (DWIH), and the Consulate General of the Federal Republic of Germany in San Francisco for an evening that blends German…",2026-10-07,2026-10-07T17:00:00-07:00,2026-10-07T20:30:00-07:00,Union Square (SF),"Financial District, San Francisco, CA",German American Chamber of Commerce,Application,true,,,meet,AI,Happy hours & drinks; Networking & mixers,https://partiful.com/e/xVDBSntqMxIS2KHAwwET,2
858ff6d1-9484-462d-9be1-977e473583a3,LATAM AI Summit,LATAM AI Summit,"More than representing individual countries, this is an opportunity to come together as LATAM — sharing talent, ideas, connections and global ambition.",2026-10-07,2026-10-07T10:00:00-07:00,2026-10-07T16:00:00-07:00,Downtown (SF),,Latam Tech SF (Latin American Consulate Corp),Application,true,,400,raise; build; meet,AI; Finance,Happy hours & drinks; Networking & mixers; Demos & pitches,https://partiful.com/e/5bUpcnTFJ3nZUXUIvVbe,2
85ef4e95-c84d-4162-9ad7-e62a5ca00748,The AI Evolution of Retail Real Estate,The AI Evolution of Retail Real Estate,"It will be a practical discussion about how AI will enter the retail operating model, which workflows are ready to change, what barriers still stand in the way, and how leaders can separate real opportunities from noise.",2026-10-07,2026-10-07T18:00:00-07:00,,Downtown (SF),,"Surfaice.pro, JLL",Application,true,,,meet,AI,Happy hours & drinks; Networking & mixers; Panels & firesides,https://partiful.com/e/xxiko9lix9jnlnLvhcNs,1
85f9da3d-3560-4234-94e5-1a2a9db4be9b,Don't Be a Frango Lifting Club - Midweek Pump,Don't Be a Frango Lifting Club - Midweek Pump,** Please RSVP and check-in right away: checkin.dontfrango.com **,2026-10-07,2026-10-07T06:00:00-07:00,2026-10-07T09:00:00-07:00,SOMA,,Oxus Finance,Unknown,false,,,meet,Health & biotech,Networking & mixers,https://partiful.com/e/JZsjPd4QnZdAEwGvGYu6,0
8632d880-39cb-4e77-bad9-f4c803f8d7e5,Your Favorite AI Teammate Starts Tonight,Your Favorite AI Teammate Starts Tonight,"The best teammate you ever had made everything easier. This one does too, and it also does the work.",2026-10-07,2026-10-07T18:00:00-07:00,,FiDi (SF),,Lava,Unknown,false,,,build,AI,Hackathons & workshops,https://partiful.com/e/wSk0PTzLRpWW3We1yD73,1
87630d26-46cb-40d7-a53d-7801e90ce952,Marketing Salon: How B2B brands turn creators into growth,Marketing Salon: How B2B brands turn creators into growth,"Join marketing and growth leaders from Gamma, Replit, ElevenLabs, and other top tech brands to swap ideas, strategies, and experiments.",2026-10-07,2026-10-07T08:30:00-07:00,2026-10-07T10:00:00-07:00,Mission,,Passionfroot,Application,true,,11,build; sell; meet,Media & entertainment; GTM & sales,Networking & mixers; Panels & firesides; Hackathons & workshops,https://partiful.com/e/P0DOfp70zsMmVYtVrmh5,4
87ae5c55-e021-4e3c-a6b2-efd3f3cb856e,Apollo: Find Your Next 100 Customers,Apollo: Find Your Next 100 Customers,The build session for founders who are done doing GTM the old way.,2026-10-07,2026-10-07T11:00:00-07:00,2026-10-07T13:00:00-07:00,FiDi (SF),"Mindspace Market Street, 575 Market St, San Francisco, CA",Apollo.io,Application,true,,62,build; sell; meet,AI; GTM & sales,Coffee & breakfast; Networking & mixers; Hackathons & workshops,https://partiful.com/e/RP3fNdB3Jf2c9BH4aCQL,1
8935d66c-654f-4a88-b1b2-4bbfe039844c,Own Your Intelligence Stack Lunch Hosted by Bryel (YC F26),Own Your Intelligence Stack Lunch Hosted by Bryel (YC F26),"The next great AI products won’t all run on the same general-purpose model. Some will be built around models trained for their own users, workflows, and data.",2026-10-07,2026-10-07T12:00:00-07:00,,North Beach,,Bryel Inc,Unknown,false,,,meet,AI,Coffee & breakfast,https://partiful.com/e/BgX5jT0yxM3faka9rUFJ,1
89ac6f68-7e0a-46df-b3a0-252ee1e11c4f,From ore to orbit,From ore to orbit,"Join OVNI Capital and Gigascale for an evening in downtown San Francisco built for founders, operators, and investors who care about the physical constraints behind the next wave of technology.",2026-10-07,2026-10-07T17:00:00-07:00,2026-10-07T21:00:00-07:00,Downtown (SF),"SVB Experience Center, 532 Market St, San Francisco, CA","OVNI Capital, Gigascale Capital",Application,true,,413,,Robotics & hardware,Panels & firesides,https://partiful.com/e/s1CONuZXt1jVnGhp6f94,17
8a603d30-7d69-4ac7-ba90-1641759fe445,Voice AI Product Leadership Panel,Voice AI Product Leadership Panel,"Join leaders from Upstart, Asurion, Rime, Audioshake, Coval, and more.",2026-10-07,2026-10-07T17:30:00-07:00,2026-10-07T20:30:00-07:00,Salesforce Park,,Rime Labs,Application,true,,166,meet,AI,Panels & firesides; Happy hours & drinks,https://partiful.com/e/qRX76YKI93J2I6sQ0mbN,0
8ae83f4c-a85e-44b9-8be9-40de5cb11d1b,Engineering the nuclear buildout,Engineering the nuclear buildout,"An evening of lightning talks hosted on Stanford campus by the newly forming Stanford ANS student chapter, alongside Stanford University Nuclear (Precourt Institute for Energy).",2026-10-07,2026-10-07T18:30:00-07:00,2026-10-07T20:30:00-07:00,Other,,Stanford University's Chapter of American Nuclear Society,Application,true,,106,raise; build; meet,Robotics & hardware,Networking & mixers; Demos & pitches,https://partiful.com/e/Duyd1qIsQbJS6uUG9R2n,4
8b60ea40-15ed-4776-bf84-30793de6859e,Reverse Career Fair,Reverse Career Fair,"You waited 40 minutes in line to hand your resume to someone whose job title is literally ""Recruiter, Volume 2,"" who smiled, said ""great, we'll be in touch,"" and then you never heard from them again.",2026-10-07,2026-10-07T15:00:00-07:00,2026-10-07T18:00:00-07:00,Stanford,,"Senal, Wayfinder Institute",Application,true,,267,raise; build; hire; meet,AI; Finance,Networking & mixers; Demos & pitches,https://partiful.com/e/GJJTeaJ0rzDit4sxmQ93,1
8be8a457-9a12-4c41-aca7-5888616a6d92,"Build a Bold, Attention-Grabbing Brand Using LinkedIn","Build a Bold, Attention-Grabbing Brand Using LinkedIn",In this session you’ll learn how to build a beloved brand that gets people excited.,2026-10-07,2026-10-07T13:00:00-07:00,2026-10-07T14:00:00-07:00,FiDi (SF),,Blazel,RSVP,false,LimitedAvailability,103,build,GTM & sales,Hackathons & workshops,https://partiful.com/e/fof6kON5C9uu7mG2byzD,1
8cde01df-2d93-4984-ab25-9b8c44bc3898,Google for Startups & NVIDIA: Deep Tech x Deep House Happy Hour,Google for Startups & NVIDIA: Deep Tech x Deep House Happy Hour,You’ll also be joined by leading researchers from Google.,2026-10-07,2026-10-07T17:30:00-07:00,2026-10-07T20:00:00-07:00,SOMA,,Google for Startups,Application,true,,556,raise; meet,AI; Finance,Happy hours & drinks,https://partiful.com/e/PyFVw6ENftBzf671ycQm,1
8d512655-5b9a-47cb-a2fa-30495004337a,Stripe and a16z B2B AI Supper Club,Stripe and a16z B2B AI Supper Club,"Agents, not just humans, are now using your product.",2026-10-07,2026-10-07T18:00:00-07:00,2026-10-07T20:30:00-07:00,SOMA,,Stripe,Application,true,,18,meet,AI,Dinners,https://partiful.com/e/ljNVe4NFK28RZbWMcLbP,4
8d7c396f-121b-4217-81ca-4a63aaa90d61,"The Pitch Is a Story: Presence, Narrative, and Connection for AI Founders","The Pitch Is a Story: Presence, Narrative, and Connection for AI Founders","In this session, explore how to stand out in a crowded field of AI founders by moving beyond buzzwords, and instead crafting the human narrative that actually lands with investors. Learn how to approach your pitch as a story that showcases your unique voice and perspective, diffe…",2026-10-07,2026-10-07T15:00:00-07:00,2026-10-07T17:00:00-07:00,FiDi (SF),,Fenwick & West,Application,true,,,raise,AI; Finance,Panels & firesides,https://partiful.com/e/jq6ha7fa3Q3TXOISkKff,4
8dbde207-dcaf-495c-ab10-53944b372e5e,The Future of Health Summit,The Future of Health Summit,"During SF Tech Week, ŌURA, Able Partners, a16z, and J.P.",2026-10-07,2026-10-07T08:30:00-07:00,,FiDi (SF),,"ŌURA, Able Partners, J.P. Morgan",Application,true,,,raise; build; meet,Health & biotech,Networking & mixers; Panels & firesides; Demos & pitches,https://partiful.com/e/dph5jMcY5O6B931f6nHu,3
8df0b590-0426-4cf0-9169-07149ac8a856,HSBC Family Office Salon,HSBC Family Office Salon,Connect with a curated group of well-respected family offices and venture funds for a private conversation centered around one question:,2026-10-07,2026-10-07T09:00:00-07:00,2026-10-07T12:00:00-07:00,Embarcadero,,HSBC,Application,true,,,build,,Hackathons & workshops,https://partiful.com/e/8fn8tUaQDvVNe1oetlwk,2
8f37816b-b4ec-480d-bab6-d6de06c18f90,Neural Concept VIP Happy Hour,Neural Concept VIP Happy Hour,VIP Happy Hour: Engineering Intelligence & Cocktails,2026-10-07,2026-10-07T17:30:00-07:00,2026-10-07T20:30:00-07:00,Salesforce Park,,Neural Concept,Application,true,,,meet,AI,Happy hours & drinks,https://partiful.com/e/oLMID6xfrXbLu4nvzqNI,1
90ad4b40-ffe4-4bae-a6eb-f3fa1fb31ce5,"Morph-a-thon : Describe Your App, Close Your Laptop","Morph-a-thon : Describe Your App, Close Your Laptop","This is a different way of building software, and the only honest way to describe it is to let you watch it happen to your own idea.",2026-10-07,2026-10-07T17:00:00-07:00,2026-10-07T20:00:00-07:00,Mountain View,"785 Castro St Suite C, Mountain View, CA",Morph Systems,Application,true,,49,build; meet,AI,Hackathons & workshops; Networking & mixers,https://partiful.com/e/zzBdMAvPjNtxI8r2aVB7,2
91a67863-dcc2-470a-bf83-87eea3a23289,The agent does the work. Who owns the bill?,The agent does the work. Who owns the bill?,Join us for a 3-course dinner at The University Club of San Francisco.,2026-10-07,2026-10-07T17:30:00-07:00,2026-10-07T20:30:00-07:00,Union Square (SF),,Yarken,Unknown,false,,,build; meet,Finance,Dinners,https://partiful.com/e/Z0IXl7Zpjlwkue70mpz5,1
9272f9a1-4b2e-4f2a-8f89-c5cb3abca55b,CTOs: Beyond Generalist AI: From Engineering Productivity to Enterprise Value,CTOs: Beyond Generalist AI: From Engineering Productivity to Enterprise Value,,2026-10-07,2026-10-07T16:00:00-07:00,2026-10-07T18:00:00-07:00,South Beach,,DesignVerse,Unknown,false,,,build; sell; meet,AI,Networking & mixers; Hackathons & workshops,https://partiful.com/e/gGE7pZ3625DRY1aN3uGt,0
92a1c185-e8f4-4dff-a279-9916089ba45c,LatAm & Latinos In Fintech,LatAm & Latinos In Fintech,"Join Colectivo, Pygma, Finix, Ontop, VamosVentures, and Runtime (YC P26) for a golden-hour mixer with the founders, investors, and operators shaping the future of money across LatAm and the Latino diaspora.",2026-10-07,2026-10-07T17:00:00-07:00,2026-10-07T20:00:00-07:00,SOMA,"Finix, 760 Market St Suite 200, San Francisco, CA","Pygma, Finix",Application,true,,139,raise; meet,Finance; AI,Happy hours & drinks; Networking & mixers,https://partiful.com/e/NdneoVrwnB4TS6UpkFhN,2
937282f7-f01b-4e54-af4c-4fbd369765bf,GTM for Enterprise Growth w/ Equity Angels + Wells Fargo,GTM for Enterprise Growth w/ Equity Angels + Wells Fargo,Join us at the Wells Fargo Innovation Center for real-time GTM troubleshooting.,2026-10-07,2026-10-07T13:30:00-07:00,2026-10-07T17:30:00-07:00,Palo Alto,"Wells Fargo Innovation Center, 1302 El Camino Real, Menlo Park, CA","Equity Angels, Wells Fargo",Application,true,,197,raise; sell,GTM & sales; AI,Panels & firesides,https://partiful.com/e/wRyHOzjEaeZnkylfGI7K,8
949bd0de-80f7-46f1-9a6d-b4e351c47690,Scale Without the Chaos: Building the finance foundation for AI-native growth,Scale Without the Chaos: Building the finance foundation for AI-native growth,"Enterprise AI adoption is here, but scaling without a controlled, single source of financial truth doesn't scale your company; it scales the chaos.",2026-10-07,2026-10-07T16:30:00-07:00,2026-10-07T20:00:00-07:00,FiDi (SF),"Newhall Nest, 260 California St, Ste 1100, San Francisco, CA","CFGI, Fynapse by Aptitude Software",Application,true,,,build; sell; meet,AI; Finance,Panels & firesides,https://partiful.com/e/b6q0BP31DNSqwolnhFWg,0
94d55f32-ab2b-431b-841c-882e7300e268,Lowenstein Sandler’s Sip and Social with Women in VC,Lowenstein Sandler’s Sip and Social with Women in VC,"We hope you'll join us for our Sip & Social with Lowenstein Sandler's Women in VC during SF Tech Week on Wednesday, October 7.",2026-10-07,2026-10-07T16:30:00-07:00,2026-10-07T19:30:00-07:00,FiDi (SF),,Lowenstein Sandler,Application,true,,46,raise; meet,AI; Finance,Happy hours & drinks,https://partiful.com/e/Gvsx4QEYVgKV8mLzX1OJ,2
94e17ac5-cd5a-49d5-af3b-8190f272888d,"20,000 Emails. Two Replies. The 25-Minute Masterclass on Aiming Before You Automate","20,000 Emails. Two Replies. The 25-Minute Masterclass on Aiming Before You Automate","You'll see my approval time before and after, with real numbers.",2026-10-07,2026-10-07T14:30:00-07:00,,Virtual (SF),,DragonflyAI,Application,true,,,build,AI; GTM & sales,Hackathons & workshops,https://partiful.com/e/MViiV3Q547MjTMF91oI8,1
9502d3e7-fb7e-4e63-8e7a-bbb3d68171e6,Nordic Rooftop Happy Hour,Nordic Rooftop Happy Hour,"Expect fireside chats, startup showcases, curated networking, great food and drinks, and a soundtrack worthy of the Nordic music powerhouse.",2026-10-07,2026-10-07T17:00:00-07:00,2026-10-07T20:30:00-07:00,FiDi (SF),,"Innovation Norway, Business Finland, Green Transition Initiative, Vinnova",Application,true,,427,raise; meet,AI; Finance,Happy hours & drinks; Networking & mixers; Panels & firesides,https://partiful.com/e/VcfPARRj0VVkgrD87kK4,3
955a6b83-8fc9-4a48-98a7-e73cad637899,The Talent Hunt: 20 AI Startups Pitch to 200 Top Builders,The Talent Hunt: 20 AI Startups Pitch to 200 Top Builders,"Once a year, the best builders converge on SF.",2026-10-07,2026-10-07T15:00:00-07:00,2026-10-07T19:00:00-07:00,SOMA,,Jobright.ai,Application,true,,303,raise; build; hire,AI,Demos & pitches; Panels & firesides,https://partiful.com/e/nr9grKKMWdzzn1kpNmSI,1
9579a5a1-0f8f-4077-adf7-753d1adce3d1,"Applied AI, Live Asks & Offers: Chiefs of Staff and Microsoft Data Scientists","Applied AI, Live Asks & Offers: Chiefs of Staff and Microsoft Data Scientists","Join Microsoft and Ask a Chief of Staff for a live ""Asks and Offers"" session where Chiefs of Staff and operators present real business problems and data scientists respond in real time with ideas, frameworks, and potential solutions.",2026-10-07,2026-10-07T15:00:00-07:00,2026-10-07T17:00:00-07:00,FiDi (SF),"555 California Street, 555 California St 350, San Francisco, CA",Ask a Chief of Staff,Unknown,false,,,,AI,,https://partiful.com/e/1rqjB8IqhlhVGcqjLvap,4
958e77fa-5008-4828-acfe-c10737a1ab9b,The Meaningful Handshake Experiment,The Meaningful Handshake Experiment,You’ll try a new way of making conversations more meaningful from the very first moment.,2026-10-07,2026-10-07T18:30:00-07:00,2026-10-07T20:30:00-07:00,Mission,"Mission Dolores Park, 566 Dolores St, San Francisco, CA",Purpose:Labs,Application,true,,47,meet,AI; Media & entertainment,Networking & mixers,https://partiful.com/e/u7imLR9eaFNcdKkcudql,0
95d26efb-8086-4cfb-b829-0ca9d6fc76aa,Decentralized Neurosymbolic AI Braindump,Decentralized Neurosymbolic AI Braindump,"A chat for researchers to meet other researchers at frontier tower, where we will discuss decentralized neurosymbolic AI agents, and how Agents can not just trust but rather formally prove statements they make to each other.",2026-10-07,2026-10-07T13:00:00-07:00,2026-10-07T17:00:00-07:00,Mission,"Frontier Tower, 995 Market St, San Francisco, CA","hallucinate LLC, Linux Foundation",Application,true,,446,build; meet,AI,Networking & mixers; Hackathons & workshops,https://partiful.com/e/c4VYA1o4qL66PF1ei1jV,9
95ea8105-ac26-402d-b1e5-72ef4930970d,Prompt to Party: the BullAI After Party,Prompt to Party: the BullAI After Party,Come join BullAI for the (un)official San Francisco Tech Week After Party!,2026-10-07,2026-10-07T20:00:00-07:00,2026-10-08T00:00:00-07:00,SOMA,,BullAI,Application,true,,146,meet; fun,AI,Parties & raves; Afterparties,https://partiful.com/e/W6EXvVkbhNTm3G48jvjG,3
968cb186-a196-4632-9de2-a8c93fa612f5,The Voice AI Rooftop: Modulate x VoiceRun,The Voice AI Rooftop: Modulate x VoiceRun,"If you're a founder, engineer, product leader, or part of an AI team actively building or deploying Voice AI agents — particularly for customer service, contact centers, healthcare, insurance, or other high-volume use cases — join…",2026-10-07,2026-10-07T17:00:00-07:00,2026-10-07T19:00:00-07:00,SOMA,,"Modulate, VoiceRun",Application,true,,,meet,AI; Health & biotech,Happy hours & drinks,https://partiful.com/e/ubd3BbtuPLXNW4b2043D,3
98656008-2881-465c-94dd-8000b50fd6c1,AI x Healthcare | Dinner @ Original Joe's,AI x Healthcare | Dinner @ Original Joe's,Enjoy a succulent (Italian-American) meal at Original Joe's!,2026-10-07,2026-10-07T19:15:00-07:00,,North Beach,,Arcophos,Application,true,,5,meet,AI; Health & biotech,Dinners,https://partiful.com/e/z6zF9hVebCOfeMWLmM8B,2
989d6da8-81d6-4aaa-b4ee-db5874a2d0bb,Flow with Timing: Morning Meditation & Meaningful Connections,Flow with Timing: Morning Meditation & Meaningful Connections,"Join Timing for a gentle morning of yoga, guided meditation, and meaningful conversations with founders, investors, and builders across the tech community.",2026-10-07,2026-10-07T08:00:00-07:00,,SOMA,,Timing,Application,true,,119,meet,Media & entertainment; AI,Coffee & breakfast,https://partiful.com/e/IT5hCpAULZpduG5AwO6j,0
9a995609-c8be-4773-a0b0-c5fbd14b9ad6,Decant the Decision on Your AI-Native Finance Tech Stack: Build vs. Buy with Tabs & Campfire,Decant the Decision on Your AI-Native Finance Tech Stack: Build vs. Buy with Tabs & Campfire,,2026-10-07,,,North Beach,,Tabs,Unknown,false,,,build; meet,AI,Dinners; Networking & mixers,https://partiful.com/e/UyAvfVLzWQ6hBCkyG1KN,0
9bef5ce2-5798-4b9d-952b-c3ff17eaf0fb,Build Better 2026,Build Better 2026,"Join for a day of learning - topics will cover the cutting edge of manufacturing in AI infrastructure, consumer, and defense electronics.",2026-10-07,2026-10-07T09:00:00-07:00,,East Bay,"Alameda, CA",Instrumental Inc,Application,true,,34,build,Robotics & hardware,Panels & firesides; Hackathons & workshops,https://partiful.com/e/L0GUED8gq25VMRRf8oDY,23
9c04f81c-210d-4e7a-bba1-1637f862e8e3,NexxaWorld - presented by Nexxa.ai & a16z,NexxaWorld - presented by Nexxa.ai & a16z,San Francisco's Biggest Night in Industrial AI,2026-10-07,2026-10-07T17:00:00-07:00,,SOMA,,Nexxa.ai,Application,true,,,raise; meet,AI; Finance,Networking & mixers,https://partiful.com/e/uJMR8t2zTYWJiNyS7VLp,6
9c47cb0b-eafb-4125-b4f6-bd7c03b992a3,"THE 1,000 STRANGERS EXPERIMENT 5 scoops of ice cream, 5 introductions and human connection.","THE 1,000 STRANGERS EXPERIMENT 5 scoops of ice cream, 5 introductions and human connection.","This tech week, we're bringing 1,000 strangers together in San Francisco** for one of the biggest experiments in human connection.",2026-10-07,2026-10-07T19:00:00-07:00,2026-10-07T21:00:00-07:00,Embarcadero,"Shark15, 1 Ferry Building, Suite 201, San Francisco, CA",Zee Labs,Application,true,,138,build,AI,Hackathons & workshops,https://partiful.com/e/ZVleuhN1pB4CvoOi43lK,2
9d5e892d-ff22-410f-98fc-979bee3c1de5,Pioneer: A summit for CX Leaders,Pioneer: A summit for CX Leaders,"Join CX leaders from Anthropic, Clay, Kalshi, Gamma, Appfolio, Teachable, Nuuly and more, for a day of industry-shaping dialogue on the future of customer experience.",2026-10-07,2026-10-07T08:45:00-07:00,2026-10-07T16:45:00-07:00,Lower Nob Hill,"Regency Ballroom, 1300 Van Ness Ave, San Francisco, CA",Fin,Application,true,,,meet,AI,Networking & mixers; Panels & firesides,https://partiful.com/e/IxRXR5EjY21ZnL5llJgo,17
a095f32c-7381-4dd8-9755-a08fc388d219,Building AGI for Humanity: Dr. Ben Goertzel’s 20-Years on the Path to Beneficial AGI,Building AGI for Humanity: Dr. Ben Goertzel’s 20-Years on the Path to Beneficial AGI,Building AGI for Humanity: Dr. Ben Goertzel’s 20-Year Quest for Beneficial AGI,2026-10-07,2026-10-07T18:00:00-07:00,,SOMA,,Light DAO,Application,true,,,build,AI,Panels & firesides,https://partiful.com/e/tFkt1w86DCZOLSQBiNvT,1
a12be37f-c5fa-4c72-ae5f-e32716eaec20,Women Shaping the Future of Finance,Women Shaping the Future of Finance,"Join Financial Women of San Francisco (FWSF) during SF Tech Week for an evening bringing together women across fintech, banking, venture, and technology.",2026-10-07,2026-10-07T17:00:00-07:00,2026-10-07T19:00:00-07:00,SOMA,,Financial Women of San Francisco,Application,true,,264,,Finance; AI,Panels & firesides,https://partiful.com/e/4zEgQD0CAPWbdwQaMKzW,2
a17b9d05-48d6-4690-ba40-0bd285ea74c7,"Fonzi Tech Talk: Delphi, Sphere, Corridor","Fonzi Tech Talk: Delphi, Sphere, Corridor","Join us for the October edition of the San Francisco AI Engineers Tech Talk, a gathering focused exclusively on AI engineering.",2026-10-07,2026-10-07T18:00:00-07:00,,SOMA,"40 Boardman Pl San Francisco, United States",Fonzi AI,Application,true,,,raise; build; meet,AI,Happy hours & drinks; Networking & mixers; Demos & pitches,https://partiful.com/e/wFzzA65dNX6CwDi4rSZb,5
a2d75555-8fe5-44aa-b2e9-919bc1f5f16a,Open to Work: The Game Show,Open to Work: The Game Show,A live game show and networking night built around the one thing everyone in the room has in common: the job hunt.,2026-10-07,2026-10-07T19:30:00-07:00,,Mission,"530 Hampshire St, San Francisco, CA",Khwajalabs,RSVP,false,,1,meet; fun,,Happy hours & drinks; Networking & mixers,https://partiful.com/e/PRAWaWbHzADgRkN5M6BX,0
a2e1592b-5649-441c-81ed-8c5522c53cc1,Tech Roast Show [Presented by Rippling],Tech Roast Show [Presented by Rippling],"More about Tech Roast: Renegade tech comedians Jesse Warren, Austin Nasso, and Nikita Oster roast whimpering San Francisco techies on stage in front of a live crowd.",2026-10-07,2026-10-07T17:00:00-07:00,2026-10-07T21:00:00-07:00,Nob Hill,"Herbst Theatre, 401 Van Ness Ave, San Francisco, CA",Rippling,RSVP,false,,151,,AI,,https://partiful.com/e/fllGZlRdRhqhysLwM9QD,0
a30971a2-8b6c-4757-9c79-ae275cd6e7d6,Female Founders and Funders Walk,Female Founders and Funders Walk,"Whether you’re navigating the challenges of building a company, investing in what comes next, or simply looking to meet thoughtful people doing interesting work, this is a chance to connect in a setting where conversation comes a little…",2026-10-07,2026-10-07T14:30:00-07:00,2026-10-07T16:30:00-07:00,Salesforce Park,"Salesforce Park, 425 Mission St, San Francisco, CA",Venturous Counsel,RSVP,false,,145,meet; fun,,Runs & walks; Networking & mixers,https://partiful.com/e/zL6hX2dfVLTsaZKA6qGe,2
a4e3a106-cce4-4f11-a179-e1fbf916d0a3,"Fireside Chat with Charly Kevers, CFO of Carta","Fireside Chat with Charly Kevers, CFO of Carta","Join Carta, Dust, and the Operators Guild for a conversation with Charly Kevers, CFO of Carta, moderated by Nico Chinot, GM of US at Dust.",2026-10-07,2026-10-07T09:00:00-07:00,2026-10-07T11:00:00-07:00,SOMA,"28 2nd St 500, San Francisco, CA","Dust, Operators Guild",Application,true,,84,meet,AI; GTM & sales; Finance,Panels & firesides; Coffee & breakfast,https://partiful.com/e/dg3s6CMEV0I0BHyyyr4a,4
a51e9e77-0c90-419f-8f7a-b7d875f59782,Unprompted: Founders building the next thing people do for fun,Unprompted: Founders building the next thing people do for fun,"Join us for a conversation with founders behind some of today's most inventive AI-powered entertainment and social experiences, moderated by a leading consumer VC, as we explore what's next for AI built for fun instead of efficiency.",2026-10-07,2026-10-07T09:00:00-07:00,2026-10-07T11:00:00-07:00,FiDi (SF),"Fenwick Office, 1 Front St, San Francisco, CA",Fenwick & West,Application,true,,145,build,AI,Panels & firesides,https://partiful.com/e/6nYbFMRG6CSAERI5EDP4,6
a535cdde-d417-4347-82cb-5faed3bc3afb,"Be honest. You're not really doing evals, are you?","Be honest. You're not really doing evals, are you?","This is a technical evening - built for the platform engineers, AI engineers and tech leads who are running agents against real production traffic.",2026-10-07,2026-10-07T19:00:00-07:00,,Mission,"Mission District, San Francisco, CA",ZenML GmbH,Application,true,,,meet,AI,Networking & mixers; Panels & firesides,https://partiful.com/e/e1ylZcEsWzY0b7j6ttAe,2
a6790e2d-dd35-4854-bfc6-fa6a462d8b66,Translate Your BA Into a Tech Career,Translate Your BA Into a Tech Career,There’s never been a greater time to break into tech with a BA degree.,2026-10-07,2026-10-07T14:00:00-07:00,,Virtual (SF),,Translating Your BA,Unknown,false,,,build; hire,,Hackathons & workshops,https://partiful.com/e/KDfFpSq7f1epLo75513w,1
a7d424ea-46d0-4ce3-a9fd-d49fa4374e9a,Physical AI in the Real World,Physical AI in the Real World,Join RLWRLD and Niantic Spatial during SF Tech Week for an invite-only showcase of physical AI in action.,2026-10-07,2026-10-07T14:30:00-07:00,2026-10-07T17:30:00-07:00,Embarcadero,,RLWRLD,Unknown,false,,,meet,AI; Robotics & hardware,Happy hours & drinks; Networking & mixers,https://partiful.com/e/WYazonn02xeiSz9xoRwu,0
a7f801b3-353c-4d04-bf95-1ad076d0fae5,Investing in the Physical Future,Investing in the Physical Future,"Explore investment opportunities across robotics, mobility, energy, semiconductors, industrial AI, and advanced hardware.",2026-10-07,2026-10-07T09:00:00-07:00,2026-10-07T12:00:00-07:00,Downtown (SF),,"Plug and Play, SVB",Application,true,,,raise; meet,AI; Finance,Coffee & breakfast; Networking & mixers; Panels & firesides,https://partiful.com/e/4FOmkpw7GhDPyoI88h1B,5
a7fe18d9-6bad-4c62-b83b-4e8fb35c631b,"Agents at Altitude w/ Salesforce, Fin","Agents at Altitude w/ Salesforce, Fin","Join Salesforce Launchpad, Fin, and some of our hottest, highest-altitude startups for a conversation about how MCP and connected customer agents are reshaping the GTM stack.",2026-10-07,2026-10-07T17:00:00-07:00,2026-10-07T19:30:00-07:00,FiDi (SF),,Fin,Application,true,,301,build; meet,AI; GTM & sales,Networking & mixers; Panels & firesides,https://partiful.com/e/5BKkDUZiqxPXnkRhlaeg,3
a962331f-9f9c-446f-ab45-c8ff5bebc107,Signal Table - GP & LP Dinner,Signal Table - GP & LP Dinner,"A private, invitation-only dinner series by Flex (flex.one) and Superconnected, bringing together senior VCs, GPs, LPs, and fund leaders from top venture firms, family offices, and institutional allocators.",2026-10-07,2026-10-07T18:00:00-07:00,2026-10-07T21:00:00-07:00,FiDi (SF),,Flex,Application,true,,28,raise; meet,AI; Finance,Dinners,https://partiful.com/e/tDBsbMAJ0h0xsrlE3HlQ,2
aa490d1b-8d19-45d0-a564-dc8e0d216de5,Surge Demo Day,Surge Demo Day,Join us for a live look at how Surge is building intelligent HR infrastructure for companies ready to move beyond fragmented systems and reactive HR.,2026-10-07,2026-10-07T10:00:00-07:00,,FiDi (SF),,Surge People Partners,Application,true,,,raise; build,AI,Demos & pitches,https://partiful.com/e/O6PXaQ9cCVjB2i9GLHI6,3
aa74a75f-598b-4109-9087-f752d2b44e9d,Nugen AI Behavior Lab : Beyond Fine-Tuning - From Model Intelligence to Reliable Behavior,Nugen AI Behavior Lab : Beyond Fine-Tuning - From Model Intelligence to Reliable Behavior,"​AI can be intelligent and still be unreliable. ​In high-stakes domains like legal, finance, healthcare, insurance, and compliance, getting a model to produce an impressive answer…",2026-10-07,2026-10-07T10:00:00-07:00,,Virtual (SF),,Nugen Intelligence,Unknown,false,,,,,,https://partiful.com/e/BYZyg6dtmiOAPMsVA139,2
ab94a1f2-6fb7-4c10-b3d6-f002cffa9165,Google for Startups & NVIDIA: From Compute to Competitive Moats: Building Defensibly.,Google for Startups & NVIDIA: From Compute to Competitive Moats: Building Defensibly.,"Acceptance for this timeslot grants you the flexibility to customize your experience: catch your choice of headline speakers, drop in for specific sessions, or step away at any time to check out live demos, grab a coffee, and connect in…",2026-10-07,2026-10-07T09:30:00-07:00,2026-10-07T12:00:00-07:00,SOMA,,Google for Startups,Application,true,,,build,AI,Panels & firesides,https://partiful.com/e/MXd2fC8umpyvOwQ3KP3S,13
ac1c86c5-2e99-46c5-b050-4ad759b3956e,Investing in 2026: Dinner with Founders & Investors,Investing in 2026: Dinner with Founders & Investors,"Join team members from Fundrise’s $VCX for an evening of dinner, drinks, and conversation about AI and the companies being built around it.",2026-10-07,2026-10-07T19:00:00-07:00,,FiDi (SF),,Fundrise,Application,true,,16,raise; meet,AI; Finance,Dinners,https://partiful.com/e/MfFE7jGzh5Hi6jww7h1e,3
ac4b828e-899a-4469-9394-0ae5d9dda9c4,Warm Up: GTM Run Club,Warm Up: GTM Run Club,"Join us for a three-mile run along the Embarcadero, followed by coffee and pastries at the Unify office!",2026-10-07,2026-10-07T08:00:00-07:00,2026-10-07T10:00:00-07:00,Embarcadero,,Unify,Application,true,,,sell; meet; fun,GTM & sales,Runs & walks; Coffee & breakfast,https://partiful.com/e/rb40UnmBJyGtt6JgXBy2,1
ac51bb58-9dfe-47b6-929f-403c7697294c,"Dogs, Deals & Pet Longevity","Dogs, Deals & Pet Longevity","Hosted by Stay, a pet longevity startup. We spend our days on the science of helping dogs and cats live longer, and we will share what we have learned.",2026-10-07,2026-10-07T08:30:00-07:00,2026-10-07T10:00:00-07:00,Golden Gate Park,,Stay Pet Health,Unknown,false,,,,AI; Health & biotech,,https://partiful.com/e/n3PRHhVirVygG2PHiTmZ,0
ace0ead7-ae78-4814-b3dc-08d5ac622327,Ideacoil Breakfast & Coffee Networking,Talk consumer feedback loops with builders over breakfast,"Before the main stages open, join a curated room of creators, investors, and builders for relaxed networking and real talk.",2026-10-07,2026-10-07T08:00:00-07:00,,Jackson Square,,Ideacoil,Application,true,,10,meet,GTM & sales,Coffee & breakfast; Networking & mixers,https://partiful.com/e/5pUpqwuWN84EN46UOpwI,1
ad8bf9dc-a545-4ced-8cf7-52615e4dc158,F**kUp Nights with ValkaAI,F**kUp Nights with ValkaAI,Behind every clean demo is a pile of things that didn't work.,2026-10-07,2026-10-07T19:00:00-07:00,,SOMA,"SOMA, San Francisco, CA","ValkaAI, Fuckup Nights",Application,true,,193,meet,AI,Happy hours & drinks; Networking & mixers,https://partiful.com/e/gPxuCgqfjDarNjvcokxE,0
ae1e6519-4c4c-4196-a45b-8e0625026795,Tech Insider: Growth Mode,Tech Insider: Growth Mode,"This is a curated, application-based event for founders and senior executives at mid- and late-stage companies–including CEOs and CFOs–as well as leading investors and the legal, financial, and technology partners helping these…",2026-10-07,2026-10-07T17:00:00-07:00,2026-10-07T20:00:00-07:00,Fisherman's Wharf,,Business Insider,Application,true,,25,raise; sell; meet,Finance; AI,Happy hours & drinks; Networking & mixers; Panels & firesides,https://partiful.com/e/gr5didkcEvmPCRi6dd0J,6
aecbb396-569c-4974-928d-f8607492d68a,Start-up and Investor Meetup,Start-up and Investor Meetup,"The Swedish House during SF Tech Week gathers founders, VCs, corporates, and academia across and serves as a curated hub connecting Swedish and US companies through events, networking, and co‑working throughout the week.",2026-10-07,2026-10-07T12:00:00-07:00,2026-10-07T13:30:00-07:00,FiDi (SF),"The Art of San Francisco, 2 Sacramento St, San Francisco, CA",Business Sweden,Application,true,,106,raise; meet,AI; Finance,Networking & mixers,https://partiful.com/e/9Ug9xwadkIsnTWM9bBh8,6
affacad9-28fe-4dff-a3a4-596b8951a9a9,"The Hardware Layer of AI: Builders, Bits, and Physical Tech","The Hardware Layer of AI: Builders, Bits, and Physical Tech","Join Xometry for an intimate fireside chat featuring Lukas Biewald (SVP of AI CoreWeave, Co-founder and Former CEO of Weights & Biases) and Vaidy Raghavan (Chief Technology Officer, Xometry) as they dive deep into the front lines of AI…",2026-10-07,2026-10-07T17:00:00-07:00,2026-10-07T19:00:00-07:00,Embarcadero,,Xometry,Application,true,,105,build,AI; Robotics & hardware,Panels & firesides; Hackathons & workshops,https://partiful.com/e/cQFMFICpNWW3JMjVyVHx,3
b08d3a79-561f-46d0-b983-ac190d4d35a1,EliseAI x Baseten: Open Source in Production + Arcade Night,EliseAI x Baseten: Open Source in Production + Arcade Night,Join EliseAI and Baseten for an evening of real open source talk + real arcade games.,2026-10-07,2026-10-07T18:30:00-07:00,,Mission,"The Detour SF, 2200 Market St, Unit A, San Francisco, CA","EliseAI, Baseten",Application,true,,,build; meet,AI,Networking & mixers; Panels & firesides; Hackathons & workshops,https://partiful.com/e/qZ9tQNSPOgpvxNYkMZVD,2
b1d99374-217d-4b0c-8e57-87e60cc91adb,Tech Week Basketball Tournament,Tech Week Basketball Tournament,"-If you're a team captain, please register first and then forward this link to your players.",2026-10-07,2026-10-07T18:30:00-07:00,2026-10-07T21:30:00-07:00,Marina,,The Collective,Application,true,,,,,,https://partiful.com/e/GoHN0VO5qsRTXPTVh6Es,2
b35b9acd-5ae2-4885-9ce5-5525d0dd1cf1,SF Mornings: Investor Breakfast,Hear hardware pitches and compare financing needs over breakfast,"Vulcury is bringing together hardware founders and investors for a morning of real talk over breakfast — what's getting funded, what founders actually need from the people backing them, and where the next round of hardware bets are…",2026-10-07,2026-10-07T09:30:00-07:00,,SOMA,,Trustbridge,Application,true,,,raise; meet,AI; Finance; Robotics & hardware,Coffee & breakfast,https://partiful.com/e/3Du6qCa0HEgCmzce9htp,1
b55f3673-a2e6-43a4-9713-390e02a0ce79,"Fight On, SF: Where The Next Round Starts","Fight On, SF: Where The Next Round Starts","Founders, investors, operators, and the GTM leaders scaling it all — join us for a night of drinks, conversation, and connection during San Francisco Tech Week.",2026-10-07,2026-10-07T18:00:00-07:00,2026-10-07T20:00:00-07:00,Downtown (SF),"Lower Nob Hill, San Francisco, CA",University of Southern California,Application,true,,268,raise; meet,AI; Finance; GTM & sales,Happy hours & drinks; Networking & mixers,https://partiful.com/e/OUC3HeAlVDEzIeF4VMSs,7
b68b0f97-3c64-4fb3-be4e-ecd5a3a78a59,Rethinking Car Service,Rethinking Car Service,Car service still feels much harder than it should.,2026-10-07,2026-10-07T18:00:00-07:00,,SOMA,,Autenda,Application,true,,40,meet,AI,Happy hours & drinks; Networking & mixers,https://partiful.com/e/SwnbI1DNmp4HwEPPf0zW,0
b714c75f-47a3-46bc-88d9-ffe52d7e07e9,Scaling Innovation Across Borders,Scaling Innovation Across Borders,"Join us during SF Tech Week for a private gathering of founders, investors, IP professionals, and technology executives exploring what it takes to build and scale global technology companies.",2026-10-07,2026-10-07T17:30:00-07:00,2026-10-07T20:30:00-07:00,FiDi (SF),,"SHUSAKU·YAMAMOTO, Silicon Valley Bank",Application,true,,,raise; meet,,Dinners; Networking & mixers,https://partiful.com/e/326YtDVBB62n2vMg3rdf,2
b847975b-27ed-43cd-849f-2de5c8b821df,Agent Hackathon: Voice Mode On - Sponsored by Anthropic,Agent Hackathon: Voice Mode On - Sponsored by Anthropic,"This is a rare chance to see agent-building agents live, hosted by the team that builds them for a living.",2026-10-07,2026-10-07T12:00:00-07:00,,SOMA,,Cresta,Application,true,,112,build; meet,AI,Hackathons & workshops; Happy hours & drinks; Networking & mixers,https://partiful.com/e/bq3rFJ5Lfqyjtryj5v9I,0
b8d6bf4e-19bd-428d-8f0a-9a97dd5eb84f,"Bigger Than Benchmarks: Deploying AI in Healthcare with DeepMind, Verily and Stanford Health","Bigger Than Benchmarks: Deploying AI in Healthcare with DeepMind, Verily and Stanford Health","This panel looks at the real state of clinical AI in production through four lenses: the models themselves, the infrastructure they run on, how they reach clinical workflows, and whether clinicians and patients trust them enough to use…",2026-10-07,2026-10-07T18:30:00-07:00,,Union Square (SF),"Sentry HQ, 45 Fremont St, San Francisco, CA",Amigo,Application,true,,,,Health & biotech; AI,Panels & firesides,https://partiful.com/e/RBjOKviZHlul9bF8o1Tx,0
ba499313-e472-48c8-96ea-20a9b6e95704,Benchmark AI Dinner,Benchmark AI Dinner,Join Guillermo Rauch (G) and Jack Altman in conversation over a simple meal.,2026-10-07,2026-10-07T19:00:00-07:00,,FiDi (SF),,Vercel,Application,true,,,meet,AI,Dinners,https://partiful.com/e/OYitylvrnt5tXcBtWXug,2
bceff440-b7b4-4e46-9419-a4f39866c65d,Pancakes* with Pensa: A Forum for Leaders of Hardware Startups,Pancakes* with Pensa: A Forum for Leaders of Hardware Startups,"In this special SF Tech Week edition of Pancakes* with PENSA (*full disclosure: no pancakes are served), we’ll bring together 10–12 hardware founders and leaders for an intimate open breakfast conversation about the challenges of the…",2026-10-07,2026-10-07T09:30:00-07:00,2026-10-07T11:30:00-07:00,Other,,Pensa,Application,true,,,meet,Robotics & hardware; Health & biotech,Coffee & breakfast,https://partiful.com/e/uV5j3zsaepUHfPWhUJvP,5
bd12e02b-6bba-41ac-af3d-0ee56fae776e,Executive Roundtable: Future of People Tech,Executive Roundtable: Future of People Tech,Beyond Point-Solution Bloat: Architecting the Modern People Tech Stack,2026-10-07,2026-10-07T17:00:00-07:00,2026-10-07T20:00:00-07:00,Downtown (SF),,All Good HR / Founders Foundry,Application,true,,,build,AI,Hackathons & workshops,https://partiful.com/e/X4egjcGxn3HNacdTfeAP,1
bd9896ce-b969-4ff4-ad9d-af31ae846a05,ProductCon,ProductCon,"For Product Leaders, By Product Leaders — Fueled by AI",2026-10-07,2026-10-07T09:00:00-07:00,,Mission,"SVN West, 10 S Van Ness, San Francisco, CA",Product School,Application,true,,5,meet,AI; Media & entertainment,Networking & mixers,https://partiful.com/e/k0CZdGYW8CE3p6X0f13j,17
be5abafd-cf97-4729-adaa-1fda1246d186,Day One Security,Day One Security,"Join us for lightning talks from first security hires and security professionals, then stay to mingle and get advice from other founders.",2026-10-07,2026-10-07T13:00:00-07:00,2026-10-07T15:00:00-07:00,Dogpatch,"Dogpatch Hub, 1278 Minnesota St Main Hall, San Francisco, CA",Oblique Security,Application,true,,65,build; meet,,Hackathons & workshops,https://partiful.com/e/XJr1dx0LSCbnlbm4zn2Z,6
bed1746c-5e40-44d2-a54c-f3377b084e6b,Tech for Good Happy Hour,Tech for Good Happy Hour,"A happy hour for impact entrepreneurs, investors, philanthropists, nonprofit executives, and leaders who are playing an infinite game.",2026-10-07,2026-10-07T18:00:00-07:00,,FiDi (SF),,CivicNexus,Unknown,false,,,meet,,Happy hours & drinks,https://partiful.com/e/havFvgnKwZEsD8xbtXgb,0
bf7726fd-50ab-406c-9bbb-1e40e84c7ee4,Forward-Deployed AI Forum: The Enterprise Edition,Forward-Deployed AI Forum: The Enterprise Edition,"Expect a featured discussion, audience Q&A, drinks, appetizers, and thoughtful connections.",2026-10-07,2026-10-07T17:00:00-07:00,2026-10-07T20:00:00-07:00,FiDi (SF),"Nixon Peabody, 1 Embarcadero Center, FL 32, San Francisco, CA",House of 434,Application,true,,225,sell,AI; Finance,Panels & firesides,https://partiful.com/e/6J5wwtsozcYcXxNzZdMs,2
c1236b3e-8cc5-4f08-bd14-05faadf0f6db,Agentic AI on AWS: From Concepts to Hands-On Lab - #Startups@AWS,Agentic AI on AWS: From Concepts to Hands-On Lab - #Startups@AWS,"This workshop takes you from core concepts (what agents are, how they reason, how they use tools) through a hands-on lab where you build and deploy your first agent on Amazon Bedrock.",2026-10-07,2026-10-07T11:00:00-07:00,2026-10-07T14:00:00-07:00,Downtown (SF),,AWS,Application,true,,54,build; meet,AI,Coffee & breakfast; Hackathons & workshops,https://partiful.com/e/i0LAU14UtPx50RJZemTE,3
c22cc5b0-7fce-4a2b-a441-46339013c4cb,Beyond Earth: The Aerospace Robotics and SpaceTech Fireside Discussion,Beyond Earth: The Aerospace Robotics and SpaceTech Fireside Discussion,Welcome to the premier gathering at the intersection of advanced robotics and aerospace engineering.,2026-10-07,2026-10-07T17:00:00-07:00,,Alamo Square,,Sobremesa,Application,true,,179,meet,Robotics & hardware; AI,Networking & mixers; Panels & firesides,https://partiful.com/e/aB6pUivQ6e1yJ17QyAJC,0
c24d0840-401f-4759-b9f3-1c1bc77cfa96,"Blitzscaling with AI featuring Open AI, YC, A16z Speedrun","Blitzscaling with AI featuring Open AI, YC, A16z Speedrun",,2026-10-07,,,FiDi (SF),,10X Growth Strategies,Unknown,false,,,,AI; GTM & sales,Panels & firesides,https://partiful.com/e/fHiqqOExztQnXrJqImOD,10
c3133736-2bde-4195-be56-0f9722fb35f4,Investor Brunch @ MATCH HOUSE,"Meet VCs, angels, family offices and LPs over brunch","Invite and approval only brunch for startup investors - VC, angels, family offices, and LP's.",2026-10-07,2026-10-07T10:00:00-07:00,2026-10-07T12:00:00-07:00,Downtown (SF),,"MATCH HOUSE, Boop, FirstGlance",Application,true,,54,raise; meet,AI; Finance,Coffee & breakfast,https://partiful.com/e/8XIQVOT6a7e7SvyPXklj,1
c38ce546-27b5-47c6-8b06-66972c0e9129,Fuel & Focus Hub: WeWork & DoorDash for Business,Fuel & Focus Hub: WeWork & DoorDash for Business,,2026-10-07,2026-10-07T09:00:00-07:00,2026-10-07T18:30:00-07:00,SOMA,,DoorDash for Business,Application,true,,,meet,,Coffee & breakfast; Happy hours & drinks; Networking & mixers,https://partiful.com/e/qb3liosKxBHWoz14Iq3z,0
c4fb4e05-5daf-453b-91d5-880b1efbbde8,Do Chinese AI models signal a new world order?,Do Chinese AI models signal a new world order?,Join us for a panel discussion on China's AI models followed by a networking reception.,2026-10-07,2026-10-07T15:30:00-07:00,,FiDi (SF),"Ferry Building, 1 Ferry Building Port Commission Hearing Room, San Francisco, CA",Rest of World,Application,true,,,meet,AI,Networking & mixers; Panels & firesides,https://partiful.com/e/3l6UgECXhBZbJlWVA6E0,6
c511b041-9751-4c5d-bd5a-fff26af48f56,Free Coffee + Build Hour: Scale Your GTM Team on Genspark,Free Coffee + Build Hour: Scale Your GTM Team on Genspark,Visit the viral Genspark lemonade stand in the city during #SFTechWeek.,2026-10-07,2026-10-07T11:00:00-07:00,2026-10-07T13:00:00-07:00,Rincon Hill,,Genspark.ai,Application,true,SoldOut,12,raise; build; sell; meet,AI; Finance,Happy hours & drinks,https://partiful.com/e/IODZHP5HD0RHd14S4laR,1
c7c19a06-c9e1-4851-9c3d-572b26234e60,Infra for Intelligence,Infra for Intelligence,"Join BytePort, smol machines, and companies building the infrastructure behind AI for a panel on the technologies making the next generation of intelligence possible.",2026-10-07,2026-10-07T18:00:00-07:00,,SOMA,,"smol machines, BytePort",Application,true,,68,build; meet,AI,Dinners; Panels & firesides,https://partiful.com/e/UVbHvRJ8GTxln0dw7m6v,2
c9a19ff6-a0d5-4bff-817e-91ecd549597a,Building Forward After Accelerator Turndowns,Building Forward After Accelerator Turndowns,"💜 Not the support group you wanted, but the support group you need.",2026-10-07,2026-10-07T10:00:00-07:00,,FiDi (SF),"Marina District, San Francisco, CA",envision blueprint,Application,true,,,build,AI,Panels & firesides,https://partiful.com/e/ho3x950YhQCSCBAYOgJp,4
ca671818-72a3-4838-847b-2b73a63a2ab9,AI for Solo Founders: Virtual Coffee Chat & Networking,Meet other solo founders using AI over a virtual coffee,"Instead of a formal webinar or lecture, participants will be randomly matched into small breakout groups to introduce themselves, share what they are building, discuss how they are using AI in their work, and meet others building in a…",2026-10-07,2026-10-07T17:00:00-07:00,,Virtual (SF),,"Leago AI, Inc.",Unknown,false,,49,raise; build; meet,AI; GTM & sales,Coffee & breakfast; Networking & mixers; Demos & pitches,https://partiful.com/e/b8sLuGi62VKLbqhlOa2X,1
caa57c0f-b5be-49ae-9997-db158b30a88a,Clouted x &FRIENDS mid week party,Clouted x &FRIENDS mid week party,"Clouted’s SFTW Party will be powered by &FRIENDS - one of the largest EDM Festivals in Asia where artists like Zedd, ILLENIUM, Subtronics, Galantis, Porter Robinson, Knock2 and Dabin have played at.",2026-10-07,2026-10-07T19:00:00-07:00,,Mission,,Clouted,Application,true,,,meet; fun,Media & entertainment; AI,Parties & raves; Happy hours & drinks,https://partiful.com/e/N0mfJ9HUGqjSdgPX7glH,1
cad9c43b-0c02-4a4f-889c-c83ffe72adc0,Founder & VC Networking Lunch by Luminar Ventures & Business Sweden,Founder & VC Networking Lunch by Luminar Ventures & Business Sweden,"If you're an investor, VC or founder looking for the next inflection point in AI and deep tech, this is an unmissable opportunity to connect with top players handpicked by Luminar Ventures, Foundry Ventures, and Business Sweden.",2026-10-07,2026-10-07T12:00:00-07:00,,SOMA,,Luminar Ventures,Application,true,,,raise; meet,AI,Networking & mixers; Coffee & breakfast,https://partiful.com/e/cnZTnVXIEXZ1gKAzhfWl,2
cb59a444-e215-489a-a226-046ab76eb26a,Mercury & Supabase Happy Hour,Mercury & Supabase Happy Hour,Join us for an afternoon of relationship building and refreshments with one of the best views in the city.,2026-10-07,2026-10-07T13:00:00-07:00,2026-10-07T16:00:00-07:00,South Beach,,Mercury,Application,true,,,raise; meet,AI; Finance,Happy hours & drinks,https://partiful.com/e/6llvnZW8jlWdXZFXKOMH,1
cc522c7c-12a3-40b7-bb68-ba69a34407db,NXTVC National Launch,NXTVC National Launch,"The whole NXTVC crew, in one city, for the first time ever.",2026-10-07,2026-10-07T18:00:00-07:00,2026-10-07T20:00:00-07:00,Downtown (SF),,NXTVC,Application,true,,87,raise; meet,AI; Finance,Happy hours & drinks; Networking & mixers,https://partiful.com/e/ZDaWI920nlY33qxyIAso,0
ce331aa7-0dd3-4ca1-a474-44d9f6b285f7,speedrun × OpenAI | Founder Night at new speedrun HQ,speedrun × OpenAI | Founder Night at new speedrun HQ,This event is a gathering for speedrun alumni (& select friends) to reunite at our new San Francisco speedrun office!,2026-10-07,2026-10-07T20:30:00-07:00,2026-10-08T00:00:00-07:00,Jackson Square,,a16z speedrun,Application,true,,,meet,AI,Dinners; Happy hours & drinks; Networking & mixers,https://partiful.com/e/QS7Lp5wN0FKbHjCXiwTP,2
cf9e5609-602c-4ad2-8126-35f4ee5532e2,Byteport Pizza Night,Byteport Pizza Night,Grab a slice and connect with fellow builders and operators in Hayes Valley during #SFTechWeek.,2026-10-07,2026-10-07T18:30:00-07:00,2026-10-07T20:00:00-07:00,Hayes Valley,"Hayes Valley, San Francisco",Byteport,Application,true,,27,meet,,Dinners,https://partiful.com/e/jnj7mdpi8DvdkD8eSXez,1
cfa7223d-6c14-4616-9f41-0356402f362b,Pitch and HAHAHAHA 🎤,Pitch and HAHAHAHA 🎤,"Hosted by 18VC and Newgen Venture Partners, the evening is designed around discovering ambitious builders at the earliest stages and giving the Tech Week community a hands-on look at what they are creating next.",2026-10-07,2026-10-07T17:30:00-07:00,2026-10-07T19:30:00-07:00,FiDi (SF),,Newgen Venture Partners,Application,true,,196,raise; build; meet,AI,Demos & pitches; Networking & mixers,https://partiful.com/e/ctP3PG1J8gDbu3CNbHR0,2
d07678f1-3e70-40fb-b680-9cc7e3615584,Builders & Backers: AI x Health x Wearables,Builders & Backers: AI x Health x Wearables,,2026-10-07,2026-10-07T17:00:00-07:00,2026-10-07T20:30:00-07:00,Downtown (SF),,TheSprintFit,Unknown,false,,,raise; build,AI; Health & biotech; Finance,Panels & firesides; Demos & pitches,https://partiful.com/e/BShtgM6nT3OtBXNsST4r,0
d0c5ef11-ac14-43a5-baaf-f481f812a9f7,Every Token Has a Price,Every Token Has a Price,An afternoon on compute pricing during SF Tech Week.,2026-10-07,2026-10-07T14:00:00-07:00,,Mission,,Compute Exchange,Application,true,,7,meet,Robotics & hardware,Coffee & breakfast; Networking & mixers; Panels & firesides,https://partiful.com/e/TCbzFycPMc8s5fYu0pSM,5
d1b1e178-7556-468f-b1c9-26d8adeaddac,A Founders Breakfast w/ Vonage & Alumni Ventures,Meet Vonage and Alumni Ventures and explore startup support,"Vonage and Alumni Ventures are hosting an intimate breakfast for early-stage founders, investors, and ecosystem builders.",2026-10-07,2026-10-07T08:30:00-07:00,2026-10-07T11:00:00-07:00,Union Square (SF),,"Vonage, Alumni Ventures",Application,true,,300,raise; meet,AI; Finance,Coffee & breakfast; Networking & mixers; Panels & firesides,https://partiful.com/e/3AtcAW7p0BDNWIkvvdov,5
d27c2bb9-16ab-4811-9d80-2a35394572fd,100 Women in AI Report + Podcast Launch,100 Women in AI Report + Podcast Launch,"We are also launching season one of the 100 Women in AI podcast, where we do deep dives with honorees from the 2025 and 2026 recognition list, share their stories, and discuss what they're most excited about as this technology becomes…",2026-10-07,2026-10-07T18:00:00-07:00,2026-10-07T20:30:00-07:00,SOMA,,"Flybridge, Silicon Valley Bank",Application,true,,202,meet,AI,Happy hours & drinks; Networking & mixers; Panels & firesides,https://partiful.com/e/D78QA6OMs9MohChm71iq,3
d2e01b18-b360-4349-809e-59646b4b2f13,"Mid-Week Refuel: Founders Lunch, Hosted by Entrepreneur Ventures","Mid-Week Refuel: Founders Lunch, Hosted by Entrepreneur Ventures",Join us for a lunch built for founders and friends of the startup ecosystem.,2026-10-07,2026-10-07T11:00:00-07:00,2026-10-07T13:00:00-07:00,Mission Bay,,Entrepreneur Ventures,Application,true,,,raise; meet,Finance; AI,Coffee & breakfast,https://partiful.com/e/tZoPuOQC1POuu9JOuA1U,3
d3e32c5c-cec4-457c-b964-fbaed3dadb29,Women who write checks,Women who write checks,,2026-10-07,2026-10-07T19:00:00-07:00,,Mission,,Co Ventures,Unknown,false,,,raise; build; meet,AI; Finance,Networking & mixers; Panels & firesides; Hackathons & workshops,https://www.tech-week.com/calendar/sf,2
d41f2dbb-816c-4303-8168-eda17507de98,Happy Hour: AI & The New Clinical Trial Playbook,Happy Hour: AI & The New Clinical Trial Playbook,AI & the New Clinical Trial Playbook - Free Matcha,2026-10-07,2026-10-07T15:00:00-07:00,2026-10-07T17:15:00-07:00,Rincon Hill,,Caidya,Unknown,false,,,meet,AI; Health & biotech,Networking & mixers,https://partiful.com/e/gaBtuRjyRHpZATCXzs6L,0
d49bb010-b202-4264-81e8-6e0bab63530b,Growth Engineering @ Perplexity,Growth Engineering @ Perplexity,"Join Perplexity’s Growth team for an evening of conversation, drinks, and a look at what we’re building.",2026-10-07,2026-10-07T18:00:00-07:00,2026-10-07T20:00:00-07:00,Downtown (SF),,Perplexity,Unknown,false,,,sell; meet,AI,Happy hours & drinks; Panels & firesides,https://partiful.com/e/1622j3qgPPdTGLfAvPRG,4
d54c7300-36fe-4810-aff2-801c07959539,Naming What's Next: From Invention to Culture,Naming What's Next: From Invention to Culture,"From constellations to artificial intelligence, humans have always named things before we fully understood them.",2026-10-07,2026-10-07T19:00:00-07:00,2026-10-07T20:30:00-07:00,Mission,,Kalleko,Application,true,,51,meet,AI; GTM & sales,Dinners,https://partiful.com/e/WUegd5M9AsXDw4jF7yic,0
d5871cbb-a264-4cb4-ba27-42609f4ceba4,Health x AI Builders: An AI Founder's Guide to Healthcare,Health x AI Builders: An AI Founder's Guide to Healthcare,Come raise a glass with the people who get it.,2026-10-07,2026-10-07T17:15:00-07:00,,Presidio Heights,,Define Ventures,Application,true,,,build; meet,AI; Health & biotech,Happy hours & drinks,https://partiful.com/e/bv6fkwS9FkwazKWN04IH,4
d610ada9-6ed0-41a7-8d4b-4fcbc6eeb265,"From Pilot to Production: AI in Legal, Finance & Insurance","From Pilot to Production: AI in Legal, Finance & Insurance","If you are a VC investing in this space, join to meet the founders actively building.",2026-10-07,2026-10-07T16:30:00-07:00,,Downtown (SF),"555 Mission St 2nd Floor, San Francisco, CA","Converge VC, DLA Piper",Application,true,,392,meet,AI; Finance,Panels & firesides,https://partiful.com/e/Cwjzs3eaq2zpHhsDEdUr,5
d67d7e88-6cf0-4031-9827-dca64735a312,Fake Files Breakfast — claims leaders only,"Compare real photo, PDF and OCR fraud cases with claims leaders","Small invite-only breakfast for Heads of Claims, SIU, and Claims Ops.",2026-10-07,2026-10-07T09:00:00-07:00,2026-10-07T11:00:00-07:00,SOMA,,Mighty (Nine Suns),Application,true,,,meet,AI,Coffee & breakfast,https://partiful.com/e/1OLKB5mDiGgKa6jlPcxD,1
d7251c14-c443-41b2-a03d-d7a0a9c5d3b9,Austrian Demo Night,Watch 16 Austrian startups pitch — and vote for the winners,"Three-minute pitches start at 6:10 PM; audience voting at 7:05. Stay for live demos, networking and Austrian refreshments until 8:15.",2026-10-07,2026-10-07T17:30:00-07:00,2026-10-07T20:30:00-07:00,SOMA,"SAP Labs, 135 Townsend St, San Francisco, CA",OPEN AUSTRIA,Application,true,,194,raise; build; meet,AI; Health & biotech,Demos & pitches; Networking & mixers,https://partiful.com/e/njY03zpyEBM2ArbULcel,2
d7434f49-ae57-476f-83af-6151c1767fa8,COLM HappyHour,COLM HappyHour,"COLM is overlapping with Tech week, with some of the best researchers and builders around.",2026-10-07,2026-10-07T17:30:00-07:00,2026-10-07T20:30:00-07:00,Downtown (SF),,"Learning Layer, Workato",Application,true,,119,meet,AI,Happy hours & drinks,https://partiful.com/e/NANZ87JdLhh0sePgmzOK,6
d86b8a13-d49c-4e07-9993-70f734fb29f0,The Marketplace Economy in the Age of AI,The Marketplace Economy in the Age of AI,Join us for a candid conversation with thought leaders and founders building the next generation of marketplaces.,2026-10-07,2026-10-07T15:00:00-07:00,,Mission,,"Spectus Ventures, Dots",Application,true,,109,meet,AI,Panels & firesides,https://partiful.com/e/Z1FWbh8EJZRCEkiYfvoW,5
d9c6b0b3-1968-4488-8de9-2f84ebbab129,Building India Teams: The Cross-Border Comp & Talent Playbook,Building India Teams: The Cross-Border Comp & Talent Playbook,Every US company scaling engineering is weighing an India build — and most get the first three hires wrong.,2026-10-07,2026-10-07T18:00:00-07:00,,Union Square (SF),"Union Square, San Francisco, CA",Qrata,Application,true,,26,build; hire; meet,,Dinners; Hackathons & workshops,https://partiful.com/e/v9DP2Kz0EFBk3yzkzKWO,0
d9e7cb96-f52e-48b3-9465-61e1338a2e22,How Agentic AI is disrupting commerce and retail,How Agentic AI is disrupting commerce and retail,Join us for a Panel Discussion & Networking with Builders & Innovators in the Agentic Commerce space.,2026-10-07,2026-10-07T16:30:00-07:00,,SOMA,,Leenagent,Application,true,,99,meet,AI,Networking & mixers; Panels & firesides,https://partiful.com/e/uob2JB4ALYW18nxyLJmf,1
dae77fbd-b715-4645-9fc3-ec65c5b2faf6,Can AI File Your Patent? What Founders Should Know,Can AI File Your Patent? What Founders Should Know,"Founders are increasingly using AI tools to accelerate everything from product strategy to legal prep, and patents are no exception.",2026-10-07,2026-10-07T19:00:00-07:00,,Embarcadero,"Enterprise Ireland 1 Post St Ste 2300, San Francisco, CA 94104","Plat4orm, Landfallip",Application,true,,86,build,AI,Hackathons & workshops,https://partiful.com/e/uKdgvLQOCHg6bZr1x1MU,0
db2b22ae-41af-4711-a376-c05b68211167,Argentina at Silicon Valley,Argentina at Silicon Valley,A full day to connect the Argentine tech community in the heart of Silicon Valley.,2026-10-07,2026-10-07T09:00:00-07:00,2026-10-07T17:00:00-07:00,FiDi (SF),"Financial District, San Francisco, CA",Argentina at Silicon Valley,Application,true,,293,meet,AI,Coffee & breakfast; Networking & mixers; Panels & firesides,https://partiful.com/e/j0QZ3NNn6jIsDtn5fX79,18
db6bb540-bea3-495f-9eb7-fb1e7503d997,Post AI Hype: Show me the ROI!,Post AI Hype: Show me the ROI!,Your executives are making budget decisions based on AI capabilities.,2026-10-07,2026-10-07T08:00:00-07:00,2026-10-07T09:00:00-07:00,Virtual (SF),,Iconoclast Innovations LLC,Unknown,false,,78,build,AI,Hackathons & workshops,https://partiful.com/e/SIqrrYc0zzkOyFKSqunC,1
dba3ab3b-05fb-4e36-848e-5df81f4e7d02,Your AI bill is a context problem: token economics for AI-assisted engineering,Your AI bill is a context problem: token economics for AI-assisted engineering,Two things most engineering teams have backwards.,2026-10-07,2026-10-07T18:00:00-07:00,,Downtown (SF),,Tentaro,Application,true,,29,meet,AI,Happy hours & drinks; Networking & mixers; Panels & firesides,https://partiful.com/e/rm88r7M4rXpgNtdqW8A0,1
dbbb14b6-e17a-40de-8626-b2c33fa8d60d,Trust Issues: When Agents Act for You,Trust Issues: When Agents Act for You,"Join a candid panel on identity and access in an agentic world, with security practitioners and the builders handing agents the keys: what breaks first, what actually works, and who's accountable when the user isn't human.",2026-10-07,2026-10-07T17:00:00-07:00,2026-10-07T21:00:00-07:00,SOMA,"C1 AI, 620 Folsom St, San Francisco, CA","Efficient Frontier Labs, C1",Application,true,,186,build; meet,AI,Happy hours & drinks; Networking & mixers; Panels & firesides,https://partiful.com/e/DsMJd3K865AemKlAwYOS,7
dbddcdda-8139-4ce5-bb71-85f512df77d7,Accept All Cookies Pop-up,Accept All Cookies Pop-up,"Clerk is bringing the Auth Van and a lot of cookies for an afternoon of drop-in networking with early-stage founders, engineers, and anyone else in the neighborhood.",2026-10-07,2026-10-07T11:00:00-07:00,2026-10-07T14:00:00-07:00,Dogpatch,TBA,Clerk,Application,true,,97,meet,,Networking & mixers,https://partiful.com/e/6E7wqv22Ef2hvGSvihvW,0
dcdef484-9569-46e4-a926-32de60cf385d,Physical AI Happy Hour: Plug and Play x Wittington Ventures,Physical AI Happy Hour: Plug and Play x Wittington Ventures,"Join Wittington Ventures and Plug and Play for a happy hour focused on physical AI and robotics. This is a small evening for founders, researchers, and investors working across the stack: models, hardware, data and infrastructure.",2026-10-07,2026-10-07T16:00:00-07:00,2026-10-07T18:00:00-07:00,Hayes Valley,,Wittington Ventures,Unknown,false,,,meet,AI; Robotics & hardware,Happy hours & drinks,https://partiful.com/e/wEsNrKqVGgtmWFsOaMS0,0
dcef983e-6b2b-4aaa-89a6-10fef91d1db8,Building Consumer Startups in Public,Building Consumer Startups in Public,"Join founders, creators, and pro athletes who have built audiences reaching millions and transformed that attention into startups, communities, and lasting impact.",2026-10-07,2026-10-07T15:00:00-07:00,,Mission,"AGI House SF, 170 St Germain Ave, San Francisco, CA","Chimeboard, AGI House SF",Application,true,,262,build,AI; Media & entertainment,Panels & firesides,https://partiful.com/e/D0pS4YPveEhJXzzFjWed,9
dcf5676d-7860-4c11-8b66-afbc03bfc5f4,"Found, Not Searched","Found, Not Searched","The AI economy is minting a new kind of Bay Area buyer, and the same technology is quietly rewriting how that buyer picks an agent.",2026-10-07,2026-10-07T16:00:00-07:00,2026-10-07T19:00:00-07:00,Hillsborough,"Hillsborough, CA",Catchouse,Application,true,,,,AI; GTM & sales,Panels & firesides,https://partiful.com/e/M3V9Jqq9d7iUAtC7Elmi,2
ddc52424-dfe9-49eb-a164-fd09bb073338,The Leadership Curve: When the company you’re leading starts to outgrow you.,The Leadership Curve: When the company you’re leading starts to outgrow you.,This interactive workshop is for founders actively navigating that inflection point.,2026-10-07,,,Palo Alto,,Cicada Agility,Application,true,,,build,,Hackathons & workshops,https://partiful.com/e/DgEFlWaLinzfd586wbUp,2
ddde887b-c698-4715-8e17-cb0586a84570,Canadian Founders in the Bay,Canadian Founders in the Bay,"​Join TechTO, N49P and AngelList for a curated evening bringing together Canadian founders, operators, and investors during SF Tech Week.",2026-10-07,2026-10-07T18:00:00-07:00,,Jackson Square,,TechTO,Unknown,false,,,raise; meet,AI; Finance,Happy hours & drinks; Panels & firesides,https://partiful.com/e/uhq6lxyRQyPxPp4Goemz,2
de8749dd-504b-4732-9a43-ab705830ef22,"Reception Dinner: Engineering, product, talent and procurement at","Reception Dinner: Engineering, product, talent and procurement at",Tech Week has 400 events for founders and investors. This one isn't.,2026-10-07,2026-10-07T18:00:00-07:00,2026-10-07T20:30:00-07:00,FiDi (SF),,Silicon Valley Delegations,Unknown,false,,,hire; meet,AI,Happy hours & drinks; Networking & mixers,https://partiful.com/e/IR5LwWf49vyv2yrWGClC,2
de8b6e1e-56f4-45f3-9188-99edfa4906ea,AI Training at Scale: What We've Learned in Production,AI Training at Scale: What We've Learned in Production,Join us for bites and drinks as we share lessons from deploying AI at scale.,2026-10-07,2026-10-07T17:00:00-07:00,,Other,,Alluxio,Application,true,,,build; meet,AI,Dinners; Happy hours & drinks; Hackathons & workshops,https://partiful.com/e/nDzk7zWmmkSrv1LrfXLj,1
de93dbc4-7e9b-4e09-878f-aa12a3df7358,Al x Longevity: From Biology to Biomarkers,Al x Longevity: From Biology to Biomarkers,"It's a curated deep dive into the four frontiers where consumer health data, AI diagnostics, and longevity science are converging right now.",2026-10-07,2026-10-07T19:00:00-07:00,2026-10-07T23:00:00-07:00,Downtown (SF),,Genpulse Inc,Application,true,,276,build; meet,Health & biotech; AI,Networking & mixers; Panels & firesides; Hackathons & workshops,https://partiful.com/e/Ujeq1acTziZhP0h1RUWi,2
deaafd35-e433-449b-ad4b-b00dd804c5f3,Moat Mixer,Moat Mixer,Join the Moat Mixer hosted by Ventioneers Capital.,2026-10-07,2026-10-07T17:30:00-07:00,2026-10-07T19:30:00-07:00,Other,,Ventioneers Capital,Unknown,false,,,meet,AI,Networking & mixers,https://partiful.com/e/A8LzoKfDC9z4LNKueC13,1
df0be355-4893-432f-9a22-b242ff6f930a,Recharge with OpenRouter,Recharge with OpenRouter,"Tech Week is packed with exciting events, but sometimes you just need a place to recharge.",2026-10-07,2026-10-07T09:00:00-07:00,2026-10-07T18:00:00-07:00,FiDi (SF),,OpenRouter,Application,true,,,meet,AI,Coffee & breakfast; Networking & mixers,https://partiful.com/e/ROEiX8DAAnnWoevDCezK,1
df396b06-679d-4f61-9588-72b3868f7458,Here to Stay? Immigrant Founders Brunch,Meet fellow immigrant founders over brunch,On the Wednesday of SF Tech Week the team is putting 60 founders and investors in a room over brunch for networking and answering the questions you don't usually get a straight answer to.,2026-10-07,2026-10-07T10:30:00-07:00,,Golden Gate Park,"Caché, 1235 9th Ave, San Francisco, CA",Extraordinary.com,Application,true,,58,meet,GTM & sales,Coffee & breakfast; Networking & mixers; Panels & firesides,https://partiful.com/e/mHzR3PlJnDwoCh7ooTv1,2
e196d7c8-7132-4da5-9c32-4f3504bf4bbf,The Future of Global Money Movement,The Future of Global Money Movement,"Join Zennopay for an intimate gathering of fintech founders, payment leaders, infrastructure builders, and financial institutions to explore what the next generation of global money movement will look like.",2026-10-07,2026-10-07T10:00:00-07:00,2026-10-07T12:00:00-07:00,Downtown (SF),,Zennopay,Application,true,,93,meet,Finance,Panels & firesides,https://partiful.com/e/eSgEmYTS4tpbjmot1Che,1
e2ad51e6-05a3-4396-b893-4bb4e48cefa4,"Human Connections via AI — The Good, The Bad & The Robotic","Human Connections via AI — The Good, The Bad & The Robotic",Join us for an in-person conversation about the evolving relationship between AI and human connection.,2026-10-07,2026-10-07T17:00:00-07:00,2026-10-07T19:00:00-07:00,Pacific Heights,,HebberlyAhatlan.com,Application,true,,89,meet,AI; Robotics & hardware,Panels & firesides,https://partiful.com/e/qChAQxphhzycwhnPubTw,8
e531b87e-8236-4925-9ef4-8f7145825dcf,"🤖 Robotics, Off the Record @Mission Robotics","🤖 Robotics, Off the Record @Mission Robotics","The Robotics Party Your Investors Probably Can't Get Into, because its for the builders.",2026-10-07,2026-10-07T17:30:00-07:00,,Mission,,PeKe Labs,Application,true,,,raise; meet,Robotics & hardware; AI; Finance,Happy hours & drinks; Networking & mixers,https://partiful.com/e/TprLtwRJBJaBwIY6n3i1,1
e5b15848-1a23-464d-b38c-3d79dcdd9b6b,Untangling the Healthcare Experience,Untangling the Healthcare Experience,"Join health-tech founders, investors, operators, clinicians, and advocates on October 7 from 5–7 p.m.",2026-10-07,2026-10-07T17:00:00-07:00,,Mission,,Joji Health,Application,true,,139,meet,Health & biotech,Happy hours & drinks; Networking & mixers,https://partiful.com/e/sG0OJj3ikuYE4FjaeUYc,0
e66c05be-d7e6-41fd-89d2-bb67c81eb8ed,The Frontier of Finance,The Frontier of Finance,AI is changing finance. Meet the people shaping what’s next.,2026-10-07,2026-10-07T18:00:00-07:00,2026-10-07T20:30:00-07:00,Mission,,AfterQuery,Unknown,false,,,meet,AI; Finance,Happy hours & drinks; Networking & mixers; Panels & firesides,https://partiful.com/e/aguF7pJZfiwtwOyWglbP,1
e6c90ff2-a76d-41af-b8d3-a5900f04ac21,Double Date: Bring Your AI Plus-One,Double Date: Bring Your AI Plus-One,"Your plus-one has read all your emails, knows your calendar, and somehow still wants to come with you.",2026-10-07,2026-10-07T17:30:00-07:00,,Dogpatch,,Ariso AI,RSVP,false,,57,meet,AI,Happy hours & drinks,https://partiful.com/e/tZyBqDC0swufhqKXr6Fv,0
e7abe85c-fbe3-4c48-a6c6-ea77bd16553a,The Product Loop: A Hexa & Amplitude Workshop,The Product Loop: A Hexa & Amplitude Workshop,This session is built around that hands-on experience.,2026-10-07,2026-10-07T17:00:00-07:00,2026-10-07T20:00:00-07:00,SOMA,"201 3rd St #200, San Francisco, CA 94103","Amplitude, Hexa",Application,true,,45,build,AI,Hackathons & workshops,https://partiful.com/e/2Q9kfEsM9qBxO2J7q5zl,1
e8761e52-1b9e-4c19-92e7-dff46f8ba8e8,Why Most Startup Pitches Lose Before Slide 4,Why Most Startup Pitches Lose Before Slide 4,Why early confusion breeds doubt — and a free AI Elevator Pitch Coach session for every attendee,2026-10-07,2026-10-07T10:00:00-07:00,2026-10-07T11:00:00-07:00,Virtual (SF),,Fundable Startups,Unknown,false,,,raise; build; meet,AI; Finance,Networking & mixers; Panels & firesides; Demos & pitches,https://partiful.com/e/yYvBVGk3wlpXCWhvAM2K,1
e9e054bd-eef1-482f-a47d-bb1766930118,LawBeta's 3rd Annual Bonfire Happy Hour,LawBeta's 3rd Annual Bonfire Happy Hour,LawBeta's Third Annual Bonfire Happy Hour (#SFTechWeek),2026-10-07,2026-10-07T17:30:00-07:00,2026-10-07T21:30:00-07:00,Ocean Beach,,LawBeta,Application,true,,171,raise; meet,AI; Finance,Happy hours & drinks; Networking & mixers,https://partiful.com/e/vOsV1rfZZBU5uEzV9RTT,3
ea1e38cc-1c0c-4011-bf66-0dfff3959a37,Agentic Zero: The Agentic AI & Finance Summit,Agentic Zero: The Agentic AI & Finance Summit,"Join us for a one-day summit bringing together the builders, researchers, financial institutions and investors shaping the future of agentic finance.",2026-10-07,2026-10-07T09:00:00-07:00,2026-10-07T17:00:00-07:00,Lower Nob Hill,"The Avalon (1244 Sutter St, San Francisco, CA)",Agentic Zero,RSVP,false,,,raise; build; meet,AI; Finance,Networking & mixers; Panels & firesides; Demos & pitches,https://partiful.com/e/6vkA8cTvPI7tTb3NtV2F,23
ea86b1e8-09e7-4933-b123-01141cda47a2,Panel + Networking: Meet the Founders and Investors Betting on the Next AI Breakouts,Panel + Networking: Meet the Founders and Investors Betting on the Next AI Breakouts,"Selected Seed and Series A founders will get time with investors from Emergence Capital, Khosla Ventures, SLO and other leading firms .",2026-10-07,2026-10-07T16:15:00-07:00,2026-10-07T19:00:00-07:00,Rincon Hill,,Genspark.ai,Application,true,,,raise; meet,AI; Finance,,https://partiful.com/e/pn1ke9bfm6KGbz3aP33c,5
ea9b8e40-3f0b-4f44-8305-63b0dd7adcb2,The Story Walk,The Story Walk,Some of the best conversations don’t happen in meeting rooms.,2026-10-07,2026-10-07T07:30:00-07:00,,Embarcadero,,Knook,Unknown,false,,,meet; fun,Media & entertainment; GTM & sales,Networking & mixers,https://partiful.com/e/d908PMNpBA3wtI3hCYUZ,1
eaad878b-2bdd-46ae-98f4-14b1fc3e1a50,Desert‑to‑Bay AI Pipeline Mixer — Hosted by ACA & KPMG,Desert‑to‑Bay AI Pipeline Mixer — Hosted by ACA & KPMG,"Join the Arizona Commerce Authority, KPMG, and Powerlaw Capital Group for an evening of networking and sector insights with investors, founders, and technology leaders shaping the future of artificial intelligence.",2026-10-07,2026-10-07T17:00:00-07:00,2026-10-07T20:00:00-07:00,SOMA,,"Arizona Commerce Authority, KPMG",Application,true,,65,meet,AI,Networking & mixers; Happy hours & drinks,https://partiful.com/e/F9um2e4ERC50QNrdhCoB,3
ead16828-30dc-4661-aa61-58c9c434e9af,How Women Invest Presents: Craft Matcha and Connections,How Women Invest Presents: Craft Matcha and Connections,Join us for a morning of matcha and mingling with women building (and investing) in the next wave of AI unicorns.,2026-10-07,2026-10-07T11:00:00-07:00,2026-10-07T13:00:00-07:00,Russian Hill,"Constance Tea and Matcha, 3512 Balboa St, San Francisco, CA",How Women Invest,Application,true,,,build; meet,AI,Networking & mixers; Hackathons & workshops,https://partiful.com/e/4EzSvLOJXxtRA6C5XBI0,2
eb2b8427-85d3-4598-859b-87076ce34300,"Stanford × Massachusetts: Research, Innovation & Capital","Stanford × Massachusetts: Research, Innovation & Capital","Join founders, researchers, and investors from the MIT, Harvard, Stanford, Boston, and Bay Area ecosystems for an evening at the intersection of frontier AI, robotics, healthcare, life sciences, and the physical world.",2026-10-07,,,Palo Alto,,"Stanford, MA AI Hub",Application,true,,,raise; meet,AI,Networking & mixers,https://partiful.com/e/TRTqrSrL8u18AmD28mfx,1
eb58871b-9ad4-4711-bfe3-c893d511fc25,Japan's $53B marketing industry decoded,Japan's $53B marketing industry decoded,Join us in San Francisco for an in in-depth analysis of Japan’s $53B marketing industry.,2026-10-07,2026-10-07T19:00:00-07:00,2026-10-07T22:00:00-07:00,Union Square (SF),,"REHATCH Inc,",Application,true,,86,sell,GTM & sales; AI,Panels & firesides,https://partiful.com/e/iqrG9MKUbtaRbTcbFxPg,4
ec6fdba3-b087-45c4-b12f-1bb736bd7ce8,UK Founder Pitch,UK Founder Pitch,"Hosted by the UK Department for Business, Innovation and Trade (BIST) - Join 10 high-growth UK founders as they pitch to a curated audience of investors, corporate venture teams and innovation leaders.",2026-10-07,2026-10-07T15:00:00-07:00,2026-10-07T16:00:00-07:00,Union Square (SF),,British Consulate SF,Application,true,,,raise; build,AI; Finance,Demos & pitches; Panels & firesides,https://partiful.com/e/kFJfOsVu0eTf7Eagphcl,8
eea67a66-52b4-4154-a485-3a06e82761c6,Mixture of Experts at COLM 2026 — Open Networking Night by Trillion Labs,Mixture of Experts at COLM 2026 — Open Networking Night by Trillion Labs,"We're bringing together AI researchers, builders, founders, and investors. An open networking night with drinks, hosted by Trillion Labs. This event is a part of #SFTechWeek—a week of events hosted by VCs and startups to bring together the tech ecosystem. Learn more at www.tech-w…",2026-10-07,2026-10-07T19:30:00-07:00,,SOMA,,Jay Shin,Unknown,false,,,meet,AI,Networking & mixers,https://partiful.com/e/KeqH3d7w2msQ0yIegyx5,0
ef82fef4-448b-4bfa-b624-0c8411a45960,Physical AI for Critical Infrastructure: From Data Centers to Airports & Power Plants,Physical AI for Critical Infrastructure: From Data Centers to Airports & Power Plants,"Critical infrastructure is entering a new era—where AI is no longer limited to software, but is becoming an intelligence layer for the physical world.",2026-10-07,2026-10-07T14:30:00-07:00,2026-10-07T16:30:00-07:00,Other,,Ease My Ai Pvt Ltd,Unknown,false,,,build,,,https://partiful.com/e/TKRm5Cr8Ppp013S9Juf9,1
f02a03b4-0f6e-43e3-a5bd-aa62f85398bd,Don't Let Your LLM Go Rogue: AI Security & Guardrails,Don't Let Your LLM Go Rogue: AI Security & Guardrails,"Then we'll walk through how to defend against everything you just pulled off, and open the bar for drinks, snacks, and networking.",2026-10-07,2026-10-07T16:00:00-07:00,2026-10-07T19:00:00-07:00,Union Square (SF),,"TrackIt, AWS",Application,true,,99,build; meet,AI,Happy hours & drinks,https://partiful.com/e/fHer6PjhixDwF2nmRfMY,2
f115e482-0500-4f60-9ef4-560e4d642bb5,"Compute, Cocktails & Connections with Oracle Cloud","Compute, Cocktails & Connections with Oracle Cloud","Come unwind over cocktails and light bites, meet new people, and connect with the Oracle Cloud team and fellow innovators.",2026-10-07,2026-10-07T16:00:00-07:00,,Downtown (SF),,Oracle,Application,true,,131,meet,AI,Happy hours & drinks,https://partiful.com/e/gOAAUXCbOZw9hCFw7irt,2
f12f483d-78ae-4bbe-99a5-ded4e4954405,Sake & Whiskey lovers 🇺🇸🇯🇵. Tech mixer.,Sake & Whiskey lovers 🇺🇸🇯🇵. Tech mixer.,Datasent  × UrbanChain Group— private tech mixer,2026-10-07,2026-10-07T19:30:00-07:00,,Downtown (SF),,UrbanChain Group,Unknown,false,,,meet,AI,Happy hours & drinks; Networking & mixers,https://partiful.com/e/i4TuC10ejCWfGKKUoonD,0
f1cf5347-d710-4ff5-bd96-9fc4a873262c,Scaling AI and Deep Tech Companies across International Markets.,Scaling AI and Deep Tech Companies across International Markets.,Join London & Partners inside UK House for a candid conversation about what it takes to build and scale an AI or deep tech company globally.,2026-10-07,2026-10-07T13:00:00-07:00,2026-10-07T15:00:00-07:00,Union Square (SF),,"London & Partners, BPM, HSBC, Winston Taylor",Application,true,,103,,AI; GTM & sales,Panels & firesides,https://partiful.com/e/0evIJ7ZYrAtvyBxQybIT,15
f2887df8-e5ec-45f1-aba1-b948d540cc12,Beyond Burnout: Designing for the Senses,Beyond Burnout: Designing for the Senses,"Welcome to The RelaXi Curator Lab 002: Beyond Burnout, a private multisensory SF Tech Week gathering exploring how we design new ways to relax in the age of AI.",2026-10-07,2026-10-07T16:00:00-07:00,2026-10-07T18:00:00-07:00,FiDi (SF),,InnovatorX,Application,true,,116,build,Media & entertainment; Health & biotech,Panels & firesides; Hackathons & workshops,https://partiful.com/e/kAH80KjE9UX96q9pussk,1
f2887ebb-7f6d-4fc1-9842-65354aa5338d,Marketing agents that get your brand mentioned on Google and AI Search,Marketing agents that get your brand mentioned on Google and AI Search,"Join us online for a practical, step-by-step guide to building a complete SEO and AEO campaign with marketing agents.",2026-10-07,2026-10-07T17:00:00-07:00,2026-10-07T18:00:00-07:00,Virtual (SF),,Arda,Unknown,false,,,build; sell,AI; GTM & sales,Hackathons & workshops,https://partiful.com/e/8bXwixW8Bm2agGgwrZtF,0
f2ccc4f1-f878-469a-9954-03ea3edfc884,AI-Forward GC Dinner,AI-Forward GC Dinner,This dinner is for the people actually changing how legal work gets done.,2026-10-07,2026-10-07T19:30:00-07:00,,Downtown (SF),,"Athena AI-Native Technologies, Inc.",Application,true,,19,meet,AI,Dinners,https://partiful.com/e/xb93Ndl11Mwj0MKSfGnf,1
f32cce14-c9b7-49d2-849d-d14ac13ec8a2,Run & Raise 5k,Run & Raise 5k,"Join Deel and DealMaker for a morning 5K through San Francisco, followed by coffee and pastries.",2026-10-07,2026-10-07T08:00:00-07:00,2026-10-07T10:00:00-07:00,Embarcadero,,"DealMaker, Deel",Unknown,false,,188,raise; meet; fun,Finance; AI,Runs & walks; Coffee & breakfast; Networking & mixers,https://partiful.com/e/zS5O2lWTYRbH9QK41HWc,1
f337c937-312f-4ff4-9ef9-e89cb1adfafe,"The Missing Layer in AI Finance: Trust, Judgment & Accountability","The Missing Layer in AI Finance: Trust, Judgment & Accountability",Not another conversation about AI replacing finance teams.,2026-10-07,2026-10-07T12:30:00-07:00,2026-10-07T13:15:00-07:00,Virtual (SF),,Pairwise,Application,true,,69,build; meet,AI; Finance,Networking & mixers; Hackathons & workshops,https://partiful.com/e/xvS7iQCL9zeFqnKFxy43,2
f37935b8-3f85-4cf7-8392-8484324dbb33,An exhibition on the measurement of human performance,An exhibition on the measurement of human performance,Every aspect of human health eventually gets instrumented.,2026-10-07,2026-10-07T18:00:00-07:00,2026-10-07T20:30:00-07:00,SOMA,,Archetype Work,Application,true,,95,raise; build,Robotics & hardware; Health & biotech,Demos & pitches,https://partiful.com/e/diWEjjUokgWjN7dS8j38,1
f3d7c105-a779-4f42-9ce1-03725948d51d,AI Agents for Legal Teams: A Hands-On Workshop,AI Agents for Legal Teams: A Hands-On Workshop,"This workshop is tool-agnostic (Ping, ChatGPT, Claude, CoPilot).",2026-10-07,2026-10-07T08:00:00-07:00,2026-10-07T12:30:00-07:00,Downtown (SF),,Ping,RSVP,false,,116,build,AI,Hackathons & workshops,https://partiful.com/e/WPoM8ZavW8mVS4wDWdpn,3
f4033bae-56fa-426f-b864-e3e1a1b67835,"Creator Clubhouse with Replit, Gamma and ElevenLabs","Creator Clubhouse with Replit, Gamma and ElevenLabs","Stick around for open mingling with other top creators, swag to take home, and a special hands-on activity we're cooking up (trust us, it's going to be fun 👀).",2026-10-07,2026-10-07T16:30:00-07:00,,Mission,"Stable Cafe, 2128 Folsom St, San Francisco, CA","Passionfroot, Figma, Gamma, Replit",Application,true,,145,build,Media & entertainment; AI,Panels & firesides,https://partiful.com/e/ZAxqIIxvUpPC4947hvmu,6
f4612d15-fd32-44b3-aad6-b80c5194be03,A.I. Founders Panel: Inkle x Emergent x Reo.Dev,A.I. Founders Panel: Inkle x Emergent x Reo.Dev,The models are shipping faster than the takes about them.,2026-10-07,2026-10-07T16:00:00-07:00,2026-10-07T18:00:00-07:00,Downtown (SF),,Inkle,Application,true,,138,build; meet,Finance,Networking & mixers; Dinners; Happy hours & drinks,https://partiful.com/e/zuy86QMVasNDhi8fpVeW,3
f59bbc45-f7fd-43c7-ba4b-f350b224498b,Founders After Dark,Founders After Dark,,2026-10-07,2026-10-07T18:30:00-07:00,,FiDi (SF),,Clera Labs Inc.,Application,true,,,meet; fun,,Parties & raves; Happy hours & drinks; Networking & mixers,https://partiful.com/e/yDvftqCm9npny0itD2RM,2
f5ee0875-120a-4fc7-860f-7390a53b0b64,2nd Annual Oktoberfest with Giga Energy at,2nd Annual Oktoberfest with Giga Energy at,Join Giga Energy for a private Oktoberfest celebration.,2026-10-07,2026-10-07T18:00:00-07:00,2026-10-07T21:00:00-07:00,Marina,,Giga Energy,Application,true,,,meet,AI,Happy hours & drinks; Networking & mixers,https://partiful.com/e/utW4ZpjJuyzJiudg1lTn,0
f6d1068c-42c0-4a87-9ef7-a193662904f9,Exceptionalism in GTM: Lessons from the 300% Club | a16z's David Belden as moderator,Exceptionalism in GTM: Lessons from the 300% Club | a16z's David Belden as moderator,What can we learn from the people who consistently outperform?,2026-10-07,2026-10-07T13:00:00-07:00,2026-10-07T16:00:00-07:00,FiDi (SF),,Virtuosity Partners,Unknown,false,,,sell,,Panels & firesides,https://partiful.com/e/4hhaPZZtJZI5yYGotru5,1
f76a857a-f8ba-4ea1-97d5-b3028c2b8e04,VectyAI Mixer: Deductible Coffee,Join Vecty’s coffee mixer,"A casual meetup for founders and finance people, over coffee and croissants.",2026-10-07,2026-10-07T13:00:00-07:00,,SOMA,,Vecty,Application,true,,67,meet,AI; Finance,Coffee & breakfast; Networking & mixers,https://partiful.com/e/PcocloufqEsNy8ui45UL,1
f8ab3e8b-1084-42ea-82cf-94ca54bf263d,Series A+ Dinner,Series A+ Dinner,About Event,2026-10-07,2026-10-07T18:30:00-07:00,,Downtown (SF),,Founder Social Club,Application,true,,,raise; meet,AI,Dinners,https://partiful.com/e/AUwoOOfVaZqxQLPlHOw9,1
f9b1d6e8-155c-47c5-a32a-db3da086cb57,Frontier & Capital: AI Security & the Next Wave of Deals,Frontier & Capital: AI Security & the Next Wave of Deals,⚡ The race to build AI is outpacing the race to make it safe.,2026-10-07,2026-10-07T17:00:00-07:00,2026-10-07T22:00:00-07:00,SOMA,,Mindo AI,Unknown,false,,,raise; meet,AI; Finance,Happy hours & drinks; Networking & mixers; Panels & firesides,https://partiful.com/e/QLsFhcIGNbDyhl6u8bgF,1
f9fc57f2-ec0f-4428-a4fe-45af26895642,"Build, Buy, or Partner?","Build, Buy, or Partner?","Join founders, operators, and ecosystem leaders for a practical conversation on what to build, buy, or partner on; when outsourcing actually accelerates R&D; and how to reach critical milestones without building an organization you…",2026-10-07,2026-10-07T17:00:00-07:00,2026-10-07T20:00:00-07:00,Downtown (SF),"MBC BioLabs, 953 Indiana St, San Francisco, CA",MelanInScience,Application,true,,,build,,Hackathons & workshops,https://partiful.com/e/3bESVWP1R9a7D1pIgt2W,3
fa01a038-8349-41ee-959f-dd001386805f,TurbineOne x SF Tech Week,TurbineOne x SF Tech Week,"Join TurbineOne for a happy hour bringing together founders, builders, investors, and national security leaders working at the intersection of AI, defense, autonomy, and emerging technology.",2026-10-07,2026-10-07T17:00:00-07:00,,SOMA,"Alchemist Bar & Lounge, 679 3rd St, San Francisco, CA",TurbineOne,Application,true,,154,meet,AI,Happy hours & drinks,https://partiful.com/e/KDFwYW9BW9Gxlhd2zTiH,1
faae8518-e38e-4648-addf-e7bd0961ec20,Scaling Beneficial General Intelligence - A Morning with BGI - Labs @,Scaling Beneficial General Intelligence - A Morning with BGI - Labs @,"The rest of the morning is coffee, breakfast, and the people building it.",2026-10-07,2026-10-07T09:30:00-07:00,2026-10-07T12:00:00-07:00,SOMA,"Frontier Tower, 995 Market St Floor 2, San Francisco, CA",BGI Labs,Application,true,,52,meet,AI,Coffee & breakfast; Networking & mixers; Panels & firesides,https://partiful.com/e/89KihRL3L93GARbV9lEb,4
fab91be0-5c20-489a-b14d-1beb63cc1174,Cogent x Bain Capital Ventures Mahjong Night,Cogent x Bain Capital Ventures Mahjong Night,We're bringing Mahjong Club back for SF Tech Week and we're raising the stakes!,2026-10-07,2026-10-07T19:00:00-07:00,2026-10-07T21:00:00-07:00,FiDi (SF),,"Cogent, Bain Capital Ventures",Application,true,,118,raise; meet,AI; Media & entertainment,Networking & mixers,https://partiful.com/e/0j6QkygjqdSJaKw5gBgl,0
faf52487-c6c0-4d08-a360-e5ac48b0d7ee,Leading Through Transformational Change,Leading Through Transformational Change,"Join PwC during Tech Week for a candid roundtable with peers navigating transformation across finance, technology, risk, and compliance.",2026-10-07,2026-10-07T09:30:00-07:00,2026-10-07T11:30:00-07:00,FiDi (SF),,PwC,Application,true,,14,meet,,Coffee & breakfast; Networking & mixers,https://partiful.com/e/dSqhDZea2UtxOcPSt7PG,4
fbdb9624-5b6c-43a2-908f-31c3b9dab7a6,Beyond AGI: AI Societies and the Future of Decision-Making,Beyond AGI: AI Societies and the Future of Decision-Making,"Join Cognizant AI Lab for an evening exploring the rise of autonomous AI, with a panel, live experiments and demos, and a happy hour with food and drinks.",2026-10-07,2026-10-07T17:00:00-07:00,,Downtown (SF),,Cognizant AI Lab,Application,true,,189,meet,AI,Happy hours & drinks; Networking & mixers; Panels & firesides,https://partiful.com/e/JkhxZpuS0aJLaIGFVDgm,5
fbdd9532-a98d-436d-967d-306923146c5c,An Afternoon with Turkish Founders Paving the Way in AI,An Afternoon with Turkish Founders Paving the Way in AI,"Join us for an evening of cocktails, bites, and conversations with founders, investors, and AI leaders shaping what’s next in technology.",2026-10-07,2026-10-07T18:00:00-07:00,2026-10-07T20:30:00-07:00,Dogpatch,,"Revo Capital, BridgeX, Global Turks AI Lab",Application,true,,109,raise; build; meet,AI; Finance,Happy hours & drinks; Networking & mixers; Hackathons & workshops,https://partiful.com/e/o2FzrxzVHxkDHdGDB6W3,1
fc4ed51f-c30b-4518-af02-82f04f96d332,Scaling Fast: The Growth Bets Behind Breakout Companies,Scaling Fast: The Growth Bets Behind Breakout Companies,"Genspark Co-founder Wen Sang joins the leaders behind some of AI’s fastest-growing companies to break down the actual bets that created extraordinary growth: what they built first, where they spent before the market agreed, which…",2026-10-07,2026-10-07T10:30:00-07:00,,Rincon Hill,,Genspark.ai,Application,true,,126,raise; sell,AI; Finance,Panels & firesides,https://partiful.com/e/8rHkqJGTo5BJHjg79G0r,2
fd539f22-97c2-4884-b92e-f7d6ac0b9777,Trustbridge x Vulcury: An Investor Breakfast,Explore Trustbridge and Vulcury’s studio thesis and future spinouts,"Angel, Pre-Seed, and Seed Investors — Join Trustbridge, the company building AI software and service solutions to connect the next generation of manufacturing, for an investor breakfast during SF Tech Week.",2026-10-07,2026-10-07T09:00:00-07:00,,FiDi (SF),,Vulcury Venture Studio and Advisors,Application,true,,,raise; meet,AI; Robotics & hardware,Coffee & breakfast,https://partiful.com/e/vWTIJBWxN0nRaKDEQRjG,2
fda6b0d6-73fd-4ac0-aa07-e74c13bfad04,Retail + CPG Tech Walk edition ☕🚶,Retail + CPG Tech Walk edition ☕🚶,"Join fellow retail and CPG operators, builders, advisors, and other curious minds for an easy morning walk along the Embarcadero.",2026-10-07,2026-10-07T08:30:00-07:00,2026-10-07T10:00:00-07:00,Embarcadero,"Ferry Building, 1 Ferry Building, San Francisco, CA",DefiniTek Solution Consulting,RSVP,false,,110,meet; fun,,Runs & walks; Coffee & breakfast; Networking & mixers,https://partiful.com/e/8ws94unfbBERFzK58Gw8,3
ff678c55-6308-4b83-b94f-936f9f010e53,Flaying Cars SF Air Maps Launch,Flaying Cars SF Air Maps Launch,Live Demo & First Look: Experience the all-in-one INVO Ride app in action.,2026-10-07,2026-10-07T18:30:00-07:00,,Salesforce Park,"Salesforce Tower, 415 Mission St STE 4600, San Francisco, CA","INVO STATION, FONDO",Application,true,,74,build; meet,AI; Finance,Coffee & breakfast; Networking & mixers; Panels & firesides,https://partiful.com/e/Q3BNhyo8wr6CkqKoqPTP,0
012c079b-0a00-42cd-920b-5b7457cba424,ODSC AI Skills Accelerator,ODSC AI Skills Accelerator,ODSC AI Skills Accelerator | San Francisco,2026-10-08,2026-10-08T18:00:00-07:00,2026-10-08T20:00:00-07:00,Union Square (SF),,ODSC AI,Unknown,false,,,meet,AI,Networking & mixers,https://partiful.com/e/IqvSzsf3lwyptNspGLvV,2
015436c2-6534-4658-b817-e524a2496a78,See You Outside: The Future Is IRL,See You Outside: The Future Is IRL,"Join the SPECS Intelligence waitlist for priority access, while space is available: specs.com/intelligence.",2026-10-08,2026-10-08T16:00:00-07:00,,Jackson Square,,SPECS,Application,true,,,raise; meet,AI; Finance,Happy hours & drinks; Networking & mixers,https://partiful.com/e/8Drwso1qE3HIBy69JsrG,1
01549725-6396-4518-b31e-c10ad5bb2cab,Reception Presented by Cedar Capital & J.P. Morgan,Reception Presented by Cedar Capital & J.P. Morgan,"Join us for cutting-edge conversations, meaningful connections, and spectacular views from the top of Salesforce Tower.",2026-10-08,2026-10-08T18:00:00-07:00,2026-10-08T20:30:00-07:00,SOMA,"Salesforce Tower, 415 Mission St Floor 55, San Francisco, CA","J.P. Morgan, Cedar Capital",Application,true,,,raise; meet,AI,Happy hours & drinks; Networking & mixers; Panels & firesides,https://partiful.com/e/ECeBWSr5WLV3aaCXZ1u6,4
01b4fb99-876e-48a1-8b15-1418b49d7a7a,138th SF Hardware Meetup @ Flux AI | Reindustrialize America,138th SF Hardware Meetup @ Flux AI | Reindustrialize America,"Join SF Hardware Meetup at Flux AI for an evening of talks, demos, and conversation around reindustrialization, supply chain, and the future of American manufacturing.",2026-10-08,2026-10-08T18:30:00-07:00,2026-10-08T21:30:00-07:00,SOMA,,SF Hardware Meetups,RSVP,false,,301,raise; build; meet,AI; Robotics & hardware,Happy hours & drinks; Networking & mixers; Demos & pitches,https://partiful.com/e/IzYgcg3RiIaWqi96wVpW,6
0238a79e-1905-43c8-8405-f037155223dd,Flex VC Dinner,Flex VC Dinner,"A private dinner designed for General Partners, venture investors, and exceptional ecosystem leaders, hosted by Flex.",2026-10-08,2026-10-08T18:00:00-07:00,,Downtown (SF),,Flex,Application,true,,,raise; meet,AI; Finance,Dinners,https://partiful.com/e/MrrQLrCzBHeiVJgJItLF,1
025ad488-7938-4eae-9211-260942b5e664,Translation AI at,Translation AI at,• Shifting landscape – What recent developments in AI means for operators and providers,2026-10-08,2026-10-08T18:00:00-07:00,,FiDi (SF),"Financial District, San Francisco, CA",ModelFront,Application,true,,57,,AI,Panels & firesides,https://partiful.com/e/nalVTU28EjvOXU9psTtP,3
029dc280-acf6-45f3-a53f-199c2a87c5a2,Early-Stage Founder Cafe,Early-Stage Founder Cafe,"Join Stripe and Rackhouse Venture Capital in South Park for a day of coffee, coworking, and coaching.",2026-10-08,2026-10-08T09:30:00-07:00,2026-10-08T14:30:00-07:00,SOMA,,"Rackhouse Venture Capital, Stripe",Application,true,,227,build; meet,AI; GTM & sales,Coffee & breakfast; Networking & mixers; Hackathons & workshops,https://partiful.com/e/uB6AwrBj08DI7XHIj6km,4
03bca804-51c0-4268-bfc4-64ec934c143a,You Can't Prompt Your Way Out of This - Fractional People and Talent for Startups,You Can't Prompt Your Way Out of This - Fractional People and Talent for Startups,"You'll hear concrete stories of where we've helped Operators (Head of Finance, Chief of Staff, Head of Ops) and their Founders seize the fractional advantage that often re-sets the trajectory of what's possible.",2026-10-08,2026-10-08T12:00:00-07:00,2026-10-08T14:00:00-07:00,FiDi (SF),"San Francisco, CA , Location To Be Confirmed","Phero Collective, KJS Consulting",Application,true,,25,hire; meet,,Networking & mixers; Panels & firesides,https://partiful.com/e/2t71Up5usDCFof2mYWZS,3
04eebe94-585b-4d85-87ea-da659ba9f469,Founders & Investors Poker Night,Founders & Investors Poker Night,"October 8 | 5:00 PM
Venture Dock | Palo Alto
Tech Week",2026-10-08,2026-10-08T17:00:00-07:00,2026-10-08T19:30:00-07:00,Palo Alto,,Venture Dock,Unknown,false,,,raise; meet,AI; Finance,Happy hours & drinks; Networking & mixers,https://partiful.com/e/Zu4D5JnWWVqIA1KUn0Az,0
06478c6f-9add-429e-b3b8-49942a9a9de5,From Model to Market: Healthcare AI Happy Hour,From Model to Market: Healthcare AI Happy Hour,"Join CVS Health Ventures, Flare Capital Partners, and J.P.",2026-10-08,2026-10-08T17:30:00-07:00,2026-10-08T20:00:00-07:00,Jackson Square,,"Flare Capital Partners, CVS Health Ventures, JP Morgan",Application,true,,139,meet,AI; Health & biotech,Happy hours & drinks; Networking & mixers,https://partiful.com/e/8i9L4Ywp2IgRCDzfhMA1,2
073e54c8-21c7-4768-9a82-74d818eacf95,System of Reality: The Next Horizon of Industrial Intelligence,System of Reality: The Next Horizon of Industrial Intelligence,"The next multi-billion-dollar enterprise category won't live on desktops, it will be deployed on shop floors, inside warehouses, and across global logistics networks.",2026-10-08,2026-10-08T17:00:00-07:00,2026-10-08T19:00:00-07:00,Embarcadero,,Voxel,Application,true,,57,raise; meet,AI; Finance,Happy hours & drinks; Networking & mixers; Panels & firesides,https://partiful.com/e/fYPi7h5fTjzn2nAwN0n0,1
07995aa0-d0be-4e3f-b2fc-b3204b7cfe32,Bay Area Alumni Present: The Impact of AI Beyond Tech,Bay Area Alumni Present: The Impact of AI Beyond Tech,"The Bay Area alumni clubs of BU, Harvard, NYU, and UCLA are co-hosting an evening for alumni working in and around AI, with Efficient Frontier Labs and the MIT Club of Northern California (MITCNC) joining as event partners.",2026-10-08,2026-10-08T18:00:00-07:00,2026-10-08T20:45:00-07:00,SOMA,,"Efficient Frontier Labs, C1",Application,true,,23,meet,AI,Happy hours & drinks; Networking & mixers; Panels & firesides,https://partiful.com/e/YtV7faDEtKCZVnKkveQ7,3
07d222f4-3767-435d-ab9a-92066503f3c3,Pizza & Marketing Night: Let's Talk About Growth,Pizza & Marketing Night: Let's Talk About Growth,"There will be a brief introduction from Readdy, followed by open conversations and networking.",2026-10-08,2026-10-08T18:00:00-07:00,2026-10-08T20:00:00-07:00,Palo Alto,"Readdy Office, 610 University Ave, Palo Alto, CA",Readdy,Application,true,,119,sell; meet,GTM & sales; AI; Media & entertainment,Happy hours & drinks; Networking & mixers,https://partiful.com/e/UHKV2WRNFDcN184hGWrR,1
0823f3d8-f5b3-4783-8702-760f42a12893,Founders' Blitz Chess w/ Onyx & Radical Ventures,Founders' Blitz Chess w/ Onyx & Radical Ventures,"Blitz chess, drinks, and a trophy - rated players next to people who last moved a pawn in high school.",2026-10-08,2026-10-08T15:30:00-07:00,2026-10-08T17:30:00-07:00,Civic Center,,Leverage,Application,true,,68,,AI; GTM & sales,,https://partiful.com/e/gTw0zGEAKS0NFju35QTr,0
08391803-64a0-4494-a1ec-7662cc228a58,Strategy as an Emotional Act: An Interactive Practice for Changemakers,Strategy as an Emotional Act: An Interactive Practice for Changemakers,Most systems change work is technically significant but often lacks an intentional emotional foundation.,2026-10-08,2026-10-08T18:00:00-07:00,2026-10-08T20:00:00-07:00,Mission,"550 Laguna St, San Francisco, CA",Gravel Road Consulting,Application,true,,46,build,AI,Hackathons & workshops,https://partiful.com/e/HIRifNNc0v6rnOzM1i9u,2
08e014cc-1029-4215-b4ca-effaf017df2b,Physical AI VC <> Founders Pitch Night @Mission Robotics,Physical AI VC <> Founders Pitch Night @Mission Robotics,"7:30 PM - Networking by track: robots and hardware, models and data, deployment",2026-10-08,2026-10-08T17:30:00-07:00,2026-10-08T20:30:00-07:00,Palo Alto,"SF, Mission District, 3001 19th St, San Francisco, CA",Raisable,Application,true,,157,raise; meet,AI; Robotics & hardware,Demos & pitches; Dinners,https://partiful.com/e/J83OkLfSCZsmT6DXJiKy,3
0989d004-be12-479d-9bed-586bec0dfa60,Bay Area Schools and District Leaders Dinner,Bay Area Schools and District Leaders Dinner,"Come join us for an intimate dinner and networking event for Bay Area district leaders, school leaders, and private school leaders to learn what's new in the tech ecosystem and to hear about the new tools available for them.",2026-10-08,2026-10-08T18:00:00-07:00,2026-10-08T21:00:00-07:00,FiDi (SF),,SigIQ.ai,Unknown,false,,51,meet,AI,Dinners,https://partiful.com/e/6DrrFSdRQ6crZmcxKahy,1
0a700cda-261b-43cc-93ef-82ecfbdc05e6,How Consumer Brands Get Funded Right Now,How Consumer Brands Get Funded Right Now,12:00 – 12:30 PM | Arrival + curated networking,2026-10-08,2026-10-08T12:00:00-07:00,2026-10-08T14:30:00-07:00,Downtown (SF),,"AcceleratorCON, SHOPLINE",Application,true,,163,raise; meet,AI; Finance,Panels & firesides,https://partiful.com/e/Yz5nxCcoURF4geooxcI9,2
0aa5aafa-c5c8-4fef-8f30-f8409034e511,Building Vertical AI: An Engineering Conversation & Happy Hour,Building Vertical AI: An Engineering Conversation & Happy Hour,Join Cara during SF Tech Week for a conversation on what it takes to build and scale AI companies in today’s rapidly evolving technology landscape.,2026-10-08,2026-10-08T17:30:00-07:00,2026-10-08T20:30:00-07:00,Other,,Cara,Application,true,,182,build; meet,AI,Happy hours & drinks; Panels & firesides,https://partiful.com/e/v607pArtGtrdNFw0pwrQ,1
0d907dc8-b081-4311-ab83-db4851a5f3a2,ArtTech Playground,ArtTech Playground,"🎤 Fireside Chat with Allen Smith, Managing Partner at Musa Capital: The Rise of One-Person Company in the AI Era",2026-10-08,2026-10-08T18:00:00-07:00,2026-10-08T21:00:00-07:00,SOMA,"MoAD SF, 685 Mission St, San Francisco, CA",ArtTech Playground,RSVP,false,,430,raise; build; meet,AI; Media & entertainment,Networking & mixers; Demos & pitches,https://partiful.com/e/duFpHfa4S3JSg9hBVrnR,4
0f49b20f-71d2-4605-918a-f8ae7acf4dee,The Search for Durable Advantage in AI,The Search for Durable Advantage in AI,"Morgan team up to bring together leading founders, investors, and technology executives for a candid conversation about what creates lasting differentiation in the age of AI.",2026-10-08,2026-10-08T11:00:00-07:00,2026-10-08T14:00:00-07:00,FiDi (SF),Event location to be provided upon approved invite,"Rain Capital, Acrew Capital, JP Morgan",Application,true,,,raise; meet,AI; Finance,Coffee & breakfast; Networking & mixers; Panels & firesides,https://partiful.com/e/IIAQsr17pxsBvLsOco7K,9
0fac7bea-9366-4ab2-b145-769b86e131d1,Cartesia x SF Tech Week: AI Builders Happy Hour,Cartesia x SF Tech Week: AI Builders Happy Hour,"6:00–6:30 PM — Arrival, dinner/drinks, networking",2026-10-08,2026-10-08T18:00:00-07:00,2026-10-08T20:00:00-07:00,Potrero Hill,"Cartesia Office, 450 Alabama St, San Francisco, CA",Cartesia,Application,true,,114,build; meet,AI,Panels & firesides; Dinners; Networking & mixers,https://partiful.com/e/oO7NL7YyKAMkWYmNSVP1,0
10bf5803-a5b3-41cd-86f7-6176d1573fc0,Blue Angels AirShow on a yacht,Blue Angels AirShow on a yacht,A full day on the bay with the investors and engineers who can actually unblock you — and up to $50K in Tenki credits and matching grants on the table for every company aboard.,2026-10-08,2026-10-08T13:00:00-07:00,2026-10-08T17:00:00-07:00,South Beach,,Tenki Cloud,Application,true,,10,raise; build; meet,AI,Happy hours & drinks; Networking & mixers; Demos & pitches,https://partiful.com/e/1Qa9yy7ONshxnBROH4yN,2
12258871-018d-4101-a886-983b8b756ede,Building and Scaling High Growth Companies,Building and Scaling High Growth Companies,"Join WilmerHale at Waterbar during San Francisco Tech Week for an evening of conversation, insight, and connection with founders, investors, and operators shaping the next generation of high-growth companies.",2026-10-08,2026-10-08T17:30:00-07:00,2026-10-08T20:30:00-07:00,Embarcadero,,WilmerHale,Application,true,,169,raise; build; sell; meet,AI; Finance,Happy hours & drinks; Networking & mixers; Panels & firesides,https://partiful.com/e/gcMk4ntAUjOBzIQT3A59,3
1233b68b-a38c-487e-ad20-0084a37e2673,Accredited Investor AI Briefing: Scaling to $19.7B Exit and Beyond 🛡️🤖,Accredited Investor AI Briefing: Scaling to $19.7B Exit and Beyond 🛡️🤖,"Join an exclusive room of accredited investors to gain direct insights from founders and investors behind iconic milestones including Pandora Radio ($2.6B IPO), Nuance Communications ($19.7B acq.",2026-10-08,2026-10-08T10:00:00-07:00,2026-10-08T13:30:00-07:00,Downtown (SF),"Financial District, San Francisco, CA","Equity X Investments, LLC",Application,true,,,raise; build; meet,AI; Finance,Networking & mixers; Panels & firesides,https://partiful.com/e/FFqdxOWC2l0l6gr1TZWF,9
127962b4-dae0-4537-b42a-a8b9698d48cd,No Phones Party with CatGPT & Apollo,No Phones Party with CatGPT & Apollo,"Join CatGPT and Apollo for Cat’s viral “No Phones Party”, previously hosted in Los Angeles and New York, and now making its San Francisco debut the only way one possibly can: at SF tech week.",2026-10-08,2026-10-08T20:00:00-07:00,2026-10-08T23:00:00-07:00,Nob Hill,,"Smooth Media, Apollo",Application,true,,,meet; fun,AI; GTM & sales,Parties & raves; Happy hours & drinks,https://partiful.com/e/kmyZLoT7dqolIdRDOkYv,2
131971dc-fee5-468c-a25f-e02447486c2a,"Reset at the Sauna Garden with Forerunner Ventures, Rho, and Verci","Reset at the Sauna Garden with Forerunner Ventures, Rho, and Verci","Forerunner Ventures, Rho, and Verci are bringing founders and operators to Alchemy Springs for an evening at their Sauna Garden, a space to reset intentionally, away from the hustle of Tech Week.",2026-10-08,2026-10-08T18:00:00-07:00,2026-10-08T20:30:00-07:00,Lower Nob Hill,"Alchemy Springs Sauna Garden, 939 Post St, San Francisco, CA","Verci, Forerunner Ventures",Application,true,,10,meet; fun,,Networking & mixers,https://partiful.com/e/tlyHFZevTnO7VOVB7KnI,1
14564b88-2af8-4e2a-a42a-524f2526d5c5,Local with Axel,Local with Axel,"Join Jonathan Heit of the Axel Travel Podcast for drinks, dumplings, good company, and a round of travel trivia with a special trip on the line.",2026-10-08,2026-10-08T19:00:00-07:00,,Duboce Triangle,,Axel,Application,true,,,meet,AI; Media & entertainment,Dinners,https://partiful.com/e/pUoA7KHcDGDVY64ks8q2,4
14b112b1-0d4f-4b12-8274-d7bdd7bac8f6,Recover from Tech Week at SF’s newest wellness studio,Recover from Tech Week at SF’s newest wellness studio,"After a packed week of meetings, events, and networking, give your body time to recover.",2026-10-08,2026-10-08T08:00:00-07:00,,Duboce Triangle,,Pause Castro,Unknown,false,,,fun,Health & biotech,,https://partiful.com/e/c90MYrCsnG2sWg4ZJkAr,1
14c55a80-7035-4c1b-864e-afeeadc5ebb9,AI in Strategic Finance,AI in Strategic Finance,"Join Genesys Strategic Finance for a discussion on scenarios, interpretation, judgement, and the future of a Finance team powered by AI.",2026-10-08,2026-10-08T16:00:00-07:00,2026-10-08T18:00:00-07:00,Marina,,Genesys Strategic Finance,Application,true,,87,meet,AI; Finance,Happy hours & drinks,https://partiful.com/e/sdttDvkltyh8vKqIUP5L,3
14f841b6-445a-42ca-9222-27fb6786f935,Wearables & Art showcase | Ondu Private Preview,Wearables & Art showcase | Ondu Private Preview,"We have been working for past 2.5 years on this. We launched as Tamanna wearables, then became Miraii.ai, now Ondu.co",2026-10-08,2026-10-08T17:00:00-07:00,2026-10-08T20:00:00-07:00,SOMA,,Ondu.co,Unknown,false,,,meet,Media & entertainment; Robotics & hardware; Health & biotech,Happy hours & drinks,https://partiful.com/e/OjDoDPjHyyewbi0HTTCY,1
152234d6-12e4-4859-b613-22d559f9832f,Morning Run + Cortisol Experiment,Morning Run + Cortisol Experiment,We'll meet at the Chase center and run along the Embarcadero to kickstart your Thursday.,2026-10-08,2026-10-08T07:30:00-07:00,2026-10-08T08:15:00-07:00,Mission Bay,,Lume Health Technologies,RSVP,false,,173,meet; fun,Health & biotech,Runs & walks; Coffee & breakfast,https://partiful.com/e/li3WsDFuPjb6ATj1Zzln,0
15421286-50d9-466b-a9e2-a35951e928bb,Sensory Intelligence,Sensory Intelligence,We'll have a live fashion showcase of timeless structural style designed to match the elevated energy of the night.,2026-10-08,2026-10-08T19:00:00-07:00,2026-10-08T23:00:00-07:00,Other,,"Cristina Soltesz, Adame, Matrix Edge Therapeutics",Application,true,,,meet,AI; Health & biotech; Media & entertainment,Networking & mixers,https://partiful.com/e/KkwekwxNYJvLwK6MWK4H,2
154cfa37-9c87-4156-a75f-be0c46cf93e5,Exclusive dinner: Meet the top Industrial AI startups (a16z speedrun),Exclusive dinner: Meet the top Industrial AI startups (a16z speedrun),"This is an exclusive networking dinner to bring together startup founders, investors, and enterprise leaders who are working on deploying AI in traditional industries such as supply chain, logistics, and manufacturing.",2026-10-08,2026-10-08T18:30:00-07:00,,Castro,"Camino Alto, 1715 Union St, San Francisco, CA","Sotant, ScaleDrive AI",Application,true,,18,meet,AI,Dinners; Networking & mixers,https://partiful.com/e/H4Dc4QWDieORJtJgKQeg,2
177ffec4-b963-412c-85bf-d3a424bb14e6,THE OPEN INTEGRATION LAYER FOR AGENTS,THE OPEN INTEGRATION LAYER FOR AGENTS,"Join Open Future Forum during SF TechWeek for a developer-focused discussion about the infrastructure required to make agent integrations portable, interoperable, and reusable across models, frameworks, and applications.",2026-10-08,2026-10-08T09:30:00-07:00,2026-10-08T11:00:00-07:00,SOMA,"JOE & THE JUICE - Howard Street. San Francisco, 301 Howard St, San Francisco, CA","Trekka, Agentic Fabriq, Open Future Forum",Application,true,,123,build; meet,AI,Networking & mixers,https://partiful.com/e/3hgDICwLXxD9WHe5HXdz,1
1783552f-6f3a-4d16-8f55-f1168c579176,Funders & Founders Mixer,Funders & Founders Mixer,"Join us for an intimate Funders & Founders Mixer at ERIA—an evening designed to bring together founders, investors, funders, and ecosystem builders for meaningful conversations, new connections, and a few good drinks.",2026-10-08,2026-10-08T18:00:00-07:00,2026-10-08T21:00:00-07:00,Marina,,Founders Bay,Application,true,,214,meet,AI,Happy hours & drinks,https://partiful.com/e/YnaOKTdxUx0DJqFVQGCk,2
195254bb-5efc-496e-8623-0cd7932c0c1d,Foundry Demo Day,Foundry Demo Day,Join Startup Valley Pitch Night Tech Week Special Edition!,2026-10-08,2026-10-08T17:30:00-07:00,2026-10-08T20:30:00-07:00,Mission,"AI Startup Academy, 1769 15th St, San Francisco, CA",Startup Valley,Application,true,,9,raise; build; meet,AI,Demos & pitches; Networking & mixers,https://partiful.com/e/s5CNBrv0KQNnxShAbNga,1
197b1196-7ca4-434f-af44-d7c44cd4a735,Canyon Commuter Stopoff,Canyon Commuter Stopoff,"Power your morning commute during SF Tech Week! Swing by our hub at The Motoring Club to fuel up with complimentary coffee and fresh local pastries, chat the future of connected mobility and active rider safety with the Canyon team, before heading in to work or other SF Tech Week…",2026-10-08,2026-10-08T08:00:00-07:00,2026-10-08T10:00:00-07:00,Cow Hollow,,Canyon Bicycles,Unknown,false,,,meet,AI; Robotics & hardware,Coffee & breakfast; Networking & mixers,https://www.grouprides.cc/rides/canyon-commuter-stopoff-2026-10-08,0
1a16a0cc-3bb7-42e3-aacb-7e65f92bfcd3,​Lunch & Hack: The Latest SF Tech Trends,​Lunch & Hack: The Latest SF Tech Trends,​Join us for a special SF Tech Week edition focused on the latest trends shaping San Francisco’s tech ecosystem.,2026-10-08,2026-10-08T11:00:00-07:00,2026-10-08T12:00:00-07:00,Virtual (SF),,The AI Collective and RoryPlans.ai,Application,true,,,,AI,Panels & firesides,https://luma.com/aic-gl-10-8,2
1a2a5077-9d33-4dbc-b444-07e4044951b0,GGW Sharks. AI Founders & Investors,GGW Sharks. AI Founders & Investors,This is your chance to get direct feedback and secure warm introductions to real investors.,2026-10-08,2026-10-08T10:00:00-07:00,2026-10-08T12:00:00-07:00,Downtown (SF),,Go Global World,Application,true,,183,raise; build; meet,AI; Finance,Demos & pitches,https://partiful.com/e/x2bAYR4ZHU3CRmGlitwh,1
1a83ad8b-6dc0-421b-abcb-9b175b44fd31,Women Founders Dinner: The Founder You Become,Women Founders Dinner: The Founder You Become,"We’re bringing together 20 women founders for an intimate dinner and conversation around the founder you have to become for the company you want to build.
Joining us are Stacy Pavlyshyna, co-founder and CEO of Awesomic, and Emily Iscoff-Daigian, founder and executive coach.",2026-10-08,2026-10-08T18:00:00-07:00,2026-10-08T22:00:00-07:00,Mission,,The Thoughtful Society,Unknown,false,,,meet,AI,Dinners,https://partiful.com/e/Vl4MklwFzklTuUKk5vA3,3
1a843a7b-45ed-44c1-b65a-9d1c20168359,Agent memory & learning,Agent memory & learning,Come discuss methods for agents to learn from experience at Letta HQ.,2026-10-08,2026-10-08T17:30:00-07:00,2026-10-08T19:30:00-07:00,Jackson Square,,Letta,Unknown,false,,,build; meet,AI,Happy hours & drinks,https://partiful.com/e/sYfPT3uHC2xaQH7uBp2K,0
1bde761d-4705-4e2e-9c66-ff8f02022ff0,Nordic Founders Connect by Osborne Clarke & YEoS,Nordic Founders Connect by Osborne Clarke & YEoS,Dreaming of making it in Silicon Valley is one thing. Actually doing it is another. Want to know what it really takes?,2026-10-08,2026-10-08T08:30:00-07:00,2026-10-08T10:00:00-07:00,FiDi (SF),,Business Sweden,Unknown,false,,,meet,AI; GTM & sales,Coffee & breakfast; Networking & mixers,https://partiful.com/e/B9NgKZWVShvi1AZkqywp,6
1c8269fe-6273-4abb-bbae-6e7ae25f1e44,Fund or Fold - How VCs Actually Decide,Fund or Fold - How VCs Actually Decide,Then 2 VCs tell you what they’d actually do and what would make or break the deal in Investment Committee (IC).,2026-10-08,2026-10-08T16:00:00-07:00,2026-10-08T19:00:00-07:00,South Beach,"625 2nd St Ste 103, San Francisco, CA 94107","G2C Ventures, GreatPoint Ventures, Polsky Center at Chicago Booth",Application,true,,498,raise; meet,AI; Finance,Happy hours & drinks; Networking & mixers,https://partiful.com/e/C8TTwFzzRDoUwsiySUk4,7
1cb6bb41-698c-4632-a92a-65f8c59a347d,"What's next in Physical Ai, Robotics & 3D with Solaya, NVIDIA, Roblox, Google & Dassault Systems!","What's next in Physical Ai, Robotics & 3D with Solaya, NVIDIA, Roblox, Google & Dassault Systems!","Solaya is hosting the most exciting breakfast during SF Tech Week with NVIDIA, Google and more ;)",2026-10-08,2026-10-08T09:00:00-07:00,,SOMA,SoMa,Solaya,Application,true,,94,meet,AI; Robotics & hardware; Media & entertainment,Coffee & breakfast; Panels & firesides,https://partiful.com/e/HO0qARGSZOffaw2Gmo8U,2
1db9d624-1b20-4386-91b5-2722dd0703a1,"Builder, Backer, Advisor: Gokul Rajaram on All Three Sides of the Table","Builder, Backer, Advisor: Gokul Rajaram on All Three Sides of the Table",Great products aren't pitched. They're tried.,2026-10-08,2026-10-08T17:00:00-07:00,,North Beach,,Niural AI,Application,true,,,raise; build; meet,AI; Finance,Networking & mixers; Panels & firesides,https://partiful.com/e/ngO46WC6ezoASGDFdKrm,4
1dcec8b4-e4bc-4c3d-9f7c-3506bcd5bede,"Scaling without ""Risk"" in play: Compliance + Insurance for Startups","Scaling without ""Risk"" in play: Compliance + Insurance for Startups","→ Panel Discussions: Insights and panel conversations featuring Albi Zhulali, founder and CEO of EU Presence and Alex Harper, head of partnerships at Corgi",2026-10-08,2026-10-08T17:00:00-07:00,,Downtown (SF),"Corgi, 425 Bush St, San Francisco, CA","EU Presence, Corgi",Application,true,,162,meet,AI,Networking & mixers; Panels & firesides,https://partiful.com/e/v7PZURe354ptseSvhzzr,3
1ea195c8-fa8d-4c66-b133-6816ff9d8df6,Fireside Chat: Rethinking the Human Enterprise,Fireside Chat: Rethinking the Human Enterprise,"Powered by: All Good HR, Vibespace, AI Collective, Raisi.ai",2026-10-08,2026-10-08T14:30:00-07:00,2026-10-08T17:00:00-07:00,Mission,TBA,All Good HR / Founders Foundry,Application,true,,,sell; meet,,Coffee & breakfast; Panels & firesides,https://partiful.com/e/iOlo5WzQitJ8bMan3sn5,5
1f3b8829-0ab7-4675-8f89-0e2cfdd7b6aa,Mission Bit's 10th Annual Gala Fundraiser: Access Granted,Mission Bit's 10th Annual Gala Fundraiser: Access Granted,"Join us on October 8 for Mission Bit’s 10th Annual Gala Fundraiser: Access Granted— an evening celebrating our students, our community, and the future we’re building together.",2026-10-08,2026-10-08T18:00:00-07:00,2026-10-08T21:30:00-07:00,Dogpatch,"Standard Deviant Pier 70, 1070 Maryland St, San Francisco, CA",Mission Bit,RSVP,false,,129,raise; meet,AI; Finance,Networking & mixers,https://partiful.com/e/pcUArLuF20LHyvWA7hpy,6
2184d8d8-d242-444e-8fa6-240c8d41a1f9,The Inner Loop,The Inner Loop,A private cocktail gathering for founders of funded companies and active investors shaping the next generation of technology.,2026-10-08,2026-10-08T17:00:00-07:00,2026-10-08T20:00:00-07:00,Marina,"Marina District, San Francisco, CA","Lydo, Rails AI",Application,true,,,raise; meet,AI; Finance,Happy hours & drinks; Networking & mixers,https://partiful.com/e/QzeXwpD6M9rNnhJyoFjN,2
21972644-b917-4105-8976-63e9723fab84,The Future Of Creative Entrepreneurship -- A Creator & Founder Mixer,The Future Of Creative Entrepreneurship -- A Creator & Founder Mixer,"Join Capitalize VC × Velle for a curated evening during SF Tech Week bringing together creator-founders, entrepreneurs, and the people helping them scale.",2026-10-08,2026-10-08T18:30:00-07:00,,Downtown (SF),,"Velle, Capitalize VC",Application,true,,103,meet,AI; Media & entertainment,Networking & mixers; Happy hours & drinks,https://partiful.com/e/oVHx9JyzlMm4gRRtYQm9,1
21b88d5b-0c41-4a2d-9239-6f2c2ee6234c,Neurotech Startup Village,Neurotech Startup Village,Neurotechnology's moment has arrived. You're invited to be a part of it at SF Tech Week!,2026-10-08,2026-10-08T15:00:00-07:00,2026-10-08T20:00:00-07:00,Downtown (SF),,Neurotech Futures,Unknown,false,,,raise; meet,AI; Finance,Happy hours & drinks; Networking & mixers; Panels & firesides,https://partiful.com/e/WJmx788TBX9hLw8WohBv,1
21df8b80-4998-4038-80dc-4ff8e9acaeb8,Startup Mafia,Startup Mafia,"Who’s in the room: this is a private, application-based event for Seed–Series A startups and VCs who are building and backing companies with billion-dollar potential.",2026-10-08,2026-10-08T15:00:00-07:00,2026-10-08T18:00:00-07:00,Other,,"A-Players, Geek Ventures",Application,true,,,raise; meet,AI; Finance,Networking & mixers,https://partiful.com/e/G0fPLF2uCukTxBALc8sx,2
2268fbdd-d360-4a93-a9fe-56597267e6ab,The Frontier Table,The Frontier Table,Join us for a private investor dinner hosted by Ventioneers Capital.,2026-10-08,2026-10-08T18:30:00-07:00,2026-10-08T20:00:00-07:00,Other,,Ventioneers Capital,Unknown,false,,,meet,AI,Dinners,https://partiful.com/e/uOgNQW7R6NFWDTY5qucr,0
22cd6615-5b9c-474b-bdd6-fb50a85ee2ee,Building Superintelligence for Humanity,Building Superintelligence for Humanity,"Building Superintelligence for Humanity is an intimate, dialogue-based gathering during SF Tech Week for people thinking deeply about the future of AI, human agency, and collective intelligence.",2026-10-08,2026-10-08T16:00:00-07:00,2026-10-08T19:00:00-07:00,Downtown (SF),,"Cognisee, PBC",Application,true,,3,build,AI,Panels & firesides; Hackathons & workshops,https://partiful.com/e/XD2O7u1pCcYaoA3XQujy,1
22e96063-41ee-4482-b8d3-bf95464b057f,Everyone Is Talking About AI Voice. Nobody Is Talking About Compliance.,Everyone Is Talking About AI Voice. Nobody Is Talking About Compliance.,But the biggest challenge for production deployments may be compliance and telecom infrastructure.,2026-10-08,2026-10-08T12:30:00-07:00,2026-10-08T13:30:00-07:00,Virtual (SF),,"Cloudonix, Inc",RSVP,false,,76,build,AI,Hackathons & workshops,https://partiful.com/e/jNwhKYHyWVRPz8nL8p7U,1
232ed354-7c00-4efa-bb9e-a8e70cdaa4b2,DTC Founders & Operators Breakfast,Compare ecommerce notes with DTC founders over breakfast,"We’re bringing together a small group of DTC founders, ecommerce operators, retention marketers, and a few investors for an informal breakfast during SF Tech Week.",2026-10-08,2026-10-08T08:00:00-07:00,,Downtown (SF),"Sightglass Coffee, 270 7th St, San Francisco, CA",Bloomio AI,Application,true,,,meet,AI,Coffee & breakfast; Networking & mixers,https://partiful.com/e/aywaTkyd5G0Rbn8VCRSh,1
257cae77-5518-43ba-943e-43d2cf344d64,"Helix x Tusk Ventures— Online Identity in the AI Era: Agents, Bots & How To Make Verification Work","Helix x Tusk Ventures— Online Identity in the AI Era: Agents, Bots & How To Make Verification Work",This panel and Q+A will bring together top voices in the trust & safety space to discuss how startups can futureproof the way they do user verification as AI continues to evolve.,2026-10-08,2026-10-08T09:00:00-07:00,,Downtown (SF),,Tusk Ventures,Application,true,,223,build; meet,AI,Coffee & breakfast; Panels & firesides,https://partiful.com/e/YDHAoysJaG1ZmMvBUlGV,2
26107a87-99b0-4d3f-8c88-37199b5129fe,"Cybernetics: Bridging Human, Machine & Mind","Cybernetics: Bridging Human, Machine & Mind","Join us for an intimate, interdisciplinary conversation exploring the emerging relationship between biological intelligence and synthetic intelligence—and what it might take to build a future based on cooperation, mutual understanding,…",2026-10-08,2026-10-08T16:00:00-07:00,2026-10-08T18:00:00-07:00,Pacific Heights,,HebberlyAhatlan.com,Application,true,,76,meet,AI,Networking & mixers; Panels & firesides,https://partiful.com/e/yso5EfGMIR2uySZh3tTL,1
26e6e46b-ed47-4ed1-bf2a-15badb783afb,[Invite Only] AI Finance Leaders Happy Hour,[Invite Only] AI Finance Leaders Happy Hour,"Just drinks, good company, and an honest discussion about what's changing, what's working, and what finance leaders are seeing as AI becomes an increasingly important part of the P&L.",2026-10-08,2026-10-08T18:30:00-07:00,,Downtown (SF),,Cloud Capital,Application,true,,,meet,AI; Finance,Happy hours & drinks,https://partiful.com/e/u4RWm6PKHi1lPrfFJIWX,1
28aacdc5-7853-48c0-8f31-c688072e9771,Unlock the Full Power of Coding Agents: Software Engineering in the Agent Era,Unlock the Full Power of Coding Agents: Software Engineering in the Agent Era,Tech panel from a crew of technical founders talking about how to give engineering teams superpowers with AI coding agents in this vibe coding era.,2026-10-08,2026-10-08T18:00:00-07:00,,Rincon Hill,"501 2nd St, San Francisco, CA","XTrace, CMUX",Application,true,,111,raise; build,AI,Panels & firesides; Demos & pitches; Hackathons & workshops,https://partiful.com/e/aVw7R8XqcaBPAQspvuYu,4
2913e013-9cd0-41ca-8403-ce53c2da7db4,What's your Elo? Paddles Up for Personal Agents at,What's your Elo? Paddles Up for Personal Agents at,You build the AI chat apps. We help them earn. Now let's find out who can actually play.,2026-10-08,2026-10-08T17:00:00-07:00,2026-10-08T19:00:00-07:00,SOMA,,Elo,Unknown,false,,,build; meet,AI; Media & entertainment,Happy hours & drinks; Networking & mixers,https://partiful.com/e/SiwZVHgnD0jRlHWVo9pV,1
292397d4-5923-48ce-ab60-09574bff8dc0,Cherie Demo Day: a Fashion Tech Closet Swap,Cherie Demo Day: a Fashion Tech Closet Swap,"The founder of Cherie AI hosts an app demo day and networking event for the next-generation of women in tech… This is for the fashion girls of their office, defiant female engineers and operators, and creators that fuel the commerce behind it all.",2026-10-08,2026-10-08T18:00:00-07:00,2026-10-08T21:00:00-07:00,North Beach,,Cherie AI,Unknown,false,,,raise; build; meet,AI,Networking & mixers; Demos & pitches; Hackathons & workshops,https://partiful.com/e/9e8TzRWvdlow3zmog6uA,0
29acc141-e671-46ee-a58b-05e7a1058a53,The Cortex Cafe by Snowflake & Google Cloud,The Cortex Cafe by Snowflake & Google Cloud,Snowflake and Google Cloud are hosting a cafe takeover at SOHN.,2026-10-08,2026-10-08T09:00:00-07:00,2026-10-08T16:00:00-07:00,Dogpatch,"Sohn, 2535 3rd St, San Francisco, CA","Verci, Snowflake",Application,true,,318,meet,AI,Coffee & breakfast; Networking & mixers; Panels & firesides,https://partiful.com/e/CWvFkZaS7ZAxBfmrxZyv,0
29b0ae57-f33f-47a5-bccb-42ccde0c39e7,Crafting x WNDR — Engineering Dinner,Crafting x WNDR — Engineering Dinner,​Crafting × WNDR — AI Engineering Dinner,2026-10-08,2026-10-08T17:30:00-07:00,,Other,,Crafting,Unknown,false,,,meet,AI,Dinners,https://partiful.com/e/Xu02EJ1YVtksb6lAlDp6,0
29e05d4a-647c-469c-8959-a5c271f6be6b,Life is a Pitch,Life is a Pitch,We’re bringing together founders who are unapologetically ambitious ...,2026-10-08,2026-10-08T18:30:00-07:00,,Downtown (SF),,DeepMyst,Unknown,false,,0,raise; build,AI; GTM & sales,Demos & pitches,https://partiful.com/e/iyWbAWzzwGHhtZme9mhT,1
2b041302-6d8e-406f-b403-22dee47ac191,"Inside the First Round w/ Khosla, Antler, Floodgate","Inside the First Round w/ Khosla, Antler, Floodgate",This is an opportunity for founders to ask investors directly how they evaluate early-stage companies and what actually happens on the other side of the table.,2026-10-08,2026-10-08T14:30:00-07:00,2026-10-08T16:30:00-07:00,SOMA,"Antler, SF HQ, 144 Townsend St 3 Floor, San Francisco, CA",Startup Grind,RSVP,false,,,raise; meet,AI; Finance,Networking & mixers; Panels & firesides,https://partiful.com/e/pPWV7wpJTan9wRFaToq0,7
2b8490dc-43fa-4b32-b658-1dc0ce46d68f,GTM Unlocked: Marketing in the AI Era,GTM Unlocked: Marketing in the AI Era,"During SF Tech Week, AScaleX is bringing together a curated group of founders, CMOs, COOs, growth leaders, and operators for an intimate conversation, hosted at a premium venue overlooking the Bay.",2026-10-08,2026-10-08T17:30:00-07:00,2026-10-08T19:30:00-07:00,Mission Bay,"Che Fico Pizzeria, 1 Warriors Way, Unit 300, San Francisco, CA",AScaleX,Application,true,,,sell; meet,AI; GTM & sales,Happy hours & drinks,https://partiful.com/e/wCC77fqoK5aiKcLfqqNh,0
2bd10698-76a1-4d81-a429-a23c90370362,Build the AI-Native Office of the CFO Stack,Build the AI-Native Office of the CFO Stack,"Join Maxima, Levelpath, Fazeshift, and Summation for an interactive workshop on building the AI-Native Office of the CFO.",2026-10-08,2026-10-08T11:30:00-07:00,2026-10-08T13:00:00-07:00,FiDi (SF),,"Summation, LevelPath, Maxima",Application,true,,,build; meet,AI,Coffee & breakfast; Hackathons & workshops,https://partiful.com/e/7uGdxj9tFbEVQz7KTHCE,1
2c38eb63-f12d-47ed-81fb-6e91d444877a,The Founder's Table,The Founder's Table,Who wants a seat at the table?,2026-10-08,2026-10-08T19:30:00-07:00,2026-10-08T22:00:00-07:00,Embarcadero,,Niural AI,Unknown,false,,,meet,AI; Finance,Dinners,https://partiful.com/e/yN1gnjh5vQwyVhAJ22gi,0
2c679219-0875-4219-ac48-4753e98ed5d5,Longevity Talk:How to Not Age Like an American | Salon Ch. 3,Longevity Talk:How to Not Age Like an American | Salon Ch. 3,"This is a room for people building in longevity, working in wellness, or spending real money on both, and the argument is the point.",2026-10-08,2026-10-08T18:30:00-07:00,,Hayes Valley,,EMBODIED,Application,true,,94,build,Health & biotech,Panels & firesides; Hackathons & workshops,https://partiful.com/e/7v8D7bAIDI7JeBUY5DPf,1
2ce5ca8c-c6c1-46eb-8647-058671b9d5a9,The Anti-Burnout Breakfast,Rethink your workspace and leadership stamina over breakfast,"We’re bringing together an intimate group of Series A+ founders, executives, and investors for a high-grade espresso bar, local pastries, and candid roundtables on the science of executive stamina.",2026-10-08,2026-10-08T08:30:00-07:00,2026-10-08T10:30:00-07:00,Union Square (SF),,"Innovate Bay, Miller Knoll",Application,true,,,raise; meet,AI; Finance,Coffee & breakfast,https://partiful.com/e/zwE5vJ9iEFoSKJ4nd6UW,2
2e0e436b-7dac-4732-8a3d-1141805648ee,CRACKED Founders & Builders AMA,CRACKED Founders & Builders AMA,"Before Napkin, he spent 8 years at Google and then founded Osmo, the hands-on learning system that fused physical play with the iPad, growing it into a $100 million ARR business as an early, non-obvious bet on tactile, screen-based…",2026-10-08,2026-10-08T08:30:00-07:00,,Embarcadero,"SOMA, San Francisco, CA",Goodfin,Application,true,,,raise; build; meet,AI; Finance; GTM & sales,Coffee & breakfast; Networking & mixers; Panels & firesides,https://partiful.com/e/mRSpVJyhzejC4KyQJ2FM,4
2eb9a48b-499f-4d6f-ad2d-565a7a9de39c,"Make it, Market it: A New Launch Playbook for Physical Products","Make it, Market it: A New Launch Playbook for Physical Products",Join Whipsaw and Vizcom during SF Tech Week for an evening on how a physical product launch actually comes together.,2026-10-08,2026-10-08T17:30:00-07:00,2026-10-08T20:00:00-07:00,Potrero Hill,,"Whipsaw, Vizcom",Application,true,,148,meet,AI; GTM & sales; Robotics & hardware,Happy hours & drinks,https://partiful.com/e/PB5Xr4zT1gLyxSD12ef4,1
2f2748da-ef8f-4144-9b92-bc082311f9fe,Let your AI agents manage patent protection,Let your AI agents manage patent protection,Join us for a live look at Lightbringer MCP: your AI agent working directly with your patent attorney.,2026-10-08,2026-10-08T10:00:00-07:00,2026-10-08T10:45:00-07:00,FiDi (SF),,Lightbringer,Application,true,,81,build,AI; Robotics & hardware,Panels & firesides,https://partiful.com/e/0eaKVcPtpQ7gIpVLNNJR,2
2f7963ec-f719-46ef-ba6b-c3b6cce92f65,R2S2R Arena Launch,R2S2R Arena Launch,"Join us for the launch and an evening of live robot demos, candid conversations, and a first look at how the Arena will turn real-world experience into scalable simulation, model training, and factory deployment, serving as a shared…",2026-10-08,2026-10-08T16:00:00-07:00,2026-10-08T19:00:00-07:00,SOMA,,IndustrialNext,Application,true,,117,meet,AI; Robotics & hardware,Happy hours & drinks; Networking & mixers; Panels & firesides,https://partiful.com/e/NTTIOqL7EtbaOYKhQ6Ro,1
3094eac4-38a0-43a9-a6b3-ecf4014c2a56,The AI Product Builders Room,The AI Product Builders Room,"A curated gathering for AI Product Builders, founders, product leaders, and operators building the next generation of AI-powered products.",2026-10-08,2026-10-08T16:00:00-07:00,2026-10-08T20:00:00-07:00,Union Square (SF),,Rezoomex,Unknown,false,,,build; meet,AI,Happy hours & drinks; Networking & mixers,https://partiful.com/e/sUg6yNmBNtTohY0zwUKD,1
317d086c-06d8-4188-bcd9-9abed372f6bf,Compliance Basics 101: Digital Health & Wellness Startups and the Law,Compliance Basics 101: Digital Health & Wellness Startups and the Law,Building a consumer-facing digital health or wellness startup?,2026-10-08,2026-10-08T13:00:00-07:00,2026-10-08T14:00:00-07:00,Virtual (SF),,"Luvira Consulting, NanoGC",Unknown,false,,,build; fun,Health & biotech; Finance,Hackathons & workshops,https://partiful.com/e/epehhGBoIjQZVfYIdZB1,3
318e642b-74d6-4ce8-8de0-7e85626339a6,Private Series A-B Founder Dinner,Private Series A-B Founder Dinner,"Join us for a twenty-seat dinner in San Francisco for Series A+ Founders, CEOs, and GTM leaders.",2026-10-08,2026-10-08T18:30:00-07:00,,Mission,,"Lightfield, Cura",Application,true,,,raise; meet,AI; GTM & sales,Dinners,https://partiful.com/e/q9dQT5wID3v5xYt9zpgS,0
31ef5d24-680b-480a-b040-01cb25deec89,Physical AI for the Built Environment,Physical AI for the Built Environment,"The program closes with a live demonstration of Stand's agents interacting with its World Model, optimizing the mitigation and discount for specific homes.",2026-10-08,2026-10-08T17:30:00-07:00,,FiDi (SF),"475 Sansome St., 8th Floor, San Francisco, CA 94111",Stand Insurance,Application,true,,283,meet,AI; Robotics & hardware,Happy hours & drinks; Networking & mixers; Panels & firesides,https://partiful.com/e/D3Nk3NFHRUvpRRfta46R,0
32562153-0fb3-4858-8b46-4aa9e30d9749,The Inside Scoop: Fashion x Tech (Week) Happy Hour,The Inside Scoop: Fashion x Tech (Week) Happy Hour,"Tech Week is already full of pitch decks and panels, so we wanted to do something a little different.",2026-10-08,2026-10-08T17:00:00-07:00,2026-10-08T19:00:00-07:00,Union Square (SF),,Indyx,Application,true,,,meet,,Happy hours & drinks,https://partiful.com/e/eTmgaO6lmAOpfPRspXR9,3
33678fbc-dcfc-4019-94a2-0a53f521823c,depthfirst Poker Night,depthfirst Poker Night,"Join fellow security leaders for a night of poker, drinks, good food and even better banter. No presentations. No sales pitches. Just a little friendly competition, good company, and a chance to talk security with people who live it every day. Whether you’re a shark or just know …",2026-10-08,2026-10-08T18:00:00-07:00,,FiDi (SF),,depthfirst,Unknown,false,,,meet,AI,Networking & mixers,https://partiful.com/e/Omq3QkCHX0nY4OAxKzd6?f=1,2
33bf6790-2dc1-441f-a94a-d75d4445f235,Build & Deploy Customer-Facing Agents in Production,Build & Deploy Customer-Facing Agents in Production,"Now it has to actually issue that refund: call the API as that customer, with their permissions and nobody else's, and get it right the first time.",2026-10-08,2026-10-08T17:30:00-07:00,2026-10-08T19:30:00-07:00,Downtown (SF),"142 Minna St, San Francisco, CA","ScaleKit, Plain",Application,true,,79,raise; build; sell; meet,AI,Panels & firesides; Demos & pitches,https://partiful.com/e/6Y4gLZoKh1uEIs9xlKOP,7
33c9c4f7-c7ae-46eb-9145-4fba6dc0d3d6,Lexi's Pizza Party,Lexi's Pizza Party,"Lexi Ventures invites biotech startup founders, investors, and friends for a slice of pizza and networking.",2026-10-08,2026-10-08T15:30:00-07:00,,SOMA,"CPK, 53 3rd St, San Francisco, CA",Lexi Ventures,Application,true,,105,raise; meet; fun,AI; Finance; Health & biotech,Parties & raves; Networking & mixers,https://partiful.com/e/xJfulBOSiVtnNeKOoQlQ,0
35d467e0-b587-4031-8597-bb3f9672a659,Founder Flow State: Yoga & Investor Networking,Founder Flow State: Yoga & Investor Networking,Founder Flow State brings together founders and investors for an instructor led yoga session followed by networking at Alchemy Springs.,2026-10-08,2026-10-08T09:00:00-07:00,2026-10-08T11:00:00-07:00,Mission,"HAUM Studios- Mission District, 2973 16th St, San Francisco, CA",Tranquility,RSVP,false,,87,raise; meet; fun,Media & entertainment; AI; Finance,Networking & mixers; Happy hours & drinks,https://partiful.com/e/IFqeD0ysXSmkXiKFs0Vp,1
360f5d0d-7352-4620-9561-2ba3c7d80310,Founders&Funders Happy Hour,Founders&Funders Happy Hour,"Join us for a Founders&Funders Happy Hour on Thursday, October 8 at 4:00pm for #SFTechWeek.",2026-10-08,2026-10-08T16:00:00-07:00,,Hayes Valley,"Peacekeeper, 925 Bush St, San Francisco, CA",A26 Ventures,Application,true,,76,raise; meet,AI; Finance; GTM & sales,Coffee & breakfast; Happy hours & drinks,https://partiful.com/e/zryqFJ3S06ZuCt6YF9m7,2
36394a9d-a700-4d04-b86b-32289c8ef733,Underinvested or Overheated. A Live Debate On Physical AI.,Underinvested or Overheated. A Live Debate On Physical AI.,"Bessemer calls this robotics' ""GPT-2.5 moment"" — real capability, a wide gap to the reliability production demands.",2026-10-08,2026-10-08T16:00:00-07:00,,Other,,Skye Air Mobility,Application,true,,30,raise; meet,AI; Robotics & hardware; Finance,Happy hours & drinks; Networking & mixers; Panels & firesides,https://partiful.com/e/8VflkO49g5arIfodRTyv,2
36a9da8a-a54c-4684-b48c-3c2dd44d0b6d,Code. Fix. Drink. Repeat.,Code. Fix. Drink. Repeat.,​Code. Fix. Drink. Repeat.,2026-10-08,2026-10-08T18:00:00-07:00,2026-10-08T21:00:00-07:00,FiDi (SF),,WeAreDevelopers,Unknown,false,,,build; meet,AI,Hackathons & workshops; Happy hours & drinks; Networking & mixers,https://partiful.com/e/83NXdnYs1uUIk9SMxU1M,0
37a3b9c5-f774-4aff-8925-30a1531d715f,The Founder Reset: Zero to Unicorn with Bolt.new CEO,The Founder Reset: Zero to Unicorn with Bolt.new CEO,Join our other Founder Reset sessions on Thursday:,2026-10-08,2026-10-08T13:00:00-07:00,2026-10-08T14:30:00-07:00,Russian Hill,"The Melody of San Francisco, 906 Broadway, San Francisco, CA","Unicorner, SimpleClosure",Application,true,,,raise,AI; Finance,Panels & firesides,https://partiful.com/e/mV93caH0Cl9Xb3LEkcsk,2
37aafdda-5977-4207-9157-c33584198db1,"Headshots, Headlines + Hot Seats","Headshots, Headlines + Hot Seats",You'll learn it once and use it every morning for the rest of your life.,2026-10-08,2026-10-08T15:30:00-07:00,2026-10-08T18:30:00-07:00,Palo Alto,"Private Residence, Palo Alto, CA",PitchWell,Application,true,,109,build; meet,GTM & sales,Happy hours & drinks; Hackathons & workshops,https://partiful.com/e/BdURSYGwOyHbelpj3tTH,1
3912a566-f0c3-42ed-89c3-c3685718c9b5,Data Partnerships Happy Hour,Data Partnerships Happy Hour,Mercor builds training environments for the frontier AI labs.,2026-10-08,2026-10-08T18:00:00-07:00,2026-10-08T20:30:00-07:00,FiDi (SF),,Mercor,Application,true,,69,sell; meet,AI,Happy hours & drinks; Networking & mixers; Panels & firesides,https://partiful.com/e/i28rxPtnkHXoxbsV8WEg,4
39bf0b2a-3ea8-4ffb-9091-9ba16108658b,LockMCP,LockMCP,"You tell us about your systems, we turn them into tools the AI can use, with rules for who gets access to what.",2026-10-08,2026-10-08T14:30:00-07:00,,Virtual (SF),,LockMCP,RSVP,false,,44,raise; build,AI,Panels & firesides; Demos & pitches,https://partiful.com/e/ayb5cLoPPVr25huVAawh,1
3b8fb49a-7cfb-40cc-ac33-81815c23f483,Find Your Co-Founder: Tech x Business Shuffle,Find Your Co-Founder: Tech x Business Shuffle,"This is a peer-to-peer, founder-only night designed to help you meet people you wouldn’t normally cross paths with.",2026-10-08,2026-10-08T18:00:00-07:00,,Downtown (SF),"300 Grant Ave Suite 500, San Francisco, CA",Hanwha AI Center,Application,true,,,hire; meet,AI,Dinners; Happy hours & drinks; Networking & mixers,https://partiful.com/e/2TMRYknqcfRBU6GCWPOZ,4
3bcacf4c-261f-4ace-af44-6ed03fdfd54e,Rally: Visa Pathways & Pickleball for Immigrant Founders (Seed–Series A+),Rally: Visa Pathways & Pickleball for Immigrant Founders (Seed–Series A+),"Join AI Valley and Meritmap (Powered by Boundless) for a beginner-friendly padel mixer bringing together immigrant founders, builders, and operators across the Bay Area.",2026-10-08,2026-10-08T15:00:00-07:00,2026-10-08T18:00:00-07:00,Embarcadero,,"AI Valley, Boundless",Application,true,,31,raise; meet,AI,Networking & mixers,https://partiful.com/e/dhddnUiC2EH40Q2BUAbY,1
3c808fd6-9361-4755-bf01-028912ad35cf,"FinTech Golden Hour hosted by Visa, Fin Capital & JP Morgan","FinTech Golden Hour hosted by Visa, Fin Capital & JP Morgan","Join us on Visa’s rooftop overlooking Oracle Park to enjoy sunset views while discussing the trends, opportunities, and partnerships shaping the future of financial services.",2026-10-08,2026-10-08T17:00:00-07:00,2026-10-08T19:00:00-07:00,Mission Bay,,Visa,Application,true,,176,raise; meet,Finance,Happy hours & drinks,https://partiful.com/e/cU8UeN62q9evVHkGwOLe,2
3dff03fe-a608-4f26-8253-161af58b0b52,Touch Grass: A Breathwork + Networking Session for Founders,Touch Grass: A Breathwork + Networking Session for Founders,Touch Grass: A Breathwork + Networking Session for Founders,2026-10-08,2026-10-08T08:00:00-07:00,2026-10-08T08:45:00-07:00,SOMA,,Arra,Unknown,false,,,meet,AI; Media & entertainment; GTM & sales,Networking & mixers,https://partiful.com/e/1wmNLgnl7Yr6U41hC85K,1
3f150b78-2037-4763-a0a0-2a92973345a3,Peak Career and Fertility: Women Founders x VCs panel,Peak Career and Fertility: Women Founders x VCs panel,Followed by an open floor to discuss with people who have the same questions as you.,2026-10-08,2026-10-08T18:30:00-07:00,,Hayes Valley,,Fertility Intelligence Company,Application,true,,92,raise; build; hire,Health & biotech,Panels & firesides; Hackathons & workshops,https://partiful.com/e/hS97r3HIDhEGufkMSmLx,0
3fdeb085-da50-4bb8-9656-738863ad2a09,Alif X Qatar Foundation Fireside Chat,Alif X Qatar Foundation Fireside Chat,​Join us at Alif HQ for an evening of networking and a conversation that goes a layer deeper than the usual.,2026-10-08,2026-10-08T18:45:00-07:00,,Mission,,Alif,Unknown,false,,,,AI,Panels & firesides,https://partiful.com/e/SYkswiDQLbR9MwKFr5WJ,1
401c3842-bac1-46ef-b90f-1cb9a1ba94a6,Ugly Talk: The Opposite of Tokenmaxxing,Ugly Talk: The Opposite of Tokenmaxxing,Crypto has a visibility problem dressed up as a community strategy.,2026-10-08,2026-10-08T19:00:00-07:00,,Union Square (SF),,Ugly Talk,Application,true,,43,build,AI,Panels & firesides; Hackathons & workshops,https://partiful.com/e/Q539nWXGBReHZEKOpq69,1
409f6b0f-c73f-45db-a160-be055344e45f,Open Circuit: The Founders Exhibit,Open Circuit: The Founders Exhibit,"Open Circuit: The Founders Exhibit is a hands-on, exhibit-tour-style session where small groups rotate through live 5 minute demo walkthroughs from founders building deep and hard tech - each one making the case for why their tech…",2026-10-08,2026-10-08T17:30:00-07:00,2026-10-08T19:30:00-07:00,Other,"2168 Shattuck Ave, Berkeley, CA","Laminar, Berkeley Gateway Accelerator",Application,true,,184,raise; build; meet,,Networking & mixers; Demos & pitches; Hackathons & workshops,https://partiful.com/e/3Wq5hjd9iCfaFRWTZF8G,0
42fd356a-4285-4759-903e-f5f89bc26dff,The New Rules of Video Marketing,The New Rules of Video Marketing,Join Wistia in San Francisco for an afternoon of candid convos about what’s next in video marketing.,2026-10-08,2026-10-08T13:00:00-07:00,2026-10-08T18:00:00-07:00,Mission,"Capitol Art - 3073 17th Street, San Francisco, CA 94110",Wistia,Application,true,,201,sell; meet,GTM & sales; AI,Happy hours & drinks; Networking & mixers; Panels & firesides,https://partiful.com/e/Uhauyx04mjbQJisChHta,5
432641be-7830-48ba-bb8e-ffec14e906e8,Coffee & Connections,Trade people-leadership notes over a complimentary drink,"Drop in for free coffee, tea, or your drink of choice and connect with fellow People Leaders navigating the rapidly changing world of work.",2026-10-08,2026-10-08T07:00:00-07:00,,FiDi (SF),,Surge People Partners,Application,true,,138,meet,AI,Coffee & breakfast; Networking & mixers,https://partiful.com/e/XOF00v53CldDQFBFjiFL,3
440c44f9-beed-495f-88f7-efa9497ac720,One operating system for your firm and every company you own.,One operating system for your firm and every company you own.,Your associates are already using AI on deal work.,2026-10-08,2026-10-08T10:00:00-07:00,,Virtual (SF),,Azarian Growth Agency,Application,true,,19,raise; build; meet,AI; GTM & sales,Networking & mixers; Demos & pitches; Hackathons & workshops,https://partiful.com/e/UiUrakBHaTs8FCO9WI6H,2
4453e9a0-a6e1-4a37-ae57-1fa31dcf9dd6,The Founder Reset: The Art of Starting Again,The Founder Reset: The Art of Starting Again,Join our other Founder Reset sessions on Thursday:,2026-10-08,2026-10-08T11:00:00-07:00,2026-10-08T12:30:00-07:00,Russian Hill,"The Melody of San Francisco, 906 Broadway, San Francisco, CA","Unicorner, SimpleClosure",Application,true,,,raise,AI; Finance,Panels & firesides,https://partiful.com/e/iDHoTfe0YLNtkTxdtbWa,3
447223a1-0dc5-4cb1-b7b2-33303505c120,"Your Agents work, but your pitch doesn't. Fix the Message, not the Product","Your Agents work, but your pitch doesn't. Fix the Message, not the Product","Submit your go-to-market plan in advance, pitch it in five minutes, and get feedback with possible rebuild live: who the buyer actually is, what loosens their status quo, and what proof makes the claim survive scrutiny.",2026-10-08,2026-10-08T12:30:00-07:00,,SOMA,,DragonflyAI,Application,true,,48,raise; build,GTM & sales; AI,Demos & pitches,https://partiful.com/e/4blDZIIOZm7ZX3eTCnFz,1
45105230-5cdf-43bd-89e7-808df7246f04,More Worlds to Build: Spatial Intelligence & 3D Demo Day,More Worlds to Build: Spatial Intelligence & 3D Demo Day,"On October 8, some of our strongest SF teams will take over the space for an open Demo Day, showing what they’ve built with AI across 3D, games, XR, visual art, interactive experiences, and physical creation.",2026-10-08,2026-10-08T11:00:00-07:00,2026-10-08T20:00:00-07:00,Downtown (SF),"715 Harrison St, San Francisco, CA",Tripo,RSVP,false,,345,raise; build,AI,Demos & pitches; Hackathons & workshops,https://partiful.com/e/EBFwxX8lmHAe3zeoSx5r,9
4561c8d7-c92b-456f-a8a5-c3568f621186,B2B Bo$$es (GTM x Building Community Brunch For Top Execs),B2B Bo$$es (GTM x Building Community Brunch For Top Execs),B2B Bo$$es is coming to SF for SF Tech Week!,2026-10-08,2026-10-08T10:00:00-07:00,2026-10-08T13:30:00-07:00,SOMA,,Kamp,Unknown,false,,,build; sell; meet,AI; GTM & sales,Coffee & breakfast; Networking & mixers; Panels & firesides,https://partiful.com/e/uzH08tvpltqvjpqOEzVz,0
46625d52-aacc-46ae-9473-84beb0f8b65f,ALSO TEST SPIN,ALSO TEST SPIN,"Join ALSO for a Test Spin to experience Transcendent Mobility firsthand. You’ll meet the team, ride the TM-B, and explore its many features, including pedal amplification, top frame configuration, acceleration, and more.",2026-10-08,2026-10-08T14:00:00-07:00,2026-10-08T17:30:00-07:00,Hayes Valley,,ALSO,Application,true,,,,Robotics & hardware,,https://partiful.com/e/hBK3xzGOw76cd0BGnB8P,0
47ba747f-0b50-45e0-b7c3-d5cdebc86d28,a16z + Krea - Hawk Hill Ride + Breakfast,"Tackle Hawk Hill with a16z and Krea, then sit down for breakfast","Breakfast and coffee back at the Krea office after, which you will have earned several times over.",2026-10-08,2026-10-08T08:00:00-07:00,,North Beach,,Krea,Application,true,,87,meet,AI; Media & entertainment,Coffee & breakfast,https://partiful.com/e/F3DCGl9l5yYVWl1iwUGk,4
4856389f-4e62-4a67-b135-f2b106a49ceb,Voice Research Club,Voice Research Club,The evening will feature two concise research presentations (second presenter to be announced) followed by an extended technical discussion.,2026-10-08,2026-10-08T17:30:00-07:00,2026-10-08T20:30:00-07:00,Downtown (SF),,"The Frontier Syndicate, Voice Arena",Application,true,,23,build; meet,AI,Dinners; Networking & mixers; Hackathons & workshops,https://partiful.com/e/diUMh7iGcoFRpo4wEnKA,5
485cb9e0-207a-4623-a194-95f7b0cc074d,Sip & Create - Build Your Own Game,Sip & Create - Build Your Own Game,"Big news: baby's first US-based after work, kinda nervous...",2026-10-08,2026-10-08T14:00:00-07:00,2026-10-08T16:00:00-07:00,FiDi (SF),"The Swedish House, San Francisco, 2 Embarcadero Center, San Francisco, CA",Stoneleap,Application,true,,72,build; meet; fun,AI; Media & entertainment,Happy hours & drinks; Networking & mixers,https://partiful.com/e/FMGRJpP5Sbd0tB13RYca,1
48d542df-5219-4131-b046-dea0d80a7613,Physical AI Playbook: From Prototype to Scale,Physical AI Playbook: From Prototype to Scale,Join Z21 Ventures and SVB for a candid fireside chat where we discuss on how to scale a hardware AI company.,2026-10-08,2026-10-08T09:30:00-07:00,,Downtown (SF),,"Z21 Ventures and SVB, Silicon Valley Bank",Application,true,,249,meet,AI; Robotics & hardware,Coffee & breakfast,https://partiful.com/e/ENY68RiP8kevcUgqQ0y0,1
4b4d5264-1f94-4fd2-8872-0189a685b793,The Raise Ready Breakfast,Find out what investors look for before you start fundraising,"Join fellow founders for breakfast and a candid look at what’s getting funded now, what investors expect from early-stage companies, and the traction, team and market signals that capture their attention.",2026-10-08,2026-10-08T08:30:00-07:00,2026-10-08T10:00:00-07:00,SOMA,,"Crunchbase, Carta, Morrison Foerster",Application,true,,,raise; meet,AI; Finance,Coffee & breakfast; Networking & mixers; Panels & firesides,https://partiful.com/e/f6TxMERI0rATazjXKUfc,7
4b506bfb-a8c9-43d4-9af8-98036aa01860,Taste of Deel and local wine,Taste of Deel and local wine,,2026-10-08,2026-10-08T13:00:00-07:00,2026-10-08T15:00:00-07:00,North Beach,,Deel,Application,true,,,meet,AI,Happy hours & drinks; Networking & mixers,https://partiful.com/e/q2IkRlcpMabkLKfEVn0g,1
4bb3b4b1-058e-4890-a6a3-e8130b98f964,"Founder Fuel: Coffee, Counsel & B12 Shots",Get a brief 1:1 legal consultation on your startup questions,"Recharge and power through the rest of SF Tech Week with a complimentary B12 shot from B12 LOVE, plus coffee, breakfast and networking with fellow founders, entrepreneurs and startup leaders.",2026-10-08,2026-10-08T08:30:00-07:00,,FiDi (SF),,Grellas Shah,Application,true,,140,raise; meet,AI; Finance,Coffee & breakfast; Networking & mixers,https://partiful.com/e/JDlc3cgqXUc3xfJEcnbE,0
4cde2509-52c1-4570-89c4-9a7c5f4e0378,Latvian Startup Showcase,Latvian Startup Showcase,"Come join us for a panel discussion about the advantages of the Latvian startup ecosystem, a heated pitch battle, and network with local angels, venture capitalists, and diaspora tech operators.",2026-10-08,2026-10-08T17:00:00-07:00,2026-10-08T20:00:00-07:00,SOMA,"461 Bryant St, San Francisco, CA","Baltic Way LLC, Latvian Investment and Development Agency (LIAA)",Application,true,,61,raise; build; meet,AI,Happy hours & drinks; Networking & mixers; Demos & pitches,https://partiful.com/e/Z2OxB8pxB27Av9KSEoeU,1
4e2f7705-ee53-446f-bbb2-287048fa4734,Good vs. Great AI Transformation,Good vs. Great AI Transformation,"A breakfast for people who run operations or finance at scaleups and lead AI projects there: CFOs, COOs, Chiefs of Staff, heads of operations.",2026-10-08,2026-10-08T08:00:00-07:00,2026-10-08T09:30:00-07:00,Fisherman's Wharf,,Gralio,Unknown,false,,,meet,AI,Coffee & breakfast,https://partiful.com/e/cWfEAxw7UMyc8hPATLqX,0
4eedbb6d-a4cf-4358-98ad-2bc9098c4323,The Annual Table 26u26,The Annual Table 26u26,"Join Joseph Reth, Victor Boyd, Dan Zhang, and Mike Mahlkow.",2026-10-08,2026-10-08T20:00:00-07:00,2026-10-08T23:00:00-07:00,North Beach,,Autopoiesis Sciences,Application,true,,11,meet,AI,Dinners,https://partiful.com/e/4nbQGnNqvSv1e9gokJRY,4
4fd13c0c-7f75-4fae-9d81-56e867dc1b9b,The AI-Era College Playbook: A Night for Parents,The AI-Era College Playbook: A Night for Parents,"The college admissions journey is changing, and AI is accelerating that change.",2026-10-08,2026-10-08T18:00:00-07:00,2026-10-08T20:00:00-07:00,East Bay,,Adams Harris Consulting,RSVP,false,,49,build; meet,AI,Coffee & breakfast; Panels & firesides; Hackathons & workshops,https://partiful.com/e/64wbj1KC1JXbGzm7ODPU,6
52588511-b529-465e-bf96-dd48022966c5,Founder Investor Day at Finix HQ,Founder Investor Day at Finix HQ,* Panels * Pitches * Workshops * Demos * Networking * Coworking * Food and Beverages * And More,2026-10-08,2026-10-08T10:00:00-07:00,2026-10-08T19:00:00-07:00,Union Square (SF),,"Raisi AI, Finix",Unknown,false,,448,raise; build; meet,AI,Networking & mixers; Panels & firesides; Demos & pitches,https://partiful.com/e/rwZZUmN3siT93N8cdnfz,1
52a2161f-3ae0-4a66-9a7f-dfeed7097b87,VC x Founder Match,VC x Founder Match,"This is a small, curated room where every attendee is matched before they arrive.",2026-10-08,2026-10-08T17:00:00-07:00,2026-10-08T20:00:00-07:00,FiDi (SF),"Cole-Frieman & Mallon, 201 California St, Ste 350, San Francisco, CA","Superconnected LLC, Boardy AI",Application,true,,245,raise; meet,AI; Finance,Networking & mixers,https://partiful.com/e/HIZvQYcwdfpuMfPLhHQm,4
545278bb-2579-44ae-85ed-4929155bc9e7,US-INDIA Corridor Founders Meet up,US-INDIA Corridor Founders Meet up,"Join us for a focused panel discussion on what it actually takes to build, structure and scale a US-India company today.",2026-10-08,2026-10-08T12:00:00-07:00,2026-10-08T14:00:00-07:00,Downtown (SF),"Consulate General of India - San Francisco, 71 Stevenson St, Unit 2200, San Francisco, CA",Qapita,Application,true,,78,raise; meet,Finance; AI,Networking & mixers; Panels & firesides,https://partiful.com/e/6Glx2N2fqAoZo0nriVXQ,2
545581d5-474e-4db2-be03-f3c501884eeb,Anthropic IPO: What Matters for Valuation,Anthropic IPO: What Matters for Valuation,"Anthropic's IPO is one of the most talked-about offerings in years. Whether you're a tech operator, a founder, or an investor, this session will help you make sense of it from the perspective of the insiders and decision makers who price, buy, and prepare companies for IPOs.",2026-10-08,2026-10-08T10:30:00-07:00,2026-10-08T11:30:00-07:00,Virtual (SF),,Elsa Capital,Unknown,false,,,raise,AI; Finance,Panels & firesides,https://partiful.com/e/7gkEjmj2RQD6b0Tx4J0p,1
554e1bf8-2d19-43a2-b05e-790789a37828,"Live ""Iron (AI) Chef"" Vibe-Coding Presentation","Live ""Iron (AI) Chef"" Vibe-Coding Presentation",Join Mucker Capital for a unique Iron (AI) Chef-style live vibe-coding presentation.,2026-10-08,2026-10-08T14:00:00-07:00,2026-10-08T16:00:00-07:00,FiDi (SF),RSVP to see the full location,Mucker Capital,Application,true,,134,raise; build,AI,Demos & pitches,https://partiful.com/e/LYw0DkfxLT1XVqROaDCf,7
5561cb16-210b-4553-bf82-eb12a77d4584,Aerospace & Dual-Use Mixer,Aerospace & Dual-Use Mixer,"French and American aerospace, defense and dual-use, in the same room, during SF Tech Week.",2026-10-08,2026-10-08T18:00:00-07:00,2026-10-08T21:00:00-07:00,Other,,"La French Tech San Diego, La French Tech San Francisco, Safran Corporate Ventures",Application,true,,301,meet,AI,Networking & mixers; Happy hours & drinks; Panels & firesides,https://partiful.com/e/FxAKAszRxaXer1cdj09i,4
557cfa97-4fcd-4dee-93b9-145934c3d624,Longevity Sensory Intel P1,Longevity Sensory Intel P1,The Art of Longevity: A Sensory Tasting Experience,2026-10-08,2026-10-08T15:00:00-07:00,2026-10-08T16:00:00-07:00,Chinatown,,Sensory Intelligence,Application,true,,,,Health & biotech,,https://partiful.com/e/XwBAV5uQcSW6FlAYXVuz,2
562138c0-6556-4e89-8660-d837d6410255,Founders Mixer: Inkle x Razorpay x Efficient Capital Labs x JLL,Founders Mixer: Inkle x Razorpay x Efficient Capital Labs x JLL,Elevate your SF Tech Week experience with a night made for founders.,2026-10-08,2026-10-08T16:00:00-07:00,2026-10-08T18:00:00-07:00,Downtown (SF),,"Inkle, Razorpay",Application,true,,190,raise; meet,Finance; AI; GTM & sales,Networking & mixers; Dinners; Panels & firesides,https://partiful.com/e/2KXvgE2TNmK33cb2aQPg,4
5642e863-66e7-45a1-b08c-4ac8aed502fb,Building & Scaling Hardware Networks to feed AGI,Building & Scaling Hardware Networks to feed AGI,"Building and deploying distributed hardware at scale. A conversation with the CTOs of Enhanced Radar and Sorcerer, over tacos.",2026-10-08,2026-10-08T15:30:00-07:00,2026-10-08T17:00:00-07:00,Embarcadero,,Enhanced Radar,Unknown,false,,,build; meet,AI; Robotics & hardware,Networking & mixers; Panels & firesides,https://partiful.com/e/3ZOqVY98GHsArhQscuAr,0
56a243e8-0efc-42b8-b498-053a3cc08dbd,Voices in the Room: Fireside Chat + Cocktails with Coval & Cartesia,Voices in the Room: Fireside Chat + Cocktails with Coval & Cartesia,Join Coval and Cartesia for a night of conversation and cocktails during SF Tech Week.,2026-10-08,2026-10-08T18:30:00-07:00,,SOMA,Coval HQ,"Coval, Cartesia",Application,true,,168,meet,AI,Happy hours & drinks; Panels & firesides; Networking & mixers,https://partiful.com/e/xn5Zxz9za7u4vEsGd5cf,0
570ba3f5-2125-4112-a830-bd793e8175d3,"FO & UHNW Lunch, hosted by Giano Capital & 3i Members","FO & UHNW Lunch, hosted by Giano Capital & 3i Members","An invite-only lunch for family offices and private investors, co-hosted by Alberto Chalon and Andreas Wiele of Giano Capital alongside the 3i Members Investor Community at The Battery's Library.",2026-10-08,2026-10-08T12:00:00-07:00,2026-10-08T15:00:00-07:00,Jackson Square,"The Battery, The Library Room, 717 Battery St, San Francisco, CA","3i Members, Giano Capital",Application,true,,,raise; meet,AI; Finance,Coffee & breakfast; Networking & mixers,https://partiful.com/e/E6jXu2Bq7B7GredAnJhN,7
5725a277-9b2a-426e-a58b-2be80b0a61b8,McLaren x Airwallex Ride and Share Experience,McLaren x Airwallex Ride and Share Experience,"If you're a founder, you can get picked up in a McLaren by Airwallex and share your founder story on camera — what you're building, why you started and where you're headed.",2026-10-08,2026-10-08T12:00:00-07:00,,FiDi (SF),,Airwallex,Application,true,,,,AI; Media & entertainment; Finance,,https://partiful.com/e/JlsglnjgaXfqoSgQb6zt,2
5763911e-d4f1-4f4c-8eb0-02b584b7f10d,AFK: Wellness Night for CTOs & Engineers,AFK: Wellness Night for CTOs & Engineers,Join us for an afternoon of sauna and cold plunges with no pitching,2026-10-08,2026-10-08T16:00:00-07:00,,Downtown (SF),"Alchemy Springs, 939 Post St, San Francisco, CA",Interfaze (YC P26),Application,true,,47,build; fun,AI,,https://partiful.com/e/P0g8YEZaSm2FzMNAZb1t,3
5935e823-a72d-487e-9c76-58cb6d97a372,Funders & Founders Rooftop Mixer,Funders & Founders Rooftop Mixer,"Join SFPlayground.com and ThinkTank.vc at 795 Folsom St for an exclusive rooftop evening bringing together founders, venture investors, angels, operators, and executives from across the Bay Area startup ecosystem.",2026-10-08,2026-10-08T16:00:00-07:00,2026-10-08T20:00:00-07:00,SOMA,"795 Folsom St, San Francisco, CA",SFPlayground,Application,true,,200,raise; meet,AI; Finance,Networking & mixers; Dinners,https://partiful.com/e/SqbI9qtANh5vj8Ceg3ab,0
5a0ad333-5b4b-47ba-83db-6ae2dd7ae6be,Creators Afters,Creators Afters,You've been in panels all day. Come dance.,2026-10-08,2026-10-08T20:00:00-07:00,2026-10-09T00:00:00-07:00,SOMA,,Center for AI Safety,Unknown,false,,,,AI,,https://partiful.com/e/OKFDLv8qR76ezwaRAzjy,0
5a59a0e2-8888-40d5-9929-ed566e79e2fa,Office Sanctuary at Alma Office,Office Sanctuary at Alma Office,"Alma's opening our office as your calm in the middle of it, a drop-in lounge to recharge between the chaos.",2026-10-08,2026-10-08T10:00:00-07:00,2026-10-08T18:00:00-07:00,Other,,Alma,Application,true,,,build; meet,AI,Networking & mixers; Hackathons & workshops,https://partiful.com/e/L3uiOiJpsKiL08gPtzB5,1
5b511994-e29b-4c6b-91cc-88f485f14e6a,Agent Economy After Party,Agent Economy After Party,"This event will bring you insight about Agent Economy, Panel across top tier VCs, founders perspective.",2026-10-08,2026-10-08T17:00:00-07:00,2026-10-08T20:30:00-07:00,Downtown (SF),"430 California St 20th floor, San Francisco, CA 94104",Beta University,Application,true,,197,build; fun,AI,Parties & raves; Afterparties; Panels & firesides,https://partiful.com/e/KOyXKZnZQCeWv75b6PUc,3
5ce29494-7e92-4296-bcd1-b27b93965a83,2036: A Day at the Office - A Design-Fiction Hackathon,2036: A Day at the Office - A Design-Fiction Hackathon,This one also asks you to believe something — and defend it.,2026-10-08,2026-10-08T16:30:00-07:00,2026-10-08T19:30:00-07:00,Union Square (SF),,"Aura Ventures, Australian American Chamber of Commerce, Build Club",Application,true,,,raise; build,AI,Hackathons & workshops; Demos & pitches,https://partiful.com/e/dczGF7S4gsUC9chmeXBh,1
5cee9a63-aa02-410d-b3fe-a1ce0d7c2d4d,"Space, Stakes & Spirits: What's Getting Funded in 2026 🚀","Space, Stakes & Spirits: What's Getting Funded in 2026 🚀","Join Space Happy Hour, Context Ventures and PWC for a panel of VCs, space industry executives and finance gurus on the exponential growth in funding space companies and key attributes to getting funded today.",2026-10-08,2026-10-08T16:30:00-07:00,2026-10-08T19:30:00-07:00,SOMA,,"Space Happy HOur, Context Venture, PWC",Application,true,,59,meet,Robotics & hardware; AI,Happy hours & drinks; Networking & mixers; Panels & firesides,https://partiful.com/e/QOX5MVBSbREOk2cgTtVr,6
5d0f3579-8f52-427c-ab29-739c9b80e775,Defending Your Value: Career Positioning for Tech Leaders,Defending Your Value: Career Positioning for Tech Leaders,"To ensure a high-impact virtual roundtable with meaningful peer discussion, attendance is strictly capped and subject to approval.",2026-10-08,2026-10-08T11:00:00-07:00,2026-10-08T13:00:00-07:00,Virtual (SF),,Elevate With Twisha,Application,true,,26,build; hire; meet,AI,Hackathons & workshops,https://partiful.com/e/2xwjSrWJ3hMAkSPDRQWe,2
5d10297e-64f9-4e0a-9658-4ad4fb66a6e0,"Roadrunner Game Night: Tacos, Poker & More","Roadrunner Game Night: Tacos, Poker & More","Join the Roadrunner engineering team for tacos, drinks, and a night of games with fellow engineers and builders. The main event is a poker tournament, but board games and good company are on the table all night. Come play, or just come hang out and talk shop with people building …",2026-10-08,2026-10-08T18:00:00-07:00,,FiDi (SF),,Roadrunner,Unknown,false,,,meet; fun,,Dinners; Happy hours & drinks; Networking & mixers,https://partiful.com/e/sSV17AFt70fOeoMI8LSR,5
5de175e0-a7e5-4103-a691-0c563a196d12,🤖 At the Frontier of Embodied Intelligence,🤖 At the Frontier of Embodied Intelligence,"What is happening at the frontier of embodied intelligence, who is working on it, what the open problems are, and what the roadmap looks like.",2026-10-08,2026-10-08T17:45:00-07:00,2026-10-08T20:00:00-07:00,East Bay,"1950 Broadway, Oakland, CA",Cognitive Intelligence Company,Application,true,,,build,AI,Hackathons & workshops,https://partiful.com/e/P6M8fbhNZcJBOaXq2oxi,1
5eb547b9-616d-43e2-aecc-a11592c62293,Fast AI Sales,Fast AI Sales,You're not converting opportunities into revenue at the speed you need to raise your next round.,2026-10-08,2026-10-08T11:00:00-07:00,2026-10-08T13:30:00-07:00,Palo Alto,"Palo Alto, CA, Palo Alto, CA",Egregora Global,Application,true,,87,raise; build; sell,AI; GTM & sales,Hackathons & workshops,https://partiful.com/e/0CSaKknmPqwnkAGG21qN,1
5f22db48-7dfc-4271-b142-61e11ef6ddf1,Antler x Every.io Founder Lounge,Antler x Every.io Founder Lounge,"🎙️ Expert Panel Discussions: Actionable insights from veteran operators, top investors, and founders who have successfully navigated the early-stage grind.",2026-10-08,2026-10-08T08:00:00-07:00,2026-10-08T13:00:00-07:00,South Beach,"144 Townsend St 3FL, San Francisco, CA",Antler,RSVP,false,,197,raise; meet,AI; Finance,Coffee & breakfast; Networking & mixers; Panels & firesides,https://partiful.com/e/UW3m8XhRdRtYKWjGLXV3,6
5f323f6c-ab98-474e-acc4-f894b0475f61,Agentic Payments + MCP: Demo Night,Agentic Payments + MCP: Demo Night,,2026-10-08,,,North Beach,,Lane,Unknown,false,,,build; meet,AI; Finance,Happy hours & drinks,https://partiful.com/e/evhbpSzIXfHoTWTYsnhw,3
5f56d6f1-a4c4-4b55-a647-f25d349c27c9,How I Raised $20m+ in a Brutal Market: Fireside Chat,How I Raised $20m+ in a Brutal Market: Fireside Chat,,2026-10-08,2026-10-08T17:00:00-07:00,,Union Square (SF),,Forecastr,Application,true,,,raise; build; meet,AI; Finance,Demos & pitches; Networking & mixers,https://partiful.com/e/DwRytCr5Dir5RNhNi3Vu,3
6097dc5c-8aaf-4051-bbd5-4af4c6bdbedb,Enclosure Happy Hour: Securing ASI,Enclosure Happy Hour: Securing ASI,We are approaching cyber-superintelligence.,2026-10-08,2026-10-08T18:30:00-07:00,2026-10-08T22:00:00-07:00,SOMA,,Enclosure Inc.,Unknown,false,,,meet,AI,Happy hours & drinks; Networking & mixers; Panels & firesides,https://partiful.com/e/dIUx4xmkTNhLBDb5KBPv,0
60a85fe7-bc78-4541-a1eb-b2993c291e6a,Brown Women on the Rise,Brown Women on the Rise,"Join asan during SF Tech Week for Brown Girls on the Rise, a panel spotlighting South Asian women building, leading, and rising across tech, startups, and innovation.",2026-10-08,2026-10-08T16:00:00-07:00,2026-10-08T18:00:00-07:00,Downtown (SF),,american south asian network,Application,true,,57,,,Panels & firesides,https://partiful.com/e/F2kIA9Q5I6BgUOzWZTnB,1
60b5e68e-9441-4223-b10e-adf122352229,Agents & Integrations Night · Nebius x Adyen x APIMatic,Agents & Integrations Night · Nebius x Adyen x APIMatic,SF Tech Week is packed. Make this one count.,2026-10-08,2026-10-08T16:30:00-07:00,2026-10-08T19:30:00-07:00,SOMA,,"Adyen , Nebius and APIMatic",Application,true,,,build,AI; Finance,Panels & firesides,https://partiful.com/e/UQgxfEPD3eladqkmZ6ek,3
60ef53d3-31ba-4d33-9052-a40332e7c808,AI Orchestration Agents and the Human Bottleneck,AI Orchestration Agents and the Human Bottleneck,"This is a live, hands-on working session on getting past the two things that actually block AI adoption, and reaching your first real ROI win.",2026-10-08,2026-10-08T16:00:00-07:00,2026-10-08T19:00:00-07:00,FiDi (SF),RSVP to see the full location,Mucker Capital,Application,true,,276,build,AI; GTM & sales,Panels & firesides; Hackathons & workshops,https://partiful.com/e/KawNi9gYL9zvHqBrE0PW,3
63139f37-7264-4f5c-a601-80cd50a68bf7,"Unfiltered, practical chat for International Founders to the U.S Market","Unfiltered, practical chat for International Founders to the U.S Market","A fireside + Q&A with Monday for Startups lead built on real correspondence: what the polite email means, why the enthusiastic call went nowhere, how a US buyer says no without saying no.",2026-10-08,2026-10-08T13:00:00-07:00,2026-10-08T15:30:00-07:00,Civic Center,,Leverage,Application,true,,101,,,Panels & firesides,https://partiful.com/e/LUuF6boJCyK6rqcwhhqU,1
6362745d-c66c-4b5c-8c93-261421dd4c9f,Deployment Is the Moat with Jason Ma (Dyna Robotics),Deployment Is the Moat with Jason Ma (Dyna Robotics),The robotics stack is changing quickly.,2026-10-08,2026-10-08T17:30:00-07:00,2026-10-08T21:00:00-07:00,Mission,,Savant Ventures,Application,true,,,,Robotics & hardware,Panels & firesides,https://partiful.com/e/HBTLlZJitmBshf1Oufqb,4
65285e58-85bd-45af-b021-d567c8f05fd4,"Finance Leaders Dinner w/ Vayu, Taxwire, and Veroa","Finance Leaders Dinner w/ Vayu, Taxwire, and Veroa","We're gathering for tech finance leaders for a private dinner on the Veranda at Alora, out on Pier 3 with the bay on three sides.",2026-10-08,2026-10-08T18:00:00-07:00,,FiDi (SF),"Alora SF, 3 Pier Hornblower landing, San Francisco, CA",Vayu,Application,true,,34,meet,Finance; AI,Dinners,https://partiful.com/e/EjawxInwe7WRGEFp7mKw,1
6572e520-931c-400a-af4c-5ffdedd01f07,AI x Government,AI x Government,Join us for a panel and networking happy hour to meet the leaders operating at the cutting edge of AI for the public sector.,2026-10-08,2026-10-08T18:00:00-07:00,,SOMA,,"Chief AI, Google (awaiting final confirmation; co-hosted last year)",Unknown,false,,423,meet,AI,Networking & mixers; Panels & firesides,https://partiful.com/e/DTbZIF9sgBkqpdCvYUWp,1
660c5570-7330-489d-ad84-5490b10af846,Ramp x D. E. Shaw Ventures Biking & Coffee,"Ride with Ramp, then meet fellow riders over coffee at Equator",Post-ride networking with D. E. Shaw Ventures • Bring your own bike and helmet,2026-10-08,2026-10-08T07:00:00-07:00,,Marina,,Ramp,Unknown,false,,318,raise; meet,AI; Finance,Coffee & breakfast; Networking & mixers,https://partiful.com/e/URxwT5U4OsrsCQZArFaU,1
662a8942-386d-4d4a-bbc9-e268301913c3,Basecamp and Bubbles,Basecamp and Bubbles,Join the Basecamp Research team for a relaxed happy hour.,2026-10-08,2026-10-08T16:30:00-07:00,2026-10-08T20:00:00-07:00,SOMA,"1 Hotel San Francisco, 8 Mission St, San Francisco, CA",Basecamp Research,Application,true,,,meet,AI; Health & biotech,Happy hours & drinks; Networking & mixers,https://partiful.com/e/9dKBYEWm16kg63sEpWPh,3
672d61ab-7c0c-48d6-b916-c2755c9f107e,AI Health tech Night,AI Health tech Night,🎤 Panel discussion featuring healthcare & AI leaders,2026-10-08,2026-10-08T17:00:00-07:00,2026-10-08T20:00:00-07:00,Dogpatch,"Workato AI Hub, 600 Illinois St, San Francisco, CA","Tech Brews, Workato",Application,true,,349,meet,AI; Health & biotech,Happy hours & drinks; Networking & mixers; Panels & firesides,https://partiful.com/e/eqqIf2u8qpdFUuT4I2Gd,7
6746cc61-3b97-47ae-b55a-cc2697b2eb0d,HR Leaders Keys to the City by Nestment,HR Leaders Keys to the City by Nestment,"You’re invited to a unique evening dedicated to building community among HR leaders, hosted by three trailblazers at the forefront of employee experience, homeownership innovation, and hospitality, each exploring a different way people…",2026-10-08,2026-10-08T18:00:00-07:00,,Chinatown,,Nestment,Application,true,,,meet,,Happy hours & drinks; Networking & mixers,https://partiful.com/e/BJl2kbJqzBfVgwcJRxPC,3
67c375ce-c97a-4eb5-b689-882345bbf375,"Robots, GTM & Pizzas","Robots, GTM & Pizzas",Take a break from the technical side of robotics and get down to business.,2026-10-08,2026-10-08T14:00:00-07:00,2026-10-08T15:00:00-07:00,Downtown (SF),,Magnus Robotics,Unknown,false,,,sell; meet,AI,Coffee & breakfast; Networking & mixers; Panels & firesides,https://partiful.com/e/XrCrUX2JLEa8CZKBfhiH,4
67eec0fe-33f5-4c64-8eff-7d6d40ef8251,Treehub x General Catalyst: Pitch Night,Treehub x General Catalyst: Pitch Night,"Apply below to pitch your company in front of investors on the night, or to join the audience.",2026-10-08,2026-10-08T17:00:00-07:00,2026-10-08T19:30:00-07:00,Stanford,,Treehub,Application,true,,,raise; build; meet,AI; Finance; Health & biotech,Demos & pitches; Networking & mixers,https://partiful.com/e/wgl4ShbNtR16Z8fcWyAo,0
696ff346-641d-411f-96ae-544bfa08d5c3,"MCP, APIs & THE AGENT INTEGRATION LAYER","MCP, APIs & THE AGENT INTEGRATION LAYER","Join Open Future Forum during SF TechWeek for a practical, developer-focused session examining the emerging agent integration layer and the roles MCP, APIs, connectors, and gateways play within it.",2026-10-08,2026-10-08T13:00:00-07:00,2026-10-08T15:30:00-07:00,FiDi (SF),,"Trekka, Agentic Fabriq, Open Future Forum",Application,true,,153,build; meet,AI,Networking & mixers,https://partiful.com/e/EnJIZQeSR2DWJr1Xrtgc,2
69731eb0-cbb1-49e0-9baf-fb9880d85bd8,"THE FUTURE OF SELF: Beauty, Longevity & Identity in the Age of AI","THE FUTURE OF SELF: Beauty, Longevity & Identity in the Age of AI","Join us during SF Tech Week for an intimate conversation with three women working at the intersection of technology, culture, and the future of the consumer.",2026-10-08,2026-10-08T16:00:00-07:00,,Downtown (SF),"WAVE Collective, 663 Haight St, San Francisco, CA",Searchbeaute.ai,Application,true,,26,meet,AI; Health & biotech,Networking & mixers,https://partiful.com/e/wpGUoBxfNTelXdpxdA5T,4
6a3b2f3f-a9f3-4f36-8837-dad1b3157288,The Founder Reset: What Your Company Data is Worth,The Founder Reset: What Your Company Data is Worth,"Join SimpleClosure for a practical conversation on how company data gets valued, priced, and licensed to AI labs, from privacy and legal considerations to what makes a dataset compelling and how licensing deals get done.",2026-10-08,2026-10-08T12:00:00-07:00,2026-10-08T13:30:00-07:00,Russian Hill,"The Melody of San Francisco, 906 Broadway, San Francisco, CA","Unicorner, SimpleClosure",Application,true,,,raise,AI; Finance,Panels & firesides,https://partiful.com/e/78cklI4QrHnDOqiRcOkx,3
6aba4204-6414-422f-b661-7bb5a2c9968c,"Token Arcade: Play Games, Win ChatGPT & Claude Tokens","Token Arcade: Play Games, Win ChatGPT & Claude Tokens","Games on the floor, a token prize pool on the line.",2026-10-08,2026-10-08T19:00:00-07:00,2026-10-08T23:00:00-07:00,Downtown (SF),"524 Sutter St, San Francisco, CA","Aigeo,Inc., Broadar, Hibee International Consulting",Application,true,,132,meet; fun,AI,Happy hours & drinks; Networking & mixers,https://partiful.com/e/ZfYvAs0tLeQSUEeioRKh,1
6af2450b-d398-4c13-bd54-ce3dfb120630,AI Security Builders & Operators Dinner w/ Onyx,AI Security Builders & Operators Dinner w/ Onyx,,2026-10-08,2026-10-08T18:00:00-07:00,2026-10-08T21:00:00-07:00,Downtown (SF),,"Leverage, Onyx",Application,true,,1,build; meet,AI,Dinners,https://partiful.com/e/GQBLwgs8XQqhaHchTACB,1
6c0631f8-f8d3-4ea6-a566-e37b88d26d20,MiniMax Intelligence in the Open,MiniMax Intelligence in the Open,"Each researcher will present recent work in a focused 10–15 minute talk, followed by an open discussion connecting different approaches to self-improvement and autonomous research.",2026-10-08,2026-10-08T17:30:00-07:00,2026-10-08T20:30:00-07:00,FiDi (SF),,MiniMax,Application,true,,75,build; meet,AI,Panels & firesides; Hackathons & workshops,https://partiful.com/e/DKY1zYjyuOvMf5RGzjAJ,4
6c2add39-ee57-43da-aa57-fb1e3bbc833f,The Enterprise Edge - San Francisco,The Enterprise Edge - San Francisco,Which of your three motions is quietly losing money?,2026-10-08,2026-10-08T13:00:00-07:00,2026-10-08T16:00:00-07:00,SOMA,,Revenue Retention Advisors LLC,Unknown,false,,,build; sell,GTM & sales,Hackathons & workshops,https://partiful.com/e/utdWVn6OvhKXPZigyImD,2
6d29c986-677b-4611-ab8b-f642e656e6f9,PE & AI Cost-Out Dinner,PE & AI Cost-Out Dinner,PE & AI Cost-Out Dinner — Four Seasons SF,2026-10-08,2026-10-08T18:00:00-07:00,,Embarcadero,,Codos,Unknown,false,,,meet,AI; Finance,Dinners,https://partiful.com/e/OwjWw3AGaFoPZoiXiimx,1
6efc3e1b-2f60-4e09-a1b8-b48918cc39ea,"Vibe Code your first MVP: What to Build, What to Skip","Vibe Code your first MVP: What to Build, What to Skip",Vibe coding makes it easier than ever to build. The harder question is knowing what you should build in the first place.,2026-10-08,2026-10-08T17:00:00-07:00,,Virtual (SF),,"Table for One and Floot, Inc",Unknown,false,,,build,AI,Hackathons & workshops,https://partiful.com/e/pKJo918UfELaXTP7FZYP,2
6f57acfb-f027-404b-a953-f09a9803a5e0,"The Arc of Storytelling - for founders, VCs, operators, more","The Arc of Storytelling - for founders, VCs, operators, more","Join Shalaka Kulkarni and Paul Finney for 90 minutes of storymaxxing, with real examples, writing and some constructive interference.",2026-10-08,2026-10-08T18:00:00-07:00,2026-10-08T20:00:00-07:00,FiDi (SF),,Write Click,Application,true,,,raise; build,Media & entertainment; GTM & sales; AI,Panels & firesides; Hackathons & workshops,https://partiful.com/e/IRcPwyDO6HfXzya6UF4v,4
70bc842c-d350-4dc4-bca9-738388b8f106,US Immigration for Startups: Ask Us Anything,US Immigration for Startups: Ask Us Anything,"Just clear answers, useful framing, and candid discussion of the questions founders and operators are often reluctant to ask in public.",2026-10-08,2026-10-08T10:00:00-07:00,2026-10-08T13:00:00-07:00,SOMA,,Ellis Porter,Application,true,,110,build; meet,GTM & sales,Coffee & breakfast; Hackathons & workshops,https://partiful.com/e/DXnAipuoyTugyqUpUUfW,1
70e18f89-1c12-4203-87d1-10cd0cec6462,Supporting Tech Teams Through Rapid Change,Supporting Tech Teams Through Rapid Change,From Disruption to Direction...,2026-10-08,2026-10-08T09:00:00-07:00,,Virtual (SF),,STRATIVIS,Application,true,,,build; meet,,Networking & mixers; Hackathons & workshops,https://partiful.com/e/bs9augdXyvnsBOomkymp,1
71ebf84f-2632-43fe-9dee-9f8d96295882,"Startuping in Brain, NeuroTech","Startuping in Brain, NeuroTech","This event is for current founders, aspiring founders and mentors/advisors in the BrainTech, NeuroTech spaces but folks also for MedTech/BioTech spaces.",2026-10-08,2026-10-08T17:30:00-07:00,2026-10-08T20:30:00-07:00,Downtown (SF),,Chaanakya Capital,RSVP,false,,144,raise; meet,AI; Finance; Health & biotech,Happy hours & drinks; Networking & mixers,https://partiful.com/e/eLmL1t6O44vvBvpUi8kc,3
7275f6e2-3186-479d-a7f7-28cb111f207a,Debate! Space Based Data Centers,Debate! Space Based Data Centers,"Bring your questions and your counterarguments- this is a room full of people who actually understand thermal management, launch economics, and orbital mechanics, and they won't let a weak claim slide.",2026-10-08,2026-10-08T19:00:00-07:00,,Marina,,Small Steps & Giant Leaps,Application,true,,156,,AI,,https://partiful.com/e/0pmDYQk4qMAP50wZPeWJ,1
7286d9f1-216a-4291-8a80-d56f5baed79d,Software founder’s go to market strategies and networking,Software founder’s go to market strategies and networking,Here is the updated event description with those details adjusted:,2026-10-08,2026-10-08T11:00:00-07:00,2026-10-08T14:00:00-07:00,Mountain View,,Aim-Hi,Unknown,false,,,build; sell; meet,AI,Hackathons & workshops; Networking & mixers,https://partiful.com/e/1W6zs38aFQ96PT8GIQWl,0
7392a199-557d-4290-9ef3-2764e0e1784e,"Women in Tech Leadership: From General Counsel to Board w/ Deel, AWS, Sunshine Lake and HI","Women in Tech Leadership: From General Counsel to Board w/ Deel, AWS, Sunshine Lake and HI",,2026-10-08,2026-10-08T09:00:00-07:00,,SOMA,,Deel,Application,true,,2,meet,,Coffee & breakfast; Networking & mixers; Panels & firesides,https://partiful.com/e/Gbluc2zJ8kFlUZancyev,1
73a9ad42-0a4b-4a15-a8fe-088fedc19fcc,Rise and Flow,Rise and Flow,"Begin your Thursday morning at SF Tech Week with breath, balance, and intention.",2026-10-08,2026-10-08T07:00:00-07:00,2026-10-08T09:00:00-07:00,Lower Nob Hill,,Nikki Ju Wellness and Sisters Female Founders,Unknown,false,,,raise; meet,AI; Finance,Coffee & breakfast; Networking & mixers,https://partiful.com/e/UEGz6r8FPD5TlGtcmdsO,3
756c6377-4781-4d43-8ebf-fc57036e99af,Vibe Night - Come Cook with Us at OBC,Vibe Night - Come Cook with Us at OBC,"Josh, kava bar owner and builder of too many things, spent the last 2 years shipping 50+ projects out of his cafe on the beach, using ALL the tools.",2026-10-08,2026-10-08T17:00:00-07:00,,Unknown,,Ocean Beach Cafe,Application,true,,60,meet,AI; Media & entertainment,Dinners,https://partiful.com/e/jl2VkVgiwFTioL3C8jaE,1
76fc882d-d2e8-43ad-8bda-97b1eef45ccf,"Next Stop Europe: 
Transatlantic Tech & AI Exchange - #SF TechWeek","Next Stop Europe: 
Transatlantic Tech & AI Exchange - #SF TechWeek","🥗 Enjoy good Drinks, tasty food, and great networking for real opportunities.",2026-10-08,2026-10-08T17:00:00-07:00,2026-10-08T20:00:00-07:00,SOMA,,"NRW.Global Business, CMS",Application,true,,210,raise; build; sell; meet,AI; Finance,Networking & mixers; Panels & firesides; Demos & pitches,https://partiful.com/e/i5NRRQJEobL9JK0kASJ3,5
77257bc9-ac62-4e0d-9f78-9a5427c7df2a,Reimagining creativity in the age of AI,Reimagining creativity in the age of AI,"Our panel explores how AI is reshaping the creation, discovery, ownership, and monetization of music, film, art, and gaming. We’re excited to bring together perspectives from across the creative and technology industries:",2026-10-08,2026-10-08T18:00:00-07:00,2026-10-08T19:30:00-07:00,FiDi (SF),,Business Sweden,Unknown,false,,,meet,AI,Happy hours & drinks,https://partiful.com/e/6kYrkZ002pzgu5NNVU1I,9
773beb09-7a98-4f0e-9f6e-d12bac1db3d1,Hiring in the Agent Era,Hiring in the Agent Era,"Join Fieldguide's Senior Technical Recruiting Team for an intimate roundtable to discuss hiring, processes, and SF talent market with peers.",2026-10-08,2026-10-08T19:00:00-07:00,2026-10-08T21:00:00-07:00,Downtown (SF),,Fieldguide,Unknown,false,,,build; hire; meet,AI,Dinners; Networking & mixers,https://partiful.com/e/1IPeSAEcFpjniEIW2cqw,0
77be31b8-e45f-469c-b28a-fadc46b300dc,Days of the Machines,Days of the Machines,Dedalus Labs presents an exclusive dinner for founders.,2026-10-08,2026-10-08T18:00:00-07:00,2026-10-08T21:00:00-07:00,SOMA,,Dedalus Labs,Application,true,,,meet,AI,Happy hours & drinks; Networking & mixers,https://partiful.com/e/NNsgme1FHlzKZ15M7xkb,0
78cee80d-0533-44c1-a7d8-2202f36e29f0,"Boba & Build Night: Infra, ML, and App Dev in the Observability Age","Boba & Build Night: Infra, ML, and App Dev in the Observability Age","He'll discuss how we're defining clear contracts that improve performance and give teams autonomy, while breaking down those old silos.",2026-10-08,2026-10-08T18:00:00-07:00,2026-10-08T21:00:00-07:00,Downtown (SF),,Datadog,Application,true,,1,build; meet,AI,Happy hours & drinks; Networking & mixers; Panels & firesides; Hackathons & workshops,https://partiful.com/e/SiEiTLuTE8478Nz1p0aD,3
78e0c424-0832-4156-92f9-544a45335c4f,Closed-door Q&A: Exited founders + active Seed/A VCs (private office),Closed-door Q&A: Exited founders + active Seed/A VCs (private office),,2026-10-08,2026-10-08T17:00:00-07:00,2026-10-08T19:00:00-07:00,SOMA,,ADHD Ventures,Application,true,,,raise; build; meet,GTM & sales,Happy hours & drinks; Networking & mixers; Hackathons & workshops,https://partiful.com/e/Nl6vYhtLopWO1kcmnasE,5
7a6d2daa-36c9-4b56-a49b-36768cd631a8,Solve your PMF & Retention,Solve your PMF & Retention,"Note: This is an invite-only/approval-required session limited to 15 founders to ensure deep, actionable discussion.",2026-10-08,2026-10-08T18:45:00-07:00,2026-10-08T21:45:00-07:00,SOMA,soma protolab,Fund Bridge,Application,true,,36,build; meet,Robotics & hardware,Dinners; Happy hours & drinks; Hackathons & workshops,https://partiful.com/e/ZoZsx1SZZNkmDYZCqU8t,10
7bbb5a06-e6e5-45cf-bfc9-94f5d235ade0,Winning GTM in the Age of AI,Winning GTM in the Age of AI,"The event will bring together founders building the next generation of sales and marketing technology, revenue leaders putting these tools into practice, and investors backing the future of GTM.",2026-10-08,2026-10-08T14:00:00-07:00,2026-10-08T18:00:00-07:00,Mountain View,,Alumni Ventures,Application,true,,110,raise; build; sell; meet,AI; GTM & sales,Networking & mixers; Panels & firesides; Demos & pitches,https://partiful.com/e/K1cVGvVOksx5fc0qXaRD,8
7bd8b8cd-ccc8-4ec8-bc10-19a46b7d65fc,Latino Tech Mixer,Latino Tech Mixer,"Latino Tech Week takes over San Francisco, and Cooley and Pygma are bringing the whole ecosystem into one room.",2026-10-08,2026-10-08T18:00:00-07:00,2026-10-08T21:00:00-07:00,SOMA,,"Pygma, Cooley",Application,true,,61,meet,AI; Finance,Networking & mixers; Happy hours & drinks,https://partiful.com/e/YXqvCnCYBUNOJkzULzww,1
7cd74927-5b06-4037-94a1-02a39801c1d4,How Scaling Ecommerce Brands Decide What to Build Next,How Scaling Ecommerce Brands Decide What to Build Next,"Scaling past a growth plateau forces a choice: go broader (new channels, new audiences) or go deeper (migration, personalization, infrastructure, retention). We'll get into it through real cases: a $20M brand stuck on a CAC plateau deciding which way to go, and a regulated retail…",2026-10-08,2026-10-08T16:00:00-07:00,,FiDi (SF),,Seta Workshop and Amplio,Application,true,,,build,GTM & sales,Panels & firesides,https://partiful.com/e/ktwMR2wxRaYWuBf9z1Zx,2
7df29c71-1e55-44ef-8828-a9dfc26aa119,Who Will Own the Future?,Who Will Own the Future?,"Cathie Wood and Andre Iguodala host an evening of conversation featuring leading voices shaping the future of technology, investing, and sports, followed by food, drinks, and networking.",2026-10-08,2026-10-08T18:00:00-07:00,2026-10-08T22:00:00-07:00,Marina,,ARK Invest,Application,true,,,raise; meet,AI; Finance,Happy hours & drinks; Networking & mixers; Panels & firesides,https://partiful.com/e/xoXjF4aybCw6UY4XxY80,1
7e67371b-7bd9-4f82-8d71-e5a6f1ea9ba9,Arceus Block Party,Arceus Block Party,Updates coming soon and will be sent via Partiful notifications...,2026-10-08,2026-10-08T19:00:00-07:00,,FiDi (SF),Coming Soon,Arceus Legal,Application,true,,109,meet; fun,AI,Parties & raves; Happy hours & drinks; Networking & mixers,https://partiful.com/e/gMT84Y1yRU6oyhzzlmR0,0
7e815a63-73b4-481b-8870-56904cc0dfc1,Unplug & Recharge,Unplug & Recharge,Join Yoga 4 The Bay for a 30-minute yoga flow followed by refreshments and community building.,2026-10-08,2026-10-08T08:00:00-07:00,,Embarcadero,,Yoga 4 The Bay,Unknown,false,,91,meet,Health & biotech,Networking & mixers,https://partiful.com/e/RWtxPtuXqXly6rabu2EF,0
7e9444f9-6365-4bd2-9d3a-620c556874c5,Secondaries: DPI & Liquidity,Secondaries: DPI & Liquidity,"Morgan Stanley & Kranz Consulting invite you to an investor- and LP-focused discussion on the evolving secondary market, with a particular focus on funds with $250MM-$5B in AUM.",2026-10-08,2026-10-08T16:00:00-07:00,2026-10-08T19:00:00-07:00,FiDi (SF),,"Kranz Consulting, Morgan Stanley",Application,true,,48,raise; meet,AI; Finance,Happy hours & drinks; Networking & mixers; Panels & firesides,https://partiful.com/e/mYpRZR4vdC0nAD9495cf,4
7e973b20-f0d0-4aa3-8683-cbd886b3993a,Cracking the US: Insider Lessons for International Founders,Cracking the US: Insider Lessons for International Founders,Join our speakers for a practical discussion on what founders need to know when entering and scaling in the US and the lessons learned from companies that have successfully scaled here.,2026-10-08,2026-10-08T12:00:00-07:00,2026-10-08T13:30:00-07:00,FiDi (SF),,"Acclime, Mary Technology, Maynard Nexsen",Application,true,,179,raise; sell; meet,,Coffee & breakfast; Panels & firesides,https://partiful.com/e/OQJiWlibpwtnD9tepMOk,3
7f1d25e8-d95b-4c6f-952d-9557149f5de9,Users in the Loop—Preparing Agents for Work in the Real World,Users in the Loop—Preparing Agents for Work in the Real World,"You'll leave knowing which agent failures matter most, where the feedback to fix them comes from, and who's already capturing it.",2026-10-08,2026-10-08T17:00:00-07:00,,FiDi (SF),"Private dining room, San Francisco, San Francisco, CA",Independent,Application,true,,38,build; meet,AI,Dinners,https://partiful.com/e/NPLDDp2KZsSxa2BFRxKI,2
7f6a896c-2f6b-49fe-bc6a-7e9485e1c13c,Chill With Other Creatives: A Social Exhibit #has:ART,Chill With Other Creatives: A Social Exhibit #has:ART,"Join us to chill, eat and look at some cool art :D",2026-10-08,2026-10-08T18:00:00-07:00,,SOMA,"Jettison Creative, 47 Jeff Adachi Way, San Francisco, CA","Matthew Komar, June Ho Park",Application,true,,173,meet,AI; Media & entertainment,Dinners; Networking & mixers,https://partiful.com/e/Etlt8qCla36k1iyi3W24,0
7ff6524b-8cf2-4b48-9e3b-9aa9345f6bc9,Guess the Rent: Zürich Edition - #SF TechWeek,Guess the Rent: Zürich Edition - #SF TechWeek,"12 rounds, live leaderboard, real listings from the Zürich market — including the mouldy attic on this flyer, which rented in four days.",2026-10-08,2026-10-08T18:30:00-07:00,,Chinatown,,robinreal.ai,RSVP,false,,43,,AI; Media & entertainment,,https://partiful.com/e/eq1Z6zREbK153tz6CTnK,1
80362fd8-7547-4c11-972f-a40f3d4f5057,Yet Another AI Event....But we have a piano,Yet Another AI Event....But we have a piano,This is a private waitlist link that we will use to invite people before revealing location/exact timing of the event and make it public,2026-10-08,2026-10-08T18:00:00-07:00,2026-10-08T22:45:00-07:00,Union Square (SF),,Eleks,Application,true,,131,meet,AI; Media & entertainment,Networking & mixers,https://partiful.com/e/v4p7pFib6ijU6AOxr2mP,3
80b5db9a-ce87-4717-9a28-6c25780ac83f,Steal My Workflow,Steal My Workflow,Real AI workflows behind the next generation of startups & creative products.,2026-10-08,2026-10-08T18:00:00-07:00,2026-10-08T21:00:00-07:00,Other,,Tencent Cloud,Application,true,,211,meet,AI; Media & entertainment,Networking & mixers,https://partiful.com/e/TaFbmn9UGXtSY8IL7eel,9
817338a3-77b7-4629-95e6-c083f19089b7,"Founder, Investor Swim","Founder, Investor Swim","Bring one question you're stuck on. By sunset, (and maybe a swim) you'll have walked it past multiple different people.",2026-10-08,2026-10-08T18:00:00-07:00,2026-10-08T19:30:00-07:00,Presidio Heights,,Secria,Unknown,false,,,raise; meet,,Networking & mixers,https://partiful.com/e/AY7flqUHpf3zgyuXSazB,2
81d1c84c-e743-4bfc-8f4a-4d1bf127d209,Physical AI: Built for Change,Physical AI: Built for Change,"Join panelists from Eclipse portfolio companies Bedrock Robotics (building autonomous systems for heavy construction), and Bright Machines (bringing automation to hyperscaler infrastructure) to hear what it actually takes to build…",2026-10-08,2026-10-08T17:00:00-07:00,2026-10-08T19:00:00-07:00,Union Square (SF),,"Bright Machines, Bedrock Robotics, Eclipse Capital",Application,true,,163,build; meet,AI; Robotics & hardware,Happy hours & drinks; Panels & firesides; Hackathons & workshops,https://partiful.com/e/FTv9uW7f9jpQhOf6DA2t,2
8306dd2e-8b11-407f-ac80-2aba7619f177,Boardy's Secret Soirée at HF0,Boardy's Secret Soirée at HF0,"An exclusive Gatsby-inspired soirée at The Chateau for top founders, alumni, and close friends of HF0 and Boardy.",2026-10-08,2026-10-08T20:00:00-07:00,,Alamo Square,,"Boardy, HF0",Application,true,,86,meet,AI; GTM & sales,Happy hours & drinks; Networking & mixers,https://partiful.com/e/noYpVmYb91tJ0wkTFyto,0
83a51f60-562a-43d6-bb83-1484021d04d5,/prompted,/prompted,"On October 8 at 6:30 PM PT, join Limy in Plant Connection SF for a private conversation with senior marketing leaders putting AI Search to work.",2026-10-08,2026-10-08T18:30:00-07:00,,Other,"Plant Connection SF, 1 Embarcadero Center, San Francisco, CA",Limy AI,Unknown,false,,,meet,AI; GTM & sales,Happy hours & drinks; Networking & mixers; Panels & firesides,https://partiful.com/e/7V9nHcoY13NkoR7ROEbE,2
83d2798e-b7ea-4d56-9308-4eb43d8c9c84,Future of Work Startup Showcase & Mixer,Future of Work Startup Showcase & Mixer,"The night features live demos from leading Future of Work startups, candid conversations with operators and investors on the front lines, and plenty of space to make the kind of introductions that actually go somewhere.",2026-10-08,2026-10-08T16:30:00-07:00,2026-10-08T19:00:00-07:00,Downtown (SF),,Indeed,Application,true,,142,build; meet,AI,Networking & mixers,https://partiful.com/e/gPHSsw6QRMO0RTbPeD1Y,3
843ca5f6-62dc-47c9-bc35-db6c4f43c0a6,Aaron Levie + Tanay Kothari @ AGI House | Turing Frontier Fellows,Aaron Levie + Tanay Kothari @ AGI House | Turing Frontier Fellows,"Join us for food, drinks, and conversation with a thoughtful group of people building toward the frontier.",2026-10-08,2026-10-08T14:45:00-07:00,2026-10-08T18:00:00-07:00,Hillsborough,AGI House - Hillsborough,Turing,Application,true,,221,meet,AI,Happy hours & drinks; Networking & mixers; Panels & firesides,https://partiful.com/e/YwGPnj6HscW9g3D9uA4t,4
853cafe3-2707-443e-8f70-0b71236ae0ac,Robots on the Rocks🍸,Robots on the Rocks🍸,"Join us for drinks, tacos, and live hardware demos as we explore the cutting edge of robotics, physical AI, and the future of industrial automation.",2026-10-08,2026-10-08T17:00:00-07:00,2026-10-08T20:00:00-07:00,Other,,Lorimer Ventures,Application,true,,256,meet,Robotics & hardware,Happy hours & drinks,https://partiful.com/e/ET2suES1Bs09gIPZaPmU,2
85e8e199-ece0-4ac2-a5ec-6f10a65e7be6,New Media Creators Summit,New Media Creators Summit,"The new media landscape is changing, and so are the ways creators create content and engage with their audience.",2026-10-08,2026-10-08T15:00:00-07:00,2026-10-08T19:00:00-07:00,Jackson Square,,NEW ECONOMIES,Application,true,,,raise; build; meet,AI; Media & entertainment,Networking & mixers; Panels & firesides; Demos & pitches,https://partiful.com/e/m1LzbOAmD3FbuqP95EDJ,18
86103bf1-0d90-41dd-8b63-29b57e4ed7bd,Bring your agent to Breakfast,Talk messaging agents and the iMessage Store over breakfast,"Coffee & breakfast for agent founders during SF Tech Week, hosted by Social Company.",2026-10-08,2026-10-08T08:30:00-07:00,2026-10-08T10:00:00-07:00,SOMA,A popular cafe in Union Sq,The Social Company,Application,true,,,build; meet,AI,Coffee & breakfast,https://partiful.com/e/ohe79rq9R52103Z0F9Eb,1
86544ec6-baad-4782-8534-45cceef87a52,Modular AI Infrastructure Tour + Happy Hour,Modular AI Infrastructure Tour + Happy Hour,"Then join us for happy hour nearby to keep the conversation going with founders, investors, operators, and builders in AI, data centers, energy, and infrastructure.",2026-10-08,2026-10-08T16:00:00-07:00,2026-10-08T21:00:00-07:00,East Bay,"Alameda, California",Giga Energy,Application,true,,,raise; build; meet,AI,Happy hours & drinks; Networking & mixers; Demos & pitches,https://partiful.com/e/DpGFn9zGGHur7juRk8RD,0
865b9b41-54d8-43f0-b060-533722e7e7b5,The Long Table SF,The Long Table SF,"Off the stage, around the table.
An intimate dinner during SF Tech Week.",2026-10-08,2026-10-08T18:00:00-07:00,,Embarcadero,,IT ROCK,Unknown,false,,,meet,AI; Media & entertainment,Dinners; Networking & mixers,https://partiful.com/e/Ic78AT80eai2EOIRMzIw,3
86964fd9-13a1-438f-b0cc-dee8fc43accf,World Model Workshop: See the World Through Your Pet's Eyes,World Model Workshop: See the World Through Your Pet's Eyes,"🎟 Tickets are $15, 20 seats total — RSVP here and I'll send you the ticket link to confirm your seat.",2026-10-08,2026-10-08T18:30:00-07:00,,Palo Alto,,Aesthetic Intelligence Circle,Unknown,false,,,build,AI; Media & entertainment,Hackathons & workshops,https://partiful.com/e/F5rMTYdqyoqnnlNwf4R1,0
87608b47-c794-42c5-819c-b98750ce3ba2,Poker Night for Founders & Finance Leaders,Poker Night for Founders & Finance Leaders,"Join us for an exclusive poker night bringing together CFOs, finance leaders, and accounting executives from some of the fastest-growing companies in tech.",2026-10-08,2026-10-08T18:00:00-07:00,2026-10-08T23:00:00-07:00,Castro,,DualEntry,Application,true,,73,meet,Finance,Networking & mixers,https://partiful.com/e/aKjYHUkEzG1XZ24uFke3,1
89c6b61d-65cb-470d-82da-c3c04b55520f,How Global Tech Hubs and Silicon Valley Can Build Together,How Global Tech Hubs and Silicon Valley Can Build Together,"Join us at the Georgian Innovation Hub during SF Tech Week for a Tech Diplomacy conversation bringing together representatives from Georgia, Portugal, Italy, Azerbaijan, and the European Union.",2026-10-08,2026-10-08T15:00:00-07:00,2026-10-08T17:30:00-07:00,Rincon Hill,,Georgian Innovation Hub,Unknown,false,,,build,AI; GTM & sales,Panels & firesides,https://partiful.com/e/PGdfEaJmfe7wqwJAq3E6,1
8abb8a3d-2e63-477e-9858-2c2524be47d5,Soirée Salon: On Taste,Soirée Salon: On Taste,"This is a small revival of that: a French salon-style evening on taste, culture, and curiosity, set in a beautiful beach house by the water.",2026-10-08,2026-10-08T18:30:00-07:00,2026-10-08T21:00:00-07:00,Other,,Karina Thrasyvoulou,Application,true,,69,,Media & entertainment; AI,Panels & firesides,https://partiful.com/e/IeyIkWbOLX1MpnZHIkoh,1
8b52cd7a-ec16-4488-aa5a-a8c0707e6ffd,CxO Roundtable: How Enterprise Really Buys AI,CxO Roundtable: How Enterprise Really Buys AI,Join us for a candid conversation with some of the sharpest CxOs in the tech industry.,2026-10-08,2026-10-08T09:00:00-07:00,2026-10-08T11:30:00-07:00,Jackson Square,,a16z speedrun,Application,true,,35,sell,AI,Panels & firesides,https://partiful.com/e/gO6FKtjLPpSGbyaCPWgF,0
8bcd5a49-e3fe-499c-b741-d701ac0907eb,Deep Tech Nexus,Deep Tech Nexus,"Join us for panels and networking with builders, investors and thought leaders in the space.",2026-10-08,2026-10-08T17:00:00-07:00,2026-10-08T20:15:00-07:00,Downtown (SF),,Omni Ventures,Application,true,,200,meet,AI,Happy hours & drinks; Networking & mixers; Panels & firesides,https://partiful.com/e/lhB6B97E91kJdTSKAs17,5
8bde3fdb-feb4-4343-b640-1efaf5aefcb8,The Hiring Roast Show,The Hiring Roast Show,"The most entertaining live roast of resumes, job posts, interviews - and everything wrong with how hiring works today!",2026-10-08,2026-10-08T18:00:00-07:00,2026-10-08T21:00:00-07:00,SOMA,"SoMa, San Francisco, SOMA, San Francisco, CA","LEAP US, Inc.",Application,true,,130,hire,AI,,https://partiful.com/e/rjvgdSuqLUJPqX0VuGfM,0
8be0c93b-c667-4c13-8046-0df8854eb59d,AI Won't Save a Broken Team,AI Won't Save a Broken Team,AI tools are entering companies faster than their leaders’ thinking is changing.,2026-10-08,2026-10-08T17:30:00-07:00,,Downtown (SF),"Financial District, San Francisco, CA",Humantica,Application,true,,61,,AI,Panels & firesides,https://partiful.com/e/lisC3pAkKnfgHi1Xf4jh,3
8d5198fa-6228-49ed-91e6-2ace03e85158,Mecone Private Dinner,Mecone Private Dinner,"Join us for an intimate dinner with the Mecone team, an evening of conversation on prediction markets, perpetual futures, and the future of finance.",2026-10-08,2026-10-08T18:00:00-07:00,2026-10-08T20:30:00-07:00,Nob Hill,,Mecone,Application,true,,,meet,Finance,Dinners,https://partiful.com/e/dNb10NlV03dZrW76eLE1,2
8da92548-9b5b-40aa-b35b-6a5447dd0860,The Frontier of Innovation: Building What’s Next in Próspera,The Frontier of Innovation: Building What’s Next in Próspera,"The discussion will explore how Próspera is creating an environment designed to attract ambitious founders and accelerate innovation in industries where traditional regulatory and operating environments can make experimentation slow,…",2026-10-08,2026-10-08T18:00:00-07:00,2026-10-08T20:00:00-07:00,San Mateo,,Love.Life,Application,true,,22,raise; build,Finance; AI,Panels & firesides,https://partiful.com/e/lyW3riqiyi6EgW6BAsvf,3
90e5eeca-4280-4c04-b553-a780afc7e780,Tavily Founders' Run,"Run toward the bridge with founders, then grab coffee","Two pace groups out toward the bridge so nobody gets dropped, and coffee at the finish to kick off SF TechWeek",2026-10-08,2026-10-08T08:00:00-07:00,2026-10-08T09:30:00-07:00,FiDi (SF),"Embarcadero Plaza, 1 Market St, San Francisco, CA","Leverage, Tavily",Application,true,,,meet; fun,,Runs & walks; Networking & mixers,https://partiful.com/e/RWQpiLvo4ygwhSKzKYST,1
91ba640e-caf1-4b1a-9aca-ed432f7951ea,The Elephant in the Algorithm: The People Side of Enterprise AI,The Elephant in the Algorithm: The People Side of Enterprise AI,"Matt Perry and Rob Cannon, PhD, co-founders of Average Robot and co-authors of The Elephant in the Algorithm, host a live conversation about the people asked to work alongside AI. Rob is an organizational psychologist. Matt has spent thirty years in marketing and creative. They w…",2026-10-08,2026-10-08T10:00:00-07:00,2026-10-08T10:45:00-07:00,Virtual (SF),,Average Robot,Unknown,false,,,sell,,Panels & firesides,https://partiful.com/e/SJSucoMJ0sd4fn3h9tea,2
956db05f-5f93-413f-bd9f-499861a838a3,How to Collaborate with Big Tech Companies,How to Collaborate with Big Tech Companies,"The Swedish House during SF Tech Week gathers founders, VCs, corporates, and academia across and serves as a curated hub connecting Swedish and US companies through events, networking, and co‑working throughout the week.",2026-10-08,2026-10-08T12:00:00-07:00,2026-10-08T13:00:00-07:00,FiDi (SF),,Business Sweden,Application,true,,69,meet,AI,Networking & mixers; Panels & firesides,https://partiful.com/e/gzjePeIJR0YuEN5rPzFw,6
95965fa7-9e2b-4401-ab26-ccb383674554,BioPioneers x VCVillage,BioPioneers x VCVillage,,2026-10-08,,,Downtown (SF),,BioPioneers,Unknown,false,,,raise; meet,AI; Finance; Health & biotech,Networking & mixers; Happy hours & drinks,https://partiful.com/e/0DjgqZZLYeNUzk3Q8bEs,2
95b18498-a104-444b-be03-07f543163a9d,AI Executive Dinner,AI Executive Dinner,Join Parasail & Silicon Valley Bank (SVB) for an intimate dinner bringing together technology leaders building at the forefront of AI.,2026-10-08,2026-10-08T18:00:00-07:00,2026-10-08T20:00:00-07:00,Union Square (SF),,"Parasail, Silicon Valley Bank (SVB)",Application,true,,,meet,AI; Robotics & hardware,Dinners,https://partiful.com/e/3vfdfPsXXHtli99C3jB4,0
95f63945-3a3f-4bf6-9cd2-3abf9dcd404f,The GTM (pent)house party 🌆,The GTM (pent)house party 🌆,"Just the hottest GTM operators, creators, and founders, in the highest penthouse in the East Bay.",2026-10-08,2026-10-08T19:00:00-07:00,2026-10-08T23:00:00-07:00,East Bay,,Clubsocial Technologies Inc.,Application,true,,,sell; meet; fun,GTM & sales; AI,Parties & raves; Networking & mixers,https://partiful.com/e/teX6cHvzMKUsUiOz76wS,1
965cdd64-4e9d-4ad4-902f-e50bd05e3a56,rollcall.work | Certn: Saunas & Good People at Good Hot,"Join HR peers for a Sausalito sauna, Bay plunge and breakfast","Sauna, cold plunge, and breakfast on the water before the day starts.",2026-10-08,2026-10-08T07:00:00-07:00,2026-10-08T10:15:00-07:00,Other,,rollcall.work,Application,true,,,meet,AI,Coffee & breakfast,https://partiful.com/e/HcG6iVKyi1BSVVoCJoMt,1
96754298-b5f8-4eb5-9d94-054319a797ed,Sieve Multimodal & Physical AI Dinner,Sieve Multimodal & Physical AI Dinner,Join us at #SFTechWeek for an intimate dinner with researchers in the multimodal and physical AI space.,2026-10-08,2026-10-08T19:00:00-07:00,,FiDi (SF),,Sieve,Application,true,,14,meet,AI; Robotics & hardware,Dinners,https://partiful.com/e/rT0bsCtvW0X2fth0pP9J,0
969d2f8e-a03a-4593-8098-456f8562910a,+31% ROAS with AI marketing 🟦,+31% ROAS with AI marketing 🟦,"On thursday, we start from a real brief and build the campaign in front of you, from start to finish.",2026-10-08,2026-10-08T18:00:00-07:00,,FiDi (SF),,Uplane Inc.,Application,true,,,build; sell,AI; GTM & sales,Hackathons & workshops,https://partiful.com/e/Jn2XdvlCAbYGGeQ1qDT1,0
96abe2c5-9ead-4bdc-99f4-0f5f8035795b,"Can AI Heal Us? Access, Stigma & Culturally Responsive Mental Health","Can AI Heal Us? Access, Stigma & Culturally Responsive Mental Health","When you’re struggling, who feels safe enough to tell? This conversation explores why AI may be becoming a first stop for people seeking support—and whether it can make mental health resources more accessible without replacing the trust, cultural understanding and human connectio…",2026-10-08,2026-10-08T09:30:00-07:00,2026-10-08T11:30:00-07:00,East Bay,,BlackFULLness,Unknown,false,,,,AI; Health & biotech,Panels & firesides,https://partiful.com/e/wjFXYUL8QLI0X1LCOqlx,1
97b746c4-0d46-4e28-a63d-40cb824978d6,Founders & Funders: VC Reverse Pitch,Founders & Funders: VC Reverse Pitch,"Join us for an evening of networking and hear VCs pitch to Seed and Series A founders on their investment thesis, target industries, check sizes, key differentiators, portfolio companies, and what they look for in founders.",2026-10-08,2026-10-08T13:00:00-07:00,2026-10-08T15:30:00-07:00,Downtown (SF),,Founders & Funders,Application,true,,,raise; meet,AI; Finance,Demos & pitches; Networking & mixers,https://partiful.com/e/mrMPwYEc9YYbnrq7v02D,4
988d8b48-0cb1-43be-b8db-d27fcf6e81ae,AI Founder/VC Dinner,AI Founder/VC Dinner,"This is a small, curated gathering designed for meaningful conversations, new connections, and sharing ideas around the future of AI.",2026-10-08,2026-10-08T17:00:00-07:00,2026-10-08T20:00:00-07:00,Mission,,You.com,Application,true,,243,raise; meet,AI,Dinners; Panels & firesides,https://partiful.com/e/rZ1l4jj2oHRIS8EAyUZS,8
98f3fb9b-ad3a-49c4-b13b-642dcc7d1423,Building with Context: Enterprise AI Workflows,Building with Context: Enterprise AI Workflows,"Join us for an evening on AI in enterprise engineering workflows, with a focus on how context and memory affect reliability, accuracy, and efficiency.",2026-10-08,2026-10-08T18:00:00-07:00,2026-10-08T21:00:00-07:00,SOMA,,Deskree,Application,true,,76,build; sell; meet,AI,Networking & mixers; Panels & firesides; Hackathons & workshops,https://partiful.com/e/oHD9P4MLa9VMkniog0Tl,0
99a026a9-2e69-40a0-b244-617161389f95,Slow Networking for Early-Stage VCs,Slow Networking for Early-Stage VCs,We’re bringing together a thoughtful group of pre-seed and seed investors for a private chef 🍣 sushi dinner and drinks.,2026-10-08,2026-10-08T18:30:00-07:00,,Downtown (SF),,envision blueprint,Application,true,,,raise; meet,AI,Networking & mixers; Dinners,https://partiful.com/e/EJbEI9d1qcw6tOjamyFb,0
9a197f00-bcaf-4d8e-97fb-d76c1b13a552,Free Game for Women Founders,Free Game for Women Founders,Your community is more important than your first product.,2026-10-08,2026-10-08T12:30:00-07:00,,FiDi (SF),,RoamHer and Glow Girl Social Club,Application,true,,,meet; fun,GTM & sales,Coffee & breakfast; Networking & mixers; Panels & firesides,https://partiful.com/e/MqDLIwN6cladnrCKGRSc,1
9a9729a9-c299-46e1-abac-d02e894fcc83,Founders Race Night,Founders Race Night,"🏎️ Founders, start your engines.",2026-10-08,2026-10-08T18:00:00-07:00,2026-10-08T22:00:00-07:00,FiDi (SF),,Corgi,Unknown,false,,,raise; build; meet,AI; Finance,Networking & mixers; Demos & pitches,https://partiful.com/e/935FqbXiitx8b9bjqDmU,2
9b45e7d4-bfab-4694-8a79-478405db87f5,ALTHRA IN THE VALLEY,ALTHRA IN THE VALLEY,"Vibes, food, take a break from the networking at other tech week events.",2026-10-08,2026-10-08T19:00:00-07:00,,Potrero Hill,,Althra,Application,true,,39,meet,Media & entertainment; Robotics & hardware; AI,Happy hours & drinks,https://partiful.com/e/gi1XRAEbXqCPrlPILKkT,1
9b4cfd49-63f4-4b9c-8726-059dd766f9e2,Deel After Dark - Gala,Deel After Dark - Gala,"On October 8, Deel takes over a secret location for an invitation-only gala bringing together the founders, executives, investors, and people shaping what’s next.",2026-10-08,2026-10-08T18:00:00-07:00,2026-10-08T22:00:00-07:00,SOMA,,Deel,Application,true,,,meet,AI; Finance,Happy hours & drinks; Networking & mixers,https://partiful.com/e/XoCAdDroW1gxp3dpgm1f,3
9b5f7a99-1388-46cb-b519-dbb4ea11d352,Founders at Play: Jenga & Snacks,Founders at Play: Jenga & Snacks,Pull a block. Answer a question. Meet another founder.,2026-10-08,2026-10-08T15:30:00-07:00,2026-10-08T17:00:00-07:00,SOMA,,ICARUS GTM Systems,Unknown,false,,,build; meet,GTM & sales,Networking & mixers; Hackathons & workshops,https://partiful.com/e/xqANr1aAM2kdR8OJkbXp,0
9c38ddfa-1dd0-4485-bac6-6b63753c04e0,South Asians in Physical AI,South Asians in Physical AI,"Join asan during SF Tech Week for a South Asian Builders Roundtable, featuring three builders actively building and scaling companies in tech.",2026-10-08,2026-10-08T18:30:00-07:00,2026-10-08T20:30:00-07:00,Downtown (SF),,american south asian network,Application,true,,60,meet,AI; Robotics & hardware,Happy hours & drinks; Panels & firesides,https://partiful.com/e/EJARVHhguO8ptpEU2Tfz,0
9d5c445c-7873-48c6-b827-fe78f59ccfad,Pitch Roast Live,Pitch Roast Live,Pitch Roast Live is the startup pitch competition comedy roast show.,2026-10-08,2026-10-08T18:00:00-07:00,2026-10-08T21:00:00-07:00,Mission,,"Pitch Roast Live, Atlassian",RSVP,false,,152,raise; build; meet,AI; Finance; Media & entertainment,Demos & pitches; Happy hours & drinks,https://partiful.com/e/JcEUr4O1D7JWI9Yl4D9E,2
9e3ff8ce-1842-48c3-88e3-e6b8c7b381b9,Let’s Take This Offline,Let’s Take This Offline,"Join people from private equity, investment banking, deal diligence for a relaxed dinner during SF Tech Week.",2026-10-08,2026-10-08T19:00:00-07:00,,North Beach,,SecondState,Application,true,,21,meet,AI; Finance,Dinners; Happy hours & drinks,https://partiful.com/e/WgOTOrj2wXNVlCgnwI8S,1
9e715f36-4a28-4411-99f8-f37a5c2f84a1,Deep Tech & AI Investor Only Networking Happy Hour,Deep Tech & AI Investor Only Networking Happy Hour,"Hosted by Alumni Ventures and other incredible VCs, this gathering is an opportunity to discuss the latest trends, exchange insights on deal flow, and explore potential co-investments—all while enjoying drinks and snacks as the sun sets…",2026-10-08,2026-10-08T17:00:00-07:00,2026-10-08T19:00:00-07:00,Nob Hill,,Alumni Ventures,Application,true,,69,raise; meet,AI,Networking & mixers; Happy hours & drinks,https://partiful.com/e/s3GGtTRjF7rV949grshR,1
9fa92f9a-9b48-473e-ba5f-85d3406ef52a,Machine Cinema Presents AI Film Screening,Machine Cinema Presents AI Film Screening,"This is not a showcase of tools, we just wanted to bring you the very best AI films as of Fall 2026.",2026-10-08,2026-10-08T20:30:00-07:00,2026-10-08T23:30:00-07:00,Marina,,Machine Cinema,RSVP,false,,78,meet,Media & entertainment; AI,Happy hours & drinks; Panels & firesides,https://partiful.com/e/nyGt4FsJuWBM4xLlPiNZ,1
a0595c2d-367a-4bd3-a134-1c7ab8cd7336,Devices x AI - Pitch Night,Devices x AI - Pitch Night,"Founders building AI that runs on real devices pitch live, in front of judges from silicon, OEMs, and venture.",2026-10-08,2026-10-08T17:00:00-07:00,2026-10-08T20:00:00-07:00,FiDi (SF),,"AGI, Inc.",Application,true,,192,raise; build; meet,AI; Robotics & hardware,Demos & pitches; Happy hours & drinks; Panels & firesides,https://partiful.com/e/bT6gNzQX7IIenumjzXyG,4
a064f11a-abc8-4017-ba52-897ee468ed53,"AMD x RedHat AI-Infra Workshop: High performance inference, at scale","AMD x RedHat AI-Infra Workshop: High performance inference, at scale","Join AMD, Cerebras, MoonMath AI, Red Hat, and the vLLM project for an in-person half day on open source inference, ending with a hands-on workshop you can follow along with on your own laptop.",2026-10-08,2026-10-08T10:00:00-07:00,2026-10-08T14:00:00-07:00,Mission,"3 Embarcadero Center, San Francisco, CA","Leverage, RedHat",Application,true,,274,build,AI; Robotics & hardware,Hackathons & workshops,https://partiful.com/e/63yfXybwQqlyQ5W7dC2j,5
a117c69b-681f-4737-9afb-f031d29db3cf,What It Means to Be AI-Native | Emerging Leaders Dinner,What It Means to Be AI-Native | Emerging Leaders Dinner,What does it actually take to build and run an AI-native company?,2026-10-08,2026-10-08T18:00:00-07:00,,Mission,,AlixPartners,Unknown,false,,,meet,AI,Dinners; Networking & mixers; Panels & firesides,https://partiful.com/e/4PO1OMR8Cut4ZxL4Uz24,7
a11cfc93-d82f-41c8-9a05-f78032cafc72,Health Tech Founders Happy Hour,Health Tech Founders Happy Hour,"This is a happy hour for the people reimagining what's possible, and the investors funding it.",2026-10-08,2026-10-08T18:30:00-07:00,,Downtown (SF),,"Atlas AI, Opal Ventures, Primary Ventures",Application,true,,,meet,Health & biotech; AI,Happy hours & drinks,https://partiful.com/e/pfNTMzgsbHBDvs1T3dU0,3
a3379793-d935-4f4c-a3e5-3b16e5d35251,"Twilight by Ampersand, Sentient Foundation, Gauge, and Rootly AI","Twilight by Ampersand, Sentient Foundation, Gauge, and Rootly AI","Join Ampersand, Sentient Foundation, and Rootly during SF Tech Week for an upscale happy hour for builders of enterprise agents and open AGI.",2026-10-08,2026-10-08T17:30:00-07:00,2026-10-08T21:00:00-07:00,Union Square (SF),"Novela, 662 Mission St, San Francisco, CA",Ampersand,Application,true,,179,meet,AI,Happy hours & drinks; Networking & mixers; Panels & firesides,https://partiful.com/e/FWiSr88ntQYAxyyqZz3I,0
a38efac2-7115-4b0f-ac18-040e50a74d33,Fintech Tool Bag,Fintech Tool Bag,Join a fireside chat with the CEO of Turbohome who will discuss the new financial tools available to home buyers.,2026-10-08,2026-10-08T17:30:00-07:00,2026-10-08T20:30:00-07:00,FiDi (SF),,Turbohome,Application,true,,83,,Finance; AI,Panels & firesides,https://partiful.com/e/Tm3M7s4gs1buxnxrJBIo,1
a3db1967-0987-44d5-b22c-a0c0d27244c2,Negotiations for Founders: Panel by YourNegotiations.com,Negotiations for Founders: Panel by YourNegotiations.com,"Join our panel on negotiations for founders, hosted by Gerta Malaj & Alex Choi.",2026-10-08,2026-10-08T19:30:00-07:00,2026-10-08T21:30:00-07:00,FiDi (SF),,YourNegotiations.com,Application,true,,,raise,AI; Finance,Panels & firesides,https://partiful.com/e/yXpKmLWYFjpzXrtKxW6n,2
a454308d-9afd-42af-b117-240f88c4645f,Night Shift at Mytra,Night Shift at Mytra,More time in the room where it's getting built.,2026-10-08,2026-10-08T19:00:00-07:00,2026-10-08T21:00:00-07:00,Other,,Mytra,Application,true,,80,build,AI; Robotics & hardware,Hackathons & workshops,https://partiful.com/e/UQMk1qJQQQ7oO8yg62Jc,1
a4737121-378a-4d2a-ab18-4ae2721797d5,AI4SoundSleep Launch: Starry Night Demo,AI4SoundSleep Launch: Starry Night Demo,"Join us in SoMa, SF, for an evening of relaxed atmosphere among founders, inventors, investors, and enthusiasts from NYC-based AI4Purpose Inc.",2026-10-08,2026-10-08T16:00:00-07:00,2026-10-08T22:00:00-07:00,SOMA,"Question Mark Tavern, 312 Harriet St, San Francisco, CA",AI4Purpose Inc.,Application,true,,71,raise; build; meet,AI; Health & biotech,Demos & pitches; Networking & mixers; Panels & firesides,https://partiful.com/e/XMiRcksbVACJgdoQanqU,0
a4b230ae-c69d-4a31-ac2d-36148ebc0f2f,"Analog Extravaganza w/ Fin, Vanta, Fireworks, Linear, Dust","Analog Extravaganza w/ Fin, Vanta, Fireworks, Linear, Dust","Fin, Vanta, Fireworks, Linear, Dust & District take over Harlan Records for one night dedicated to proper IRL experiences.",2026-10-08,2026-10-08T18:00:00-07:00,,FiDi (SF),,"Fin, Fireworks, Vanta",Application,true,,403,meet,AI; Finance,Happy hours & drinks,https://partiful.com/e/4SlE28ImtRvwFcIiwHEz,2
a4f74608-ba44-4a32-a739-080f4f447595,What's Next for DX,What's Next for DX,"Join the discussion with DX leaders from OpenAI, Uber, NVIDIA, Plaid, Perplexity, Nuro, Trunk, Reddit, EngFlow, MongoDB, Roku, Asana, and many more!",2026-10-08,2026-10-08T18:00:00-07:00,2026-10-08T20:00:00-07:00,SOMA,"Trunk HQ, 14 Mint Plaza Suite 400, San Francisco, CA","Trunk, EngFlow",Application,true,,,,AI,Panels & firesides,https://partiful.com/e/OTCtHYcGkzh9dYkWqUNE,1
a5ce6e76-d66e-4604-8f2f-dd083cab8df1,Scalability Lab: A Founder Reception @ Asana HQ,Scalability Lab: A Founder Reception @ Asana HQ,The Scalability Lab is an activation designed to support under supported founders with some of the most difficult obstacles in growing a successful business.,2026-10-08,2026-10-08T17:00:00-07:00,2026-10-08T20:00:00-07:00,SOMA,"Asana HQ, 633 Folsom St, Unit 100, San Francisco, CA","Tribaja Inc, Asana, Braze",RSVP,false,,179,meet,GTM & sales,Happy hours & drinks; Networking & mixers; Panels & firesides,https://partiful.com/e/Frp7abUcIRpmrK2Y0rH6,0
a68f3a0a-4adf-46fa-a9a7-5023394de137,Industry Night - Unlocking mmWave Power at Scale,Industry Night - Unlocking mmWave Power at Scale,Live Demos: See our hardware in action and check out live performance metrics.,2026-10-08,2026-10-08T17:00:00-07:00,,South Beach,,Elve,Application,true,,37,raise; build; meet,Robotics & hardware,Happy hours & drinks; Networking & mixers; Demos & pitches,https://partiful.com/e/nzTYwslfpr4KxNdcWijH,2
a7b0a3f0-b23d-4539-b80c-3404b5cb7263,"The Hidden Cost of Legacy Software: When to Modernize, Migrate or Leave It Alone?","The Hidden Cost of Legacy Software: When to Modernize, Migrate or Leave It Alone?","The Hidden Cost pf Legacy Software: When to modernise, Migrate or leave it alone.",2026-10-08,2026-10-08T17:00:00-07:00,,Downtown (SF),,Modstar,Application,true,,16,meet,,Dinners; Networking & mixers; Panels & firesides,https://partiful.com/e/YbKYB29rGx4T31dlfwzv,0
a8c19bd3-4c70-44d4-b8a9-9b95ce608f97,Why ChatGPT Doesn’t Recommend Your Company (GEO/AEO) playbook),Why ChatGPT Doesn’t Recommend Your Company (GEO/AEO) playbook),"Join us for a live GEO / AEO / AI search teardown where we’ll analyze real companies, see which brands AI recommends, identify the sources and claims influencing those answers, and show what to change to improve visibility.",2026-10-08,2026-10-08T20:00:00-07:00,,East Bay,,The Knowledge Company,Unknown,false,,109,raise,AI; Finance; GTM & sales; Media & entertainment,,https://partiful.com/e/KXRIJ5gwHiSFU08oBJxd,1
a93c1046-effc-4f24-ad04-45b5cd408ebb,Beacon AI & Chariot Hiring Event,Beacon AI & Chariot Hiring Event,Join Beacon AI and Chariot during #SFTechWeek for a fireside chat & networking event!,2026-10-08,2026-10-08T17:00:00-07:00,,Other,,"Beacon AI, Chariot",Application,true,,,hire; meet,AI,Happy hours & drinks; Networking & mixers,https://partiful.com/e/R38WjklMdZqlDDE3dQfU,4
a97dbfed-0efa-4094-be97-d7e9cfe9dbc0,Monaco x Sirius: Poker Tournament,Monaco x Sirius: Poker Tournament,Monaco and Sirius present SF Tech Week's greatest no buy-in poker tournament.,2026-10-08,2026-10-08T19:00:00-07:00,2026-10-08T22:00:00-07:00,SOMA,"The Foundry, 1425 Folsom St, San Francisco, CA","Sirius, Monaco",Application,true,,,meet,GTM & sales,Happy hours & drinks,https://partiful.com/e/UdQ9c7SMHycoR7WgYSF7,2
a9f16aa9-7c25-454e-9a31-89878a36cf60,"So, you want to be an FDE","So, you want to be an FDE","Join us for an insider's look at Forward Deployed Engineering - what the role actually involves, the skills that set FDEs apart, and how to break into the field.",2026-10-08,2026-10-08T18:00:00-07:00,2026-10-08T20:30:00-07:00,SOMA,,Arsenal Pulse,Application,true,,64,meet,AI,Happy hours & drinks; Networking & mixers; Panels & firesides,https://partiful.com/e/6WqIfi3IFiXjfGGtLCem,4
a9fd3486-e483-41d8-81cc-4a425431d084,You Have Traction — and That’s Helped You Raise Some Money. Now What?,You Have Traction — and That’s Helped You Raise Some Money. Now What?,"Rather than a conventional panel, attendees will be divided into three smaller groups and rotate through three focused interactive informative, discussion and demonstration sessions, each anchored by an experienced technology CEO and a…",2026-10-08,2026-10-08T11:00:00-07:00,2026-10-08T13:30:00-07:00,FiDi (SF),"Financial District, San Francisco, CA","Globiant, Boxsy, Middleware, PlayGTM",Application,true,,42,raise; build; meet,AI; Finance,Coffee & breakfast; Networking & mixers; Hackathons & workshops,https://partiful.com/e/j2b1LtbPH03SLqZMJys2,7
aabe0f2d-3ba1-4c75-8808-aaecc9844d50,The Trust Layer: AI for Regulated Markets,The Trust Layer: AI for Regulated Markets,"Join Rebalance Capital, Semper Virens, and Cameron Ventures for a breakfast gathering of investors, founders, and operators working at the center of that shift in industries where reliability and credibility matter most: insurance,…",2026-10-08,2026-10-08T09:00:00-07:00,,Union Square (SF),,"Rebalance Capital, Cameron Ventures, SemperVirens",Application,true,,,meet,AI; Finance,Coffee & breakfast,https://partiful.com/e/LtIK4JeqSfJdelhvMcNY,2
abb052a2-4f45-4292-bffd-c93fa2756e9c,What’s Actually Working in EdTech: K–12 to Higher Education - Panel + Networking evening!,What’s Actually Working in EdTech: K–12 to Higher Education - Panel + Networking evening!,"Join us during SF Tech Week for a focused 30 - minute panel discussion bringing together founders, educators, operators, investors, and education leaders working across K–12 and postsecondary education.",2026-10-08,2026-10-08T17:30:00-07:00,2026-10-08T19:30:00-07:00,Downtown (SF),,Eduwave AI,Application,true,,35,meet,AI; GTM & sales,Networking & mixers; Panels & firesides,https://partiful.com/e/kh3z2mKWF7MMKMG7zEtD,6
abbdf186-6254-48b9-b393-731d41866414,The Venture5 Office of the VC CFO Dinner & Reception SF,The Venture5 Office of the VC CFO Dinner & Reception SF,Join us for a private dinner bringing together CFOs and fund finance leadership from leading venture capital firms for an evening of thoughtful conversation and meaningful connection.,2026-10-08,2026-10-08T18:00:00-07:00,2026-10-08T21:00:00-07:00,Embarcadero,,Venture5,Unknown,false,,,raise; meet,AI; Finance,Dinners,https://partiful.com/e/Bun6xyyRghVZiwLTm2oa,0
ac6baa97-175c-4b2e-b196-f48354fafbd6,Private HIIT class for the TA & HR community,Private HIIT class for the TA & HR community,"You spend all day getting the best butts into the right seats, tonight, the seat is yours.",2026-10-08,2026-10-08T19:15:00-07:00,,FiDi (SF),"Equinox FiDi, 301 Pine St, San Francisco, CA",Metaview,Application,true,,,meet,AI,,https://partiful.com/e/lw0UoHhK9jt8UcKnRUcR,0
acf47346-3cd4-4b08-adee-ff75a711a841,Magnific Tech,Magnific Tech,"Join Magnific for a technical look at the infrastructure, tooling, and model architecture behind generative AI in creative workflows — from training and fine-tuning to deployment at scale.",2026-10-08,2026-10-08T17:30:00-07:00,2026-10-08T20:00:00-07:00,SOMA,,Magnific,Application,true,,167,build; meet,AI; Media & entertainment,Networking & mixers; Panels & firesides; Hackathons & workshops,https://partiful.com/e/lWV29MUmHB1h7YzMPIaz,4
acfebe0d-bff1-4823-bf21-c0e57814a514,Baltic Tech Happy Hour,Baltic Tech Happy Hour,"Join us to connect with fellow Baltic founders, US and Baltic VCs, angel investors, and diaspora tech operators. This is your chance to build meaningful relationships, share insights, and grow your network during #SFTechWeek.",2026-10-08,2026-10-08T19:00:00-07:00,2026-10-08T21:00:00-07:00,SOMA,,Baltic Way LLC and Latvian Investment Development Agency (LIAA),Unknown,false,,,meet,,Happy hours & drinks; Networking & mixers,https://partiful.com/e/8O4P6LRwXCj2p522YQWu,1
ad243b8e-d773-4add-9dff-a4b22346a9ea,"AI BEYOND THE SCREEN SexTech × AI Harness: Connecting AI Agents, Devices & Human Experiences","AI BEYOND THE SCREEN SexTech × AI Harness: Connecting AI Agents, Devices & Human Experiences","Join founders, researchers, investors, creators, and builders exploring the future of human–AI interaction.",2026-10-08,2026-10-08T17:00:00-07:00,2026-10-08T21:00:00-07:00,SOMA,,"xVibe AI, DaoBrew",Application,true,,185,raise; build,AI; Robotics & hardware; Finance; GTM & sales,Panels & firesides; Demos & pitches,https://partiful.com/e/6A07TfJAH7Lley6MVjUD,0
ad5c2c79-f383-4ffd-9902-7a414d4bd037,"Vals AI, Mental Health & Evals Happy Hour","Vals AI, Mental Health & Evals Happy Hour","People are already using chatbots as a therapist, a sounding board, and a 2am friend. Most of these models have never been tested for that job in any serious way.",2026-10-08,2026-10-08T17:30:00-07:00,2026-10-08T19:30:00-07:00,Mission,,Vals AI,Unknown,false,,,meet,AI,Happy hours & drinks; Networking & mixers,https://partiful.com/e/QGVLUIopsE1oKzyZnUf9,2
adeb916f-3450-48ab-a57b-13df5e0c0f1c,Focus on Demand - Train Your Brain with Neurotech & VR,Focus on Demand - Train Your Brain with Neurotech & VR,"Train your brain for deep focus using EEG neurofeedback, immersive VR, and brainwave entrainment audio in this 1.5 hour experiential workshop.",2026-10-08,2026-10-08T18:00:00-07:00,2026-10-08T19:30:00-07:00,Jackson Square,"Decentered Studio, 1175 Folsom St Suite 2A, San Francisco, CA",Vayu Labs,Application,true,,86,build,Health & biotech,,https://partiful.com/e/iapOoXyHNTSpsgG3TzD9,1
aeea5082-d25d-4d4a-9749-9c05d9a756f6,How to Hire Your First CX Engineer,How to Hire Your First CX Engineer,Join delight.ai for an evening built around this shift.,2026-10-08,2026-10-08T18:00:00-07:00,,Mission,,delight.ai,Application,true,,45,build; hire; meet,AI,Hackathons & workshops; Happy hours & drinks,https://partiful.com/e/3Z6e5kD69jj4rTZAXzvE,1
af6ed098-716c-419a-8d03-5d2dee1ed118,Voice Build Lab by Female Founder Collective x Vibe Code Mama,Voice Build Lab by Female Founder Collective x Vibe Code Mama,"Join Female Founder Collective and Vibe Code Mama for a hands-on afternoon exploring how founders can use AI to rapidly prototype tools, creative ideas, and products - live, together, in the room.",2026-10-08,2026-10-08T16:15:00-07:00,2026-10-08T18:30:00-07:00,East Bay,,Female Founder collective,Unknown,false,,15,raise; build; meet,AI; GTM & sales,Happy hours & drinks; Demos & pitches; Hackathons & workshops,https://partiful.com/e/7no3P6aPvP2HRhJRZenu,1
b01050fd-3f61-45c7-ac2f-a7dbef800255,Tech Meets Couture,Tech Meets Couture,➡️The Tech Showcase: An interactive exhibit where you can get hands-on with the latest functional materials and wearable breakthroughs.,2026-10-08,2026-10-08T19:00:00-07:00,2026-10-08T21:00:00-07:00,SOMA,"SOMA, San Francisco, CA",Neighborhood Linguist,Application,true,,99,build; meet,AI; Media & entertainment,,https://partiful.com/e/sak9PNJA3Q1Anbo3UKta,1
b0452d71-67f3-4ccf-9d95-e218fafbd598,How Do I Lead Through Change and Uncertainty?,How Do I Lead Through Change and Uncertainty?,"Everyone wants more from you right now. Leadership wants speed, AI, new tools, more output with the same people. Your team wants clarity, a say, and a little more time. You're in the middle, doing most of the deciding, most of the communicating, most of the steadying.",2026-10-08,2026-10-08T18:00:00-07:00,2026-10-08T20:00:00-07:00,Hayes Valley,,Insightsout,Unknown,false,,,build,AI,Hackathons & workshops,https://partiful.com/e/l4aovuRVQLdzTKmevQ2t,1
b19c599a-4bf2-42ac-8193-ddf65cfda772,Consumer Tech Night/HAPPY HOUR (Free Food + Drinks),Consumer Tech Night/HAPPY HOUR (Free Food + Drinks),"Come hang out with builders, founders, investors, operators, and curious people obsessed with what’s next in consumer technology.",2026-10-08,2026-10-08T17:30:00-07:00,,Downtown (SF),"SOMA, San Francisco, CA",Lenn AI,Unknown,false,,204,meet,AI; Robotics & hardware,Happy hours & drinks; Networking & mixers,https://partiful.com/e/apd5zPT2ssQysMfPnFnv,0
b2536f0c-4a64-4d4e-b43e-4a0f0b8fd728,[Workshop] Build AI Agents with Auth0,[Workshop] Build AI Agents with Auth0,Join us for a hands-on build event where you will learn how to secure agentic applications with Auth0.,2026-10-08,2026-10-08T15:30:00-07:00,2026-10-08T20:00:00-07:00,FiDi (SF),"Okta HQ, 100 First St, San Francisco, CA",Auth0,Application,true,,218,build; meet,AI,Hackathons & workshops; Happy hours & drinks; Networking & mixers,https://partiful.com/e/zlmTqYKeEARu8g53wE9a,4
b35a4af7-8384-40ed-b909-b51add1639c2,Luminar Ventures Investor & Angel Networking Evening,Luminar Ventures Investor & Angel Networking Evening,"If you're an investor (LP, GP or angel) looking for the next inflection point in AI and deep tech, this is an unmissable opportunity.",2026-10-08,2026-10-08T17:00:00-07:00,,SOMA,"One Market Plaza, Spear Tower","Luminar Ventures, Wilson Sonsini Goodrich & Rosati",Application,true,,,raise; meet,AI; Finance,Networking & mixers,https://partiful.com/e/zo3uvqpoaJ3n97JhfUQY,1
b3b8da49-6c98-4f0a-9dbd-0fa2e68634a2,Hard Tech Happy Hour: Commanding the Physical World,Hard Tech Happy Hour: Commanding the Physical World,"Join Revel for a San Francisco hardtech mixer and happy hour bringing together engineers, product leaders, designers, and operators working at the intersection of hardware and software.",2026-10-08,2026-10-08T18:00:00-07:00,2026-10-08T20:00:00-07:00,FiDi (SF),,Revel,Application,true,,,meet,Robotics & hardware,Happy hours & drinks,https://partiful.com/e/N9m7Uptg14BrPwE93ISw,2
b401f01a-112e-4e17-a781-ae5acff28b4e,SF Tech Week Afrobeats Party,SF Tech Week Afrobeats Party,- 🤝 Meaningful Networking & New Collaborations,2026-10-08,2026-10-08T18:00:00-07:00,,Downtown (SF),,Travelbay,Application,true,,295,raise; meet; fun,AI; Finance,Parties & raves,https://partiful.com/e/VZTuOtVE0rVNDdbmF3Pd,0
b414ad6c-e619-409b-9010-96fd05c97c5d,Marketing in the AI Era: From Possibility to Practice w/ AMA SF x Quantcast,Marketing in the AI Era: From Possibility to Practice w/ AMA SF x Quantcast,"The event wraps with rooftop networking, light bites and drinks, and views of San Francisco.",2026-10-08,2026-10-08T15:00:00-07:00,2026-10-08T18:30:00-07:00,SOMA,"795 Folsom St 5th Floor, San Francisco, CA",American Marketing Association (AMA) San Francisco,RSVP,false,,27,sell; meet,AI; GTM & sales,Networking & mixers; Panels & firesides,https://partiful.com/e/U7xZL0EflrWGLzYN4lfK,0
b44f172f-7163-4666-b55e-3d4410713f08,Valon Labs Live,Valon Labs Live,Experience Valon Labs in person by visiting our one-day co-working space in SOMA.,2026-10-08,2026-10-08T10:00:00-07:00,,SOMA,"917 Bryant St, San Francisco, CA",Valon,Application,true,,,raise; build; meet,AI; Finance,Hackathons & workshops; Networking & mixers; Demos & pitches,https://partiful.com/e/R82Sdunmsq5dCw5Zg8Ig,0
b52854dd-4c77-4c41-85d6-c1908fe199d7,AI Tokenomics: The Production AI Economics Roundtable,AI Tokenomics: The Production AI Economics Roundtable,"This closed-door roundtable brings together CTOs, Heads of AI, ML infrastructure leaders and technical founders to discuss the economics of running AI in production.",2026-10-08,2026-10-08T18:00:00-07:00,,Downtown (SF),,Podium Finance,Application,true,,,meet,AI,Dinners,https://partiful.com/e/OxMA6yfTl7kWWFoCs2t5,1
b5f29792-b981-4026-a16a-fca389006c88,Sunset at Dawn Club,Sunset at Dawn Club,sf tech week gets weird after dark.,2026-10-08,2026-10-08T19:00:00-07:00,2026-10-08T22:00:00-07:00,Union Square (SF),,INVO Station,Unknown,false,,,meet; fun,AI; Finance,Happy hours & drinks; Networking & mixers,https://partiful.com/e/Ai4bicUfDKRkVQ4HlPaC,3
b65270b2-9baa-45b6-9c93-875d6620c018,Built by community,Built by community,Join us at Reddit’s San Francisco headquarters during #SFTechWeek for a candid conversation about what it takes to build something people care about.,2026-10-08,2026-10-08T15:00:00-07:00,2026-10-08T17:00:00-07:00,SOMA,"303 2nd St 5th Floor, San Francisco, CA",Reddit,Application,true,,272,raise; meet,AI; Finance,Happy hours & drinks,https://partiful.com/e/g7T5GSDUlro0XwbsaGFI,1
b675ec02-e079-473e-b09a-49d70ae84e1e,Caring for the Mental Health of Your Team and Yourself,Caring for the Mental Health of Your Team and Yourself,"Before joining AWS in 2020, she spent 24 years at Industrial Light & Magic, rising to VP of Global Production and contributing to blockbusters like Star Wars, Iron Man, Avatar, and The Revenant while driving the studio's global…",2026-10-08,2026-10-08T17:30:00-07:00,,SOMA,"Downtown, San Francisco, CA",Asian Mental Health Project,Application,true,,185,meet,Health & biotech; AI; Finance,Dinners; Panels & firesides,https://partiful.com/e/7VLs3ykVdHhJxYmX03Ab,5
b678f512-e974-431f-ae62-c34ddb275efa,The Personal Agent Shift 🤖🍗 | Crazy Thursday,The Personal Agent Shift 🤖🍗 | Crazy Thursday,"When should your agent think, act, or ask?",2026-10-08,2026-10-08T17:00:00-07:00,,FiDi (SF),,Seamate,Unknown,false,,,raise; build; meet,AI,Networking & mixers; Panels & firesides; Demos & pitches,https://partiful.com/e/cMOfJn2fgBz9gw4br9XJ,5
b68489b1-3708-4f20-93c4-f03351d9a5d0,The Exchange: Your Next Opportunity Is in the Room,The Exchange: Your Next Opportunity Is in the Room,"• Constructive feedback that strengthens an idea, offer, or approach",2026-10-08,2026-10-08T13:00:00-07:00,2026-10-08T16:00:00-07:00,Other,"Creative Landing Spaces, 440 9th St, San Francisco, CA","AllPeeP, Exonome",Application,true,,66,meet,,Networking & mixers,https://partiful.com/e/bsZuwRliQLiM7HJfVOMZ,0
b704e408-bd89-4732-93cb-6f62e2429c4e,Everesteer x Ramp Hedge Fund Hackathon,Everesteer x Ramp Hedge Fund Hackathon,Everesteer is bringing its Hedge Fund Hackathon to San Francisco.,2026-10-08,2026-10-08T17:00:00-07:00,2026-10-08T22:00:00-07:00,Hayes Valley,"San Francisco, Venue TBA, San Francisco, CA",Everesteer,Application,true,,129,build,AI; Finance; GTM & sales,Hackathons & workshops,https://partiful.com/e/746fSrcbaXQIpqqpRZ8j,1
b7a595e4-5db3-4f57-aae0-8a3ba0577893,Potato Meter: The Brand Roast Your Team Won't Give You,Potato Meter: The Brand Roast Your Team Won't Give You,Your team is too close. Your friends are too nice. Your investors are too busy. Time for an honest opinion on your brand.,2026-10-08,2026-10-08T14:00:00-07:00,2026-10-08T18:00:00-07:00,SOMA,,tonik.com,Unknown,false,,,meet,GTM & sales,Happy hours & drinks; Networking & mixers; Panels & firesides,https://partiful.com/e/Ho7ram64t8T4HCvzZceM,4
b88341fb-1054-4c98-a59d-d93101fbc951,Matcha & Mahjong with Lightyear 🍵🀄,Matcha & Mahjong with Lightyear 🍵🀄,"Come gather with a community of creative, curious people building the future of tech!",2026-10-08,2026-10-08T18:00:00-07:00,,Chinatown,"On Waverly Clubhouse, 162 Waverly Pl, San Francisco, CA",Lightyear Residency,Application,true,,,meet,AI; Robotics & hardware,Happy hours & drinks; Networking & mixers,https://partiful.com/e/YLcg5cSD996HB8fnezn2,5
b9d7746d-888b-4584-b256-13e7b2aa1ea4,Founder-Led Strength Training,Founder-Led Strength Training,"The San Francisco General Intelligence Lab is hosting a free 45-minute, all-levels hot strength training class at Hot 8 Yoga Marina, followed by recovery-focused snacks.",2026-10-08,2026-10-08T12:15:00-07:00,2026-10-08T13:30:00-07:00,Marina,,San Francisco General Intelligence Laboratory,Application,true,,50,,AI; Health & biotech,,https://partiful.com/e/0CcNpz3LjVcyEC8xb1zo,1
b9e98dfc-ac2f-4715-95ec-01193416c413,500 Global Investor Sushi Night: Japan,500 Global Investor Sushi Night: Japan,"Join 500 Global during #SFTechWeek for an intimate evening of fresh sushi, cocktails, and conversation with members of the venture community.",2026-10-08,2026-10-08T18:00:00-07:00,2026-10-08T20:00:00-07:00,SOMA,,500 Global,Application,true,,,raise; meet,AI; Finance,Happy hours & drinks; Networking & mixers,https://partiful.com/e/PqfkMpkr2zvatGVGauQs,1
ba1f1a37-558b-4e5d-b40d-05b8ee6efd99,Cocktail Camp w/ Backbone Systems & a16z,Cocktail Camp w/ Backbone Systems & a16z,"Learn to craft a delicious seasonal cocktail in a fun 60-minute guided session with our expert mixologists. Afterward, relax and enjoy your drink as long as you'd like, provided there’s no private event after yours. All cocktails are organic and vegan and can easily be made as mo…",2026-10-08,2026-10-08T18:30:00-07:00,,Duboce Triangle,,a16z,Unknown,false,,,,AI; Health & biotech,,https://partiful.com/e/0RDsKrHGKMKddgnOGwG0,2
bb424e03-b288-4b24-9f7c-175e494aa81e,Q4 2026 State of AI + AE (Autonomous Economy) & Investment Opportunities,Q4 2026 State of AI + AE (Autonomous Economy) & Investment Opportunities,Agentic systems are moving from demos to production.,2026-10-08,2026-10-08T11:00:00-07:00,2026-10-08T12:00:00-07:00,Virtual (SF),,Untapped Ventures,RSVP,false,,,build,AI,Hackathons & workshops,https://partiful.com/e/Cn1Jh4FbL9lRKcVBpyvI,1
bcc5ef6f-3fd9-44f3-914c-e37d45deffc9,Kingscrowd Startup Showcase: San Francisco,Kingscrowd Startup Showcase: San Francisco,Want to find your next startup investment? Or just immerse yourself among passionate founders and investors? Come hear from exceptional founders you can invest in right now!,2026-10-08,2026-10-08T17:00:00-07:00,2026-10-08T19:30:00-07:00,Mission,,Kingscrowd,Unknown,false,,,raise; build; meet,AI; Finance; Health & biotech,Networking & mixers; Demos & pitches,https://partiful.com/e/RplW4JNxJKDMu5g2nEDn,2
bcc7a520-cbf0-49c3-8d34-20b7d233ee93,"The Next Agenda for Innovation, Capital & Regulation","The Next Agenda for Innovation, Capital & Regulation","Timed ahead of the midterms, the discussion asks which technologies the next Congress will support, which risks it will restrict, and how those choices will shape America's global competitiveness.",2026-10-08,2026-10-08T18:00:00-07:00,,Stanford,,Senal,RSVP,false,,141,raise; meet,AI; Finance,Networking & mixers; Panels & firesides,https://partiful.com/e/tOvsxQOMuPxCm6QQ2ea4,1
be949f33-587a-4b09-86ae-1cd3be46af15,Endeavor Founders Night,Endeavor Founders Night,For one night - during the busiest week of the year in SF - Endeavor is bringing its global network to town.,2026-10-08,2026-10-08T18:30:00-07:00,2026-10-08T22:30:00-07:00,Mission,,"Endeavor, Empire Records",Application,true,,,meet,,Dinners; Happy hours & drinks; Panels & firesides,https://partiful.com/e/kEWQHfwiBt3KUrSkbOGR,3
bef57253-387d-42e8-a922-bb4b7150ab94,Play it Forward - AI x Games x Education,Play it Forward - AI x Games x Education,"Builders set up their games, and the room plays them.",2026-10-08,2026-10-08T18:00:00-07:00,,Other,,"Mano Games, Otherwise Labs",Application,true,,90,raise; build; meet; fun,AI; Media & entertainment,Networking & mixers; Panels & firesides; Demos & pitches,https://partiful.com/e/NbLC22QRy8qHiko8TeXs,2
bfdc53ab-c7cb-442c-9ecc-d76498015f0d,Golden Hour: Frontier Investing,Golden Hour: Frontier Investing,"Join us for an evening bringing together investors, capital allocators, founders, HNW leaders and Bay Area Bitcoiners during #SFTechWeek.",2026-10-08,2026-10-08T18:30:00-07:00,2026-10-08T20:30:00-07:00,Union Square (SF),,"BTC, Inc and UTXO Managment",Unknown,false,,,raise; meet,Finance; AI,Happy hours & drinks,https://partiful.com/e/dc57rCTKSnb1IpWIf3GK,3
c030adbf-46e8-489a-818d-303af63bd1a6,"""New Money"" — Fintech Founders & Investors Mixer","""New Money"" — Fintech Founders & Investors Mixer",A Fintech Founders & Investors Mixer for the next generation of financial power.,2026-10-08,2026-10-08T18:00:00-07:00,,Salesforce Park,,Rolla,Unknown,false,,400,raise; build; meet,Finance; AI,Networking & mixers; Happy hours & drinks; Demos & pitches,https://partiful.com/e/eibfBrP1R5t5XkienJHt,1
c03e8d35-2b91-4cfd-857c-993d810e9364,Love at First Slide with Gamma & Atlassian,Love at First Slide with Gamma & Atlassian,"This SF Tech Week, Gamma & Atlassian are teaming up to hear about your obsessions, special loves, and rabbit holes.",2026-10-08,2026-10-08T17:00:00-07:00,2026-10-08T20:00:00-07:00,FiDi (SF),,"Atlassian, Gamma",Application,true,,,raise; build; meet,AI,Networking & mixers; Demos & pitches,https://partiful.com/e/Iok3TlIvDZje7pSm3ufb,1
c04ebe9e-a7b6-41ee-85cd-855ae9332a59,Voice AI Technical Debates,Voice AI Technical Debates,"An evening of structured debate on the frontier of voice AI, hosted alongside SF Tech Week.",2026-10-08,2026-10-08T17:00:00-07:00,,Alamo Square,,Sobremesa,Application,true,,91,build; meet,AI,Networking & mixers; Panels & firesides,https://partiful.com/e/9s2nAALMkPuLpgrZM7jO,0
c1b1e469-5486-40f4-99fe-31301f8de84a,Legendary Ventures,Legendary Ventures,"Legendary Ventures is hosting an exclusive shindig for investors, founders, and entrepreneurs to share, learn, and engage each other in the VC ecosystem.",2026-10-08,2026-10-08T17:00:00-07:00,2026-10-08T20:00:00-07:00,Union Square (SF),,Legendary Ventures,Application,true,,209,meet,Health & biotech,Happy hours & drinks,https://partiful.com/e/aychp8vOl1HsXwN7e1qW,2
c2705e58-ce67-4bce-a226-fa5db38ad882,Charting the Future of Talent,Charting the Future of Talent,Join Juicebox for an evening on the San Francisco Bay with the founders and talent leaders shaping what comes next in hiring.,2026-10-08,2026-10-08T18:00:00-07:00,2026-10-08T20:00:00-07:00,Embarcadero,,Juicebox,Application,true,,31,hire; meet,AI,Dinners; Happy hours & drinks; Networking & mixers,https://partiful.com/e/3666RQ5AKQ2MKe7o2x9l,2
c27825c2-6848-46f6-ad41-e0fde161fefe,Marketing Break: A 3PM Networking Event for Marketers,Marketing Break: A 3PM Networking Event for Marketers,,2026-10-08,2026-10-08T14:30:00-07:00,2026-10-08T16:30:00-07:00,Union Square (SF),,REHATCH,Application,true,,,build; sell; meet,AI; GTM & sales,Networking & mixers; Panels & firesides; Hackathons & workshops,https://partiful.com/e/OK10TqaqDBqKH9gbA8mi,2
c6880487-dd02-436e-a07a-d306eeaa3bcf,Lattes with Graphon,Lattes with Graphon,Close out Tech Week strong. Your Thursday coffee is on us.,2026-10-08,2026-10-08T09:30:00-07:00,2026-10-08T11:30:00-07:00,South Beach,,Graphon AI,Unknown,false,,,meet,AI,Coffee & breakfast,https://partiful.com/e/EH4dmIScT1v49HYinWUe,1
c82fe23b-04fe-4589-b63c-cb0d442bd5af,3M to 100M Users: How Gamma Actually Did It,3M to 100M Users: How Gamma Actually Did It,This is a working conversation curated for AI founders and operators.,2026-10-08,2026-10-08T10:00:00-07:00,2026-10-08T12:00:00-07:00,FiDi (SF),"220 Montgomery St, Suite 148, San Francisco, CA 94104",AKG Media,RSVP,false,,241,,AI; Media & entertainment,Panels & firesides,https://partiful.com/e/3OvkylJXptvhiEVFZ5wq,7
c87947c0-02ad-43d1-b937-82a899393a15,IB Pitch & Pints Afterparty,IB Pitch & Pints Afterparty,"Pitch & Pints is traveling for #SFTechWeek, and will be in San Francisco!",2026-10-08,2026-10-08T18:00:00-07:00,2026-10-09T00:00:00-07:00,SOMA,"The Royale, 800 Post St, San Francisco, CA",Innovate Bay,Application,true,,162,raise; build; meet; fun,AI; Finance,Demos & pitches; Parties & raves; Afterparties; Happy hours & drinks; Networking & mixers,https://partiful.com/e/nPh2WXnW1d9j60LNGg4k,1
c8bdd777-3c71-4de1-b990-01149aa507d5,AI & Platform Engineering Developer Meetup,AI & Platform Engineering Developer Meetup,Join us for an evening focused on the tools and cultural shifts driving the fintech industry forward.,2026-10-08,2026-10-08T16:30:00-07:00,2026-10-08T20:00:00-07:00,Mountain View,"2750 Coast Ave, Mountain View, CA",Intuit,RSVP,false,,,build; meet,AI; Finance,Networking & mixers; Hackathons & workshops,https://partiful.com/e/sOfd7rMDByrMoLDuie2u,6
c8cbf943-8807-4422-a6a8-0a5782feac4f,Fintech Founders + Funders Happy Hour by OnlyExit and Nesta,Fintech Founders + Funders Happy Hour by OnlyExit and Nesta,"OnlyExit and Nesta are bringing together founders building across lending, payments, wealth, insurance and financial infrastructure for an evening of open networking at the end of #SFTechWeek, and we would like you in the mix.",2026-10-08,2026-10-08T19:00:00-07:00,2026-10-08T22:00:00-07:00,Mission,"Shelby's Rooftop bar, 250 4th St, San Francisco, CA",OnlyExit Ventures,Application,true,,80,raise; meet,AI; Finance,Happy hours & drinks,https://partiful.com/e/Fy7j1kvHjqoMymx7w6mt,3
c9f7ec58-e171-4c22-ad09-7f0e7e4055ce,"Scale Client Delivery, Not Headcount: The AI-Native Agency Workshop","Scale Client Delivery, Not Headcount: The AI-Native Agency Workshop","Join this free, interactive, 60-minute Zoom workshop for founders and senior leaders at boutique digital, performance marketing, growth, SEO/CRO, and web agencies.",2026-10-08,2026-10-08T10:00:00-07:00,2026-10-08T11:00:00-07:00,Virtual (SF),,"Juliet AI, Inc.",Application,true,,86,build,AI; GTM & sales,Hackathons & workshops,https://partiful.com/e/HrGPNLPIYJPpc4gXQRyi,1
cab0bfb6-4457-4f5a-8696-b54bf7ba406b,Building a $7B Unicorn: Deepika of Commure and Investor Varsha,Building a $7B Unicorn: Deepika of Commure and Investor Varsha,"Join Deepika Bodapati (Co-founder and COO of Commure) and investor Varsha Rao for a candid founder-investor conversation about the decisions, conviction, and relationships behind building at extraordinary scale.",2026-10-08,2026-10-08T17:30:00-07:00,2026-10-08T20:30:00-07:00,Downtown (SF),,Brown Girls Money Moves,Application,true,,,raise; build; meet,AI; Finance; Health & biotech,Panels & firesides,https://partiful.com/e/U35yhAN88O3FUJXzuebr,4
cafdb1ea-f6d9-443d-aa7d-25325d58833e,Swag Lab: Make It & Take It,Swag Lab: Make It & Take It,"Goody's new SF showroom is open for Tech Week, and you'll get to test-drive custom merch before you gift it.",2026-10-08,2026-10-08T17:00:00-07:00,,FiDi (SF),"Goody's Showroom, 332 Pine St, San Francisco, CA",Goody,Application,true,,146,,,,https://partiful.com/e/PFaSh9sRJwGIY14QRGSd,1
cb99c3d5-cb84-427f-ba57-982fd7f6669f,Oasis Builder Dinner,Oasis Builder Dinner,"The evening is built for discussion among peers wrestling with the same problems on orchestrating multi-agent systems: where they break, how to set guardrails and approvals, and what it takes to trust agents with real work.",2026-10-08,2026-10-08T18:30:00-07:00,2026-10-08T20:30:00-07:00,FiDi (SF),,Oasis,Application,true,,,build; meet,AI,Dinners,https://partiful.com/e/I7X9JoUAf9cep1CyD78w,1
cbe8e92e-25f4-4df8-a9d3-8dc26d1d9c2e,"Build an AI workflow editor, natively in Angular","Build an AI workflow editor, natively in Angular","In this hands-on session we go from an empty canvas to a working editor for agentic workflows using ngDiagram, an open-source Angular diagramming library.",2026-10-08,2026-10-08T18:00:00-07:00,,Downtown (SF),,Workflow Builder,Application,true,,41,raise; build; meet,AI,Networking & mixers; Panels & firesides; Demos & pitches; Hackathons & workshops,https://partiful.com/e/ZtgptLWk9qBEYR5IMs4Q,1
cd4baeb6-7bc5-41a0-8f57-be109cce289f,Hands-on workshop: build an MCP app,Hands-on workshop: build an MCP app,"In this 2-hour hands-on workshop, you build exactly that.",2026-10-08,2026-10-08T15:00:00-07:00,2026-10-08T17:00:00-07:00,Downtown (SF),"Union Square, 414 Mason St 8th Floor, Suite 800, San Francisco, CA",Myop,Application,true,,,build,AI,Hackathons & workshops,https://partiful.com/e/SoqdNEvRKoageOhvrAYT,0
ce0a9dbc-7615-44ba-966b-d3578ec1dfd7,Come Touch the Future: Hard Tech Expo with Third Sphere,Come Touch the Future: Hard Tech Expo with Third Sphere,"Meet the teams behind the tech, explore hands-on and founder-led demos, and connect with a community of climate builders and backers reshaping how we move, build, and live for a climate-resilient future.",2026-10-08,2026-10-08T13:00:00-07:00,2026-10-08T17:30:00-07:00,FiDi (SF),"833 Market St, San Francisco, CA",Third Sphere,Application,true,,486,raise; build,Robotics & hardware,Panels & firesides; Demos & pitches,https://partiful.com/e/saw6fM3hd8YEuIHP9hUi,5
ced31e63-a756-4a5f-8b94-421938775ed0,"Gaming for Impact - Gaming, Technology & Autism Innovation","Gaming for Impact - Gaming, Technology & Autism Innovation",What if the next game you build could make a difference in someone's life?,2026-10-08,2026-10-08T14:00:00-07:00,2026-10-08T16:00:00-07:00,Other,,Sirica Therapeutics,Unknown,false,,,meet,Health & biotech,Networking & mixers; Panels & firesides,https://partiful.com/e/mTF3aPFBnHU9dihtUSDe,2
d088c036-e9f1-4032-bd44-882525fb17d3,Building the Physical World with AI,Building the Physical World with AI,"Join Autodesk and Reer for an evening of conversation, networking, and fresh perspectives on the future of AI and the physical world during SF Tech Week.",2026-10-08,2026-10-08T17:00:00-07:00,2026-10-08T20:00:00-07:00,Downtown (SF),,"Autodesk, Reer",Application,true,,160,build; meet,AI; Media & entertainment,Happy hours & drinks,https://partiful.com/e/dAHuVfXdPXQ6pI46yt9Q,1
d08f5b5d-94e0-4541-a3a5-012200d79709,Building Better Trading Strategies with AI,Building Better Trading Strategies with AI,"Join the team behind AI Velocity Trading for a behind-the-scenes look at how we use AI to research, test, and validate systematic options strategies.",2026-10-08,2026-10-08T13:00:00-07:00,,SOMA,"SOMA, San Francisco, CA",AI Velocity Trading,Application,true,,,raise; build,AI; Finance,Demos & pitches; Hackathons & workshops,https://partiful.com/e/lQeVZt3JjXz7QnbeN5j4,0
d0b280aa-c423-477b-9e97-be5bc2a7df0d,"Charting Connections with Western Alliance Bank, TriplePoint Capital and Manatt","Charting Connections with Western Alliance Bank, TriplePoint Capital and Manatt","Join Western Alliance Bank, TriplePoint Capital and Manatt during SF Tech Week for an evening of networking, drinks and conversation with fellow startup finance leaders, founders and investors.",2026-10-08,2026-10-08T15:00:00-07:00,2026-10-08T17:00:00-07:00,FiDi (SF),,"Manatt, TriplePoint Capital, Western Alliance Bank",Application,true,,94,raise; meet,AI; Finance,Happy hours & drinks; Networking & mixers,https://partiful.com/e/8lYpMTTgWU7g2DqM3b3B,1
d3035dfb-7d45-4034-971a-69eb71880b23,Nest Catalyst Demo Day,Nest Catalyst Demo Day,"Hear from Life Science startups led by scientist-founders and network with the vibrant Silicon Valley community of biotech professionals including scientists, founders, investors, and more!",2026-10-08,2026-10-08T18:30:00-07:00,,Downtown (SF),,Nest Catalyst,Application,true,,,raise; build; meet,AI; Health & biotech,Demos & pitches; Networking & mixers; Panels & firesides,https://partiful.com/e/vYpMoCGGbNegEJjxRZoX,2
d3385c03-42d0-4b9f-a801-313ea854932a,Human OS: A Physical and Mental Reset,Human OS: A Physical and Mental Reset,Join Techqueria and Life Stages during SF Tech Week for an embodied reset designed to bring you back to yourself—and to each other.,2026-10-08,2026-10-08T18:30:00-07:00,2026-10-08T20:30:00-07:00,Mission,,"Techqueria: Bay Area Chapter, Life Stages",RSVP,false,,,meet,AI,Networking & mixers,https://partiful.com/e/J7HX1UWRofKcBPkM0UC4,2
d3485348-7a92-4406-9b03-ee8ca55d53bd,Pitch Garage,Pitch Garage,"🚪 This is a private, behind-closed-doors working session for a small group of hand-selected founders.",2026-10-08,2026-10-08T11:00:00-07:00,2026-10-08T12:30:00-07:00,Lower Haight,,Presentation Mode,Application,true,,14,raise; build,AI; Finance,Demos & pitches; Hackathons & workshops,https://partiful.com/e/KhFJyUPbaUlE2riGOwqf,4
d39ac58a-17c0-40fa-a9b2-57a8331f2ed4,Founder & Fintech Executive Mixer,Founder & Fintech Executive Mixer,"An intimate, invite-only dinner bringing together fintech founders, payment executives, banking leaders, and financial infrastructure builders during SF Tech Week.",2026-10-08,2026-10-08T18:00:00-07:00,2026-10-08T20:00:00-07:00,SOMA,,Zennopay,Application,true,,14,meet,Finance,Dinners,https://partiful.com/e/qhDHi80PDdQP9mFYN8BH,1
d430487e-9281-4751-a8c3-e08332633fde,Founders Dinner by SparkLabs,Founders Dinner by SparkLabs,"Join us for a casual evening of great food, networking and storytelling.",2026-10-08,2026-10-08T18:30:00-07:00,,SOMA,,SparkLabs Group,Application,true,,132,raise; meet,AI; Finance,Dinners,https://partiful.com/e/oOzOVWzznYxuax8aXfft,4
d482f8e9-4e57-4437-ae2e-5513f6ffc335,AI Native - Hecho en Mexico,AI Native - Hecho en Mexico,"AI Native: Hecho en México es un encuentro para conversar sobre cómo fundadores, empresas y profesionales mexicanos están creando productos y negocios nativos de inteligencia artificial.",2026-10-08,2026-10-08T17:00:00-07:00,,Rincon Hill,"Consulado General de México en San Francisco, 532 Folsom St, San Francisco, CA",Lawgic,Application,true,,42,meet,AI,Networking & mixers; Panels & firesides,https://partiful.com/e/JyjvReRRpPPCCxdC0LYG,4
d666fa18-06a4-4824-af10-ef4b99f2bba2,Founders who are Pilots Dinner,Founders who are Pilots Dinner,Join other founders who are also pilots for dinner hosted on the dramatic rooftop of a Potrero Hill home.,2026-10-08,2026-10-08T18:00:00-07:00,2026-10-08T20:00:00-07:00,Potrero Hill,,Physics AI,Application,true,,35,meet,AI,Dinners,https://partiful.com/e/bqjVifIhrykxPfsfBSIm,0
d6ffe068-46fe-4db0-8a83-2c2ac2ae279a,Worldcastr Launch: Forecasting the Future of Places,Worldcastr Launch: Forecasting the Future of Places,"Expect a short product unveiling, live demonstrations, thoughtful conversation, and high-quality networking.",2026-10-08,2026-10-08T14:00:00-07:00,2026-10-08T16:00:00-07:00,FiDi (SF),,Worldcastr,Application,true,,59,raise; build; meet,AI; Finance,Networking & mixers; Demos & pitches,https://partiful.com/e/ca93KpCg91CCWOFFxSN8,0
d75cf0c9-3a73-47b9-99fd-2c6c27fa47e6,The Afterburn: An SF Tech Week Social hosted Backblaze and Flamethrower,The Afterburn: An SF Tech Week Social hosted Backblaze and Flamethrower,"Join Backblaze and Flamethrower at one of our favorite SF spots for drinks, appetizers, and an evening with founders, builders, investors, and partners who are shaping what's next.",2026-10-08,2026-10-08T18:00:00-07:00,2026-10-08T20:00:00-07:00,SOMA,"Fang, 660 Howard St, San Francisco, CA",Backblaze,Application,true,,127,raise; meet,AI; Finance,Happy hours & drinks,https://partiful.com/e/GxjwlGACpph1wEE25C2i,1
d92d7934-5079-4b60-92b4-ecaf20e04da4,AI in FinCrime Mixer hosted by Unit21 & FS Vector,AI in FinCrime Mixer hosted by Unit21 & FS Vector,Join Unit21 and FS Vector for an evening at a private piano lounge inside a historic SF FiDi building.,2026-10-08,2026-10-08T17:30:00-07:00,2026-10-08T19:30:00-07:00,FiDi (SF),"The Piano Lounge at Vault Steakhouse, 555 California Street San Francisco, CA 94104","Unit21, FS Vector",Application,true,,181,meet,AI; Finance,Networking & mixers; Happy hours & drinks,https://partiful.com/e/670gNXqcOtlmbY2bMJKk,5
dc772c8c-4207-4523-97db-85b9f0ccce9f,Content in Tech: A Happy Hour,Content in Tech: A Happy Hour,"Panel will include marketing leaders from n8n, Hubspot, Scale Venture Partners, and more to be announced soon.",2026-10-08,2026-10-08T16:00:00-07:00,,SOMA,,"Narrative Content Studio, YT Jobs",Application,true,,124,meet,Media & entertainment; GTM & sales; AI,Networking & mixers; Panels & firesides,https://partiful.com/e/kcEjPms6GbMnm4JvtMDY,1
dc8bb363-61f5-4d10-af17-df6e317f0c2f,Human-in-the-Loop Is Already Broken. Here's What Replaces It.,Human-in-the-Loop Is Already Broken. Here's What Replaces It.,"Everyone says ""keep a human in the loop."" Nobody admits that by approval #50, the human has stopped reading and started clicking.",2026-10-08,2026-10-08T10:00:00-07:00,,Virtual (SF),,Outhora AI,Application,true,,144,,AI,Panels & firesides,https://partiful.com/e/4c2y2aUEJplDJdHreuJM,1
de33638a-5d06-4420-9e06-f79958e31368,"You, the Frontier Professional","You, the Frontier Professional","You'll learn to reconsider how work should flow, redesign processes around results, decide where people and AI each add value, and question whether the software you already use still fits the work.",2026-10-08,2026-10-08T10:00:00-07:00,2026-10-08T14:00:00-07:00,FiDi (SF),"9Zero, 350 California St, San Francisco, CA","Cambermast, Base44",Application,true,,141,build; meet,AI; Media & entertainment,Coffee & breakfast; Networking & mixers; Hackathons & workshops,https://partiful.com/e/EsEFiL5fhq5DHcKNkCy2,4
df2ae945-452c-4a68-b324-374fc3cc4bf3,AI Strikes Oil II: World Models Go Downhole,AI Strikes Oil II: World Models Go Downhole,"This panel convenes investors, industry experts, and AI builders to discuss how America’s next trillion-dollar energy boom will be powered by Energy Foundation World Models.",2026-10-08,2026-10-08T18:00:00-07:00,,Jackson Square,,BriqScore,Application,true,,30,raise; meet,AI; Finance,Networking & mixers; Panels & firesides,https://partiful.com/e/fUAsA7ki7DpfbeBCw6BZ,1
e0f141e1-bfb6-401e-8141-347851f298bd,Who Owns ROI? How Product & Finance Make Better Bets in the AI Era,Who Owns ROI? How Product & Finance Make Better Bets in the AI Era,"Join us for an interactive, practical discussion at the intersection of Finance, Product, and AI, built around a real-world-inspired investment case.",2026-10-08,2026-10-08T17:00:00-07:00,2026-10-08T18:30:00-07:00,Salesforce Park,"875 Sansome St., San Francisco, CA","Sprava/Strata (we are pivoting, the website will be updated)",Application,true,,98,build; meet,AI; Finance,Networking & mixers; Hackathons & workshops,https://partiful.com/e/SCJoGF9GNLlL5ToAZ1Yy,2
e180aa3c-8dbd-48b5-a69a-a9b5aed2419f,Wings of Desire-Titan Gauntlets Demo,Wings of Desire-Titan Gauntlets Demo,"​A PREVIEW OF AN IMPOSSIBLE WORKSHOP · SF TECH WEEK · OCT 8, 3:00–5:00 PM · FRONTIER TOWER, 7TH FLOOR · FREE · CAPACITY LIMITED",2026-10-08,2026-10-08T15:00:00-07:00,2026-10-08T17:00:00-07:00,Downtown (SF),,Department of Strategic Surprise,Unknown,false,,,raise; build; meet,AI; Robotics & hardware,Networking & mixers; Panels & firesides; Demos & pitches,https://partiful.com/e/nfIQX967M5xj1Br0GOt8,3
e201a7bc-10d2-46b3-be8d-a892debe937b,Sensory Intelligence P1,Sensory Intelligence P1,The Art of Longevity: A Sensory Tasting Experience,2026-10-08,2026-10-08T15:00:00-07:00,2026-10-08T16:00:00-07:00,Chinatown,,Cristina Soltesz,Application,true,,,,,,https://partiful.com/e/6Onmeciondb2W8YyV7E1,1
e245d693-50f6-4229-b0b0-92e63a741d1b,State of Deployment,State of Deployment,"A high-signal mixer for Forward Deployed Engineers (FDEs), Implementation Specialists, Deployment Strategists, and the people who own the last mile.",2026-10-08,2026-10-08T18:00:00-07:00,2026-10-08T20:00:00-07:00,Mission Bay,,Artos,Unknown,false,,,meet,,Happy hours & drinks; Networking & mixers,https://partiful.com/e/u2MeGLa70UD76aNfUk18,0
e3b44d90-27a7-4362-9b07-6389c8af23f1,How to Scale with Agentic Teams — #SF TechWeek,How to Scale with Agentic Teams — #SF TechWeek,"The operating frameworks, hands-on: where agents actually replace coordination (and where they can't), designing workflows for delegation instead of assistance, the trust-boundary and guardrail decisions that let you put agents in front…",2026-10-08,2026-10-08T16:00:00-07:00,2026-10-08T18:00:00-07:00,Downtown (SF),,"Musa Capital, Stonebyte",Application,true,,218,build; meet,AI,Happy hours & drinks; Networking & mixers; Panels & firesides,https://partiful.com/e/HGIUDyZp7uwXEMy88tKb,1
e4316a0e-c262-481f-b889-97e486ebe2eb,"Private Event: Founders, Investors, and Researchers","Private Event: Founders, Investors, and Researchers",,2026-10-08,2026-10-08T18:00:00-07:00,,FiDi (SF),,Emergences Labs,Application,true,,,raise; meet,AI,Dinners,https://partiful.com/e/CMQBCNS7iMOwBh71bG8s,0
e4ce035e-8433-4792-b73c-4a3c99635ca2,"Faith, Tech & the Hard Stuff of Leadership lunch","Faith, Tech & the Hard Stuff of Leadership lunch","What does it look like to follow Jesus when you're leading in the fast-moving, high-pressure world of tech? How do you stay honest when the numbers pressure you not to? Where do you turn when the weight of the role is more than you can carry alone?",2026-10-08,2026-10-08T12:00:00-07:00,2026-10-08T13:30:00-07:00,FiDi (SF),,David & Mun-Wai,Unknown,false,,,meet,,Coffee & breakfast,https://partiful.com/e/krSPQuFoDbszauuCHycz,2
e66814cd-8777-438e-9eeb-d805a4df400a,RASA Closing Party,RASA Closing Party,"Thursday October 8th, RASA returns to San Francisco to host an SF Tech Week closing party where international DJs, live performances converge for a cultural reset at the nexus of sound and innovation.",2026-10-08,2026-10-08T20:00:00-07:00,2026-10-09T00:00:00-07:00,Chinatown,,RASA WORLD,Application,true,,,meet; fun,AI; Media & entertainment,Parties & raves; Happy hours & drinks; Networking & mixers,https://partiful.com/e/SZ0bnsTxAy9EDcVo26fb,2
e84f134d-4202-48a8-aa96-ae58edd54e9f,The Infrastructure AI Still Needs: Panel + Networking @ Orion VC,The Infrastructure AI Still Needs: Panel + Networking @ Orion VC,"This is a room designed for genuine conversations that can turn into long-term relationships, investments, hires, partnerships, and future companies.",2026-10-08,2026-10-08T11:30:00-07:00,2026-10-08T14:00:00-07:00,SOMA,,Orion VC,Application,true,,,raise; build; meet,AI; Finance,Networking & mixers; Panels & firesides; Happy hours & drinks,https://partiful.com/e/fIqZPsfbFIj35YIfrHbx,1
eb1357e8-0695-4a80-ad8c-20b80c4f1793,Fenwick × Databricks × a16z: Founders & Investors Happy Hour,Fenwick × Databricks × a16z: Founders & Investors Happy Hour,"Join Fenwick, Databricks, and a16z for a founders and investors happy hour during SF Tech Week.",2026-10-08,2026-10-08T16:00:00-07:00,2026-10-08T18:00:00-07:00,FiDi (SF),,"Fenwick & West , a16z and Databricks",RSVP,false,,,raise; meet,AI,Happy hours & drinks,https://partiful.com/e/cpZOouiK83s6U6J2CKjO,0
ec177d34-db07-462e-baa3-53d12e5c6baf,“State of Venture Deals”,“State of Venture Deals”,"Join us for a candid conversation on the market outlook, emerging investment trends, AI's continued impact, and the opportunities shaping the next generation of startups.",2026-10-08,2026-10-08T17:30:00-07:00,,SOMA,,DLA Piper,Application,true,,161,raise; sell; meet,AI; Finance; Health & biotech,Networking & mixers; Panels & firesides,https://partiful.com/e/huFRStCqRmb5FPihVP8s,6
ec575d7c-def7-490a-8c80-c3ea6261dd7e,The Attention Arbitrage of Generative Media,The Attention Arbitrage of Generative Media,"Join Fish Audio, Tripo, and Hellyeah for a practical conversation about building AI-native game characters from 3D assets and rigging to voice, emotion, multilingual localization, launch, and distribution.",2026-10-08,2026-10-08T14:30:00-07:00,,Other,,Hellyeah AI,Application,true,,217,meet,AI; GTM & sales,Networking & mixers; Panels & firesides,https://partiful.com/e/Wvzw6AXYBzjkeWnWEKhc,4
eceace47-c59a-47c5-82b3-0ed22660fe4f,Frequency by Bolt: A Tech Festival (ft. Chantel Jeffries),Frequency by Bolt: A Tech Festival (ft. Chantel Jeffries),"That said, this is a first-come, first-served event.",2026-10-08,2026-10-08T18:00:00-07:00,2026-10-08T22:00:00-07:00,Russian Hill,"The Melody of San Francisco, 906 Broadway, San Francisco, CA","Unicorner, Bolt.new",Application,true,,,,AI,,https://partiful.com/e/Ic0OeX0EkPFKBDs4BRwa,0
ed7cfa9c-92fb-4e71-aa79-a692c056461f,The Future of Hormone Health,The Future of Hormone Health,Join Lume Health for a pre-order launch event.,2026-10-08,2026-10-08T17:00:00-07:00,,Dogpatch,"2415 3rd St Suite 270, San Francisco, CA",Lume Health Technologies,Application,true,,175,meet,Health & biotech; Robotics & hardware,Happy hours & drinks; Panels & firesides,https://partiful.com/e/2se83Zx9GBfgIbSYMJNd,0
ef3000cf-e880-4bcb-a35f-a8f8bef5d41f,SF Tech & Aerospace Happy Hour,SF Tech & Aerospace Happy Hour,,2026-10-08,2026-10-08T17:00:00-07:00,2026-10-08T20:00:00-07:00,FiDi (SF),,CBRE,Application,true,,,raise; meet,AI; Finance,Happy hours & drinks; Panels & firesides,https://partiful.com/e/uq1eWOo1vAmeEH1Kd3ni,2
ef72e955-e11d-4790-8b28-90d769d981b2,e2vc × Point Nine European Founders Night,e2vc × Point Nine European Founders Night,"We are bringing together a small group of European founders, investors, and friends in the city.",2026-10-08,2026-10-08T19:00:00-07:00,2026-10-08T23:00:00-07:00,SOMA,,"e2vc, Point Nine",Application,true,,215,meet,AI,Happy hours & drinks; Networking & mixers,https://partiful.com/e/QUy7DwuOfmHA6LvdwuNu,3
efb35d79-985f-470c-9726-9e064535e012,Axios Live: Data Governance in the AI Era,Axios Live: Data Governance in the AI Era,Join Axios Live during #SFTechWeek for an event exploring digital sovereignty in the AI era.,2026-10-08,2026-10-08T11:30:00-07:00,2026-10-08T13:00:00-07:00,FiDi (SF),,Axios Media,RSVP,false,SoldOut,0,meet,AI,Coffee & breakfast; Networking & mixers,https://partiful.com/e/f2YatCxWj3K9EULa32fi,1
f08c1c6c-d76f-4e41-b07a-b563a4cdfea4,Serving Hospitality: OpenTable - San Francisco,Serving Hospitality: OpenTable - San Francisco,"As part of San Francisco Tech Week 2026, join OpenTable for an evening dedicated to tech leaders shaping the future of hospitality.",2026-10-08,2026-10-08T16:30:00-07:00,2026-10-08T18:30:00-07:00,FiDi (SF),,OpenTable,Application,true,,153,meet,AI,Happy hours & drinks; Networking & mixers; Panels & firesides,https://partiful.com/e/ecF8HmlSR8IeNNRHqNnq,6
f1e8c7e7-17ca-46df-a1bd-a5d4dd51d109,DEADLINE: BLIND MATCH - Speed Networking,DEADLINE: BLIND MATCH - Speed Networking,Join Deadline for a networking night built around blind matching.,2026-10-08,2026-10-08T17:00:00-07:00,2026-10-08T20:00:00-07:00,Marina,"2424 Lombard St, San Francisco, CA",Deadline,Application,true,,84,meet,GTM & sales,Networking & mixers,https://partiful.com/e/Qm8kVe4op8ufbKWBCDts,1
f3d2bbe3-2ea3-4c73-98ab-c6858c075325,Designing and leading a blended human and agentic workforce,Designing and leading a blended human and agentic workforce,A practical workshop on designing and leading a blended human + agentic workforce.,2026-10-08,2026-10-08T15:00:00-07:00,,FiDi (SF),,Surge People Partners,Application,true,,,build,AI,Hackathons & workshops,https://partiful.com/e/EBcputosD9SX4pN9iBv7,0
f4c86366-d388-4fa2-9fda-159cef5bc385,Connecting Silicon Valley VCs with International VCs Luncheon,Connecting Silicon Valley VCs with International VCs Luncheon,"By attending this event, you agree to subscribe to our email list.",2026-10-08,,,Downtown (SF),,10X Growth Strategies,Application,true,,,raise; meet,AI; Finance,Coffee & breakfast,https://partiful.com/e/LUv3X1QSihx2lxyG8ui6,1
f54d763d-dc22-41d1-b879-739d0ccca1e6,"AI/ML for Drug Discovery Social, Hosted by D. E. Shaw Research","AI/ML for Drug Discovery Social, Hosted by D. E. Shaw Research",Join us for an evening of great conversations and new connections with members of D.,2026-10-08,2026-10-08T18:00:00-07:00,2026-10-08T20:00:00-07:00,Embarcadero,,D. E. Shaw Research,Application,true,,,meet,AI,Networking & mixers,https://partiful.com/e/OHnZk2EOnODing0rq10I,1
f65e5b18-8189-4ab3-80d2-cd6f85faa725,CI/CD Talks & Drinks,CI/CD Talks & Drinks,Drinks and conversation for people who build and maintain CI/CD.,2026-10-08,2026-10-08T18:00:00-07:00,2026-10-08T19:30:00-07:00,SOMA,,Plumber,Unknown,false,,,meet,,Happy hours & drinks; Networking & mixers,https://partiful.com/e/PownOdKRk1hx12v7ZvRm,1
f8086312-08ea-448c-beb2-2846d29d4f49,👑 Pitches & Punchlines: A Drag Queen Roasts Your Pitch,👑 Pitches & Punchlines: A Drag Queen Roasts Your Pitch,"SF's iconic drag queen Elsa Touche will roast every founder live as they pitch, and Q&A follows.",2026-10-08,2026-10-08T18:30:00-07:00,2026-10-08T21:00:00-07:00,Downtown (SF),"Rikki’s, 2223 Market St, San Francisco, CA",StartOut,RSVP,false,,83,raise; build; meet,AI; Finance,Demos & pitches; Networking & mixers,https://partiful.com/e/g79jsuzJM1JIXXYOqxYC,6
f838da4a-a891-47a9-9b26-de9cdf8ff442,The Agentic AI Foundation Member Happy Hour,The Agentic AI Foundation Member Happy Hour,Join us for an invite-only happy hour for members and ambassadors of the Agentic AI Foundation.,2026-10-08,2026-10-08T16:30:00-07:00,2026-10-08T19:30:00-07:00,SOMA,,Agentic AI Foundation,Unknown,false,,,meet,AI,Happy hours & drinks,https://partiful.com/e/ZRjjOZh3GNyUeLJxVtM3,0
f842d35b-b9d9-4db5-b719-9de1c016e545,"tech is politics, politics is tech with Sway","tech is politics, politics is tech with Sway",Nowhere is tech more intertwined with politics than in SF.,2026-10-08,2026-10-08T17:30:00-07:00,2026-10-08T20:00:00-07:00,Jackson Square,"731 Sansome St, San Francisco, CA",Sway,Application,true,,100,build,AI,Hackathons & workshops,https://partiful.com/e/qoO5WEnisleqOXIOVpyj,5
f885f489-b957-4ae5-b242-788438c01eb2,International Founder Dinner,International Founder Dinner,Building across borders starts with the right people at the table.,2026-10-08,2026-10-08T18:00:00-07:00,2026-10-08T21:00:00-07:00,North Beach,,Photon and Quetta Labs,Unknown,false,,,meet,AI,Dinners,https://partiful.com/e/klBUcCUfFr2UEyBtsfVK,4
f97e7313-b4ba-47b0-ab24-944cc92ac7d3,"Members of the Editorial Staff with Corgi, MTS & Zipline","Members of the Editorial Staff with Corgi, MTS & Zipline","We killed the blog. Additionally, we relaunched the blog. The founder wants to post more. Reverse that. The founder wants to post less. Substack is the new press release. Group chats are the moat. Claude wrote the first draft. Actually we're hiring a forward-deployed growth hacke…",2026-10-08,2026-10-08T17:30:00-07:00,2026-10-08T20:00:00-07:00,Rincon Hill,,DoorDash,Unknown,false,,,meet,AI; Media & entertainment,Happy hours & drinks; Networking & mixers; Panels & firesides,https://partiful.com/e/qsJlQmcay1YvQ4efITKX,6
f9b0ef6e-db68-4cbd-aefd-5040e7cf18c4,Africa: The Next Frontier of AI Disruption,Africa: The Next Frontier of AI Disruption,Africa. 1.5 billion people. 900 million young people.,2026-10-08,2026-10-08T16:00:00-07:00,2026-10-08T18:00:00-07:00,Embarcadero,,ExoAI Technologies Inc.,Application,true,,,meet,AI; Finance,Happy hours & drinks; Networking & mixers; Panels & firesides,https://partiful.com/e/Cqo8bIC5DowJXfrpsr9V,0
fb0cd814-59ee-4047-ba2f-076e6d5fb297,🧠 Agent Memory Night: Technical Deep Dives + Mac Mini GIVEAWAY!,🧠 Agent Memory Night: Technical Deep Dives + Mac Mini GIVEAWAY!,Expect deep technical talks. No sales pitches.,2026-10-08,2026-10-08T17:00:00-07:00,2026-10-08T20:30:00-07:00,FiDi (SF),,The Multimodal Society and FalkorDB,RSVP,false,,,build; meet,AI,Networking & mixers; Panels & firesides; Hackathons & workshops,https://partiful.com/e/rJwjMXqVKMfKT0SACBoX,5
fb612116-f255-4111-b3bc-c8aceee62153,Pitch & Drink with P2S.vc 🥤,Pitch & Drink with P2S.vc 🥤,"Otherwise, just come for networking (for approved guests)",2026-10-08,2026-10-08T17:00:00-07:00,2026-10-08T21:30:00-07:00,SOMA,,Wizium,Application,true,,72,raise; build; meet,AI; Finance,Demos & pitches; Networking & mixers,https://partiful.com/e/EmqgJTOdJn8VuC4uV414,1
fbaa1b09-da0c-40dc-b030-f36dd19baee6,AI Insiders: AI × Longevity,AI Insiders: AI × Longevity,"Open to longevity, biotech and healthcare AI companies.",2026-10-08,2026-10-08T16:30:00-07:00,2026-10-08T20:30:00-07:00,FiDi (SF),,Marvelous,Application,true,,,raise; build; meet,AI; Health & biotech; Finance,Networking & mixers; Panels & firesides; Demos & pitches,https://partiful.com/e/80FA1u4YCNoncwNKjPjZ,7
fbed1d9f-357e-400e-84a3-5f3c7ed68992,Polish SV Pitch Event and Networking,Polish SV Pitch Event and Networking,Join us to hear to exciting Polish startups pitch to our expert investor panel.,2026-10-08,2026-10-08T18:00:00-07:00,2026-10-08T21:00:00-07:00,San Mateo,"28 E 3rd Ave #101, San Mateo, CA 94401",Granite Landings LLC,Application,true,,,raise; build; meet,Finance,Demos & pitches; Networking & mixers,https://partiful.com/e/6tHFU0Ir14EKBXhserar,0
fbf26663-4fff-4cce-851c-f6d6ead11756,"Building What’s Next: Startups, Teams & Careers","Building What’s Next: Startups, Teams & Careers","Designed for students, international job seekers, career changers, recently laid-off professionals, and anyone preparing for their next opportunity, this event offers practical tools, real hiring perspectives, and a supportive environment to…",2026-10-08,,,SOMA,,MirWork,Unknown,false,,,raise; build; hire; meet,AI,Demos & pitches,https://partiful.com/e/haV181BBzpTnT5xJ5Td7,2
fc094227-d2c1-4534-9aa2-1c685b63be7b,"Inside the AI factory: one tenant, three layers","Inside the AI factory: one tenant, three layers","Join leading chip developer, Aviz Networks, GMI Cloud, and vCluster Labs for an engaging panel.",2026-10-08,2026-10-08T19:00:00-07:00,2026-10-08T20:30:00-07:00,Jackson Square,,"vCluster Labs, Aviz Networks",Application,true,,115,build,AI,Panels & firesides; Hackathons & workshops,https://partiful.com/e/Ck25RGmZAiYiMCB0DHad,5
fc549512-ad98-4f02-8abf-fb4f30d5f65a,Rooftop Refresh -drinks and bites 🥂🌅,Rooftop Refresh -drinks and bites 🥂🌅,You survived Tech Week. Come celebrate accordingly. 🪩,2026-10-08,2026-10-08T17:30:00-07:00,,SOMA,,Airbyte,Unknown,false,,,meet,AI,Happy hours & drinks; Networking & mixers,https://partiful.com/e/ADmj7eEWPS3NI6IERDef,0
fc63cc44-d384-461d-9feb-2118840008ce,Untapped Ventures LP Dinner - San Francisco,Untapped Ventures LP Dinner - San Francisco,"Untapped Ventures is hosting a small, intimate dinner in San Francisco for our limited partners, prospective LPs, and a few of our portfolio founders - one evening, one table, real conversations.",2026-10-08,2026-10-08T18:00:00-07:00,2026-10-08T21:00:00-07:00,Other,,Untapped Ventures,Application,true,,3,raise; meet,AI,Dinners,https://partiful.com/e/4F9ojodOe8JkKBxL8ZQG,1
fd2709b2-1e5a-4c76-b4e3-3488c52a96a2,"The Next Big Name in Painting — Live, In a Living Room","The Next Big Name in Painting — Live, In a Living Room","Join tech leaders who also love art for an intimate salon evening inside a private Bay Area collector's home, surrounded by real work from their collection, with Tunji himself in the room.",2026-10-08,2026-10-08T18:30:00-07:00,,Haight Ashbury,"Bernal Heights, 2397 Diamond St, San Francisco, CA","Unfram_d, Gildre",Application,true,,,,AI; Media & entertainment,Panels & firesides,https://partiful.com/e/y7iHOW5IhFx5G0KpdBGm,0
fe2b8ae2-c9b0-4d29-b258-a36be99e5b5e,Agents At Work,Agents At Work,"Fieldguide builds AI agents that run real, consequential work inside audit and advisory engagements, where mistakes carry financial and compliance weight. Our VC partners fund founders building autonomous systems for high-stakes, regulated environments across enterprise, defense,…",2026-10-08,2026-10-08T15:00:00-07:00,2026-10-08T18:00:00-07:00,Downtown (SF),,Fieldguide,Unknown,false,,,build; meet,AI,Networking & mixers; Hackathons & workshops,https://partiful.com/e/2HYGVRNPmrSopnU6mUKp,0
fe387a9a-bc0f-4790-b496-456e25e165d4,Founders and Funders Rooftop Party,Founders and Funders Rooftop Party,"As this is a co-sponsored event, Morrison Foerster and Tech Week will each collect your registration data.",2026-10-08,2026-10-08T18:00:00-07:00,2026-10-08T20:30:00-07:00,Embarcadero,,Morrison Foerster,Application,true,,,meet; fun,AI; Finance,Parties & raves; Happy hours & drinks,https://partiful.com/e/D1OlvTVLh4MYpycA1ZXl,1
ffce7e5c-49a8-417f-bfdc-7a7ad06da8fd,SkyPilot AI Infra Meetup with H Company,SkyPilot AI Infra Meetup with H Company,Join SkyPilot and H Company for an evening of technical talks on AI infrastructure.,2026-10-08,2026-10-08T17:30:00-07:00,2026-10-08T20:30:00-07:00,SOMA,"DG717, 717 Market St, San Francisco, CA","SkyPilot, H Company",Application,true,,213,build; meet,AI,Happy hours & drinks; Networking & mixers; Panels & firesides; Hackathons & workshops,https://partiful.com/e/kazBr6qiMhabcqdVm4nf,1
0004b188-1234-46c6-9c38-825624189ede,Frontier Research in World Model,Frontier Research in World Model,"Expect a curated mix of frontier AI builders, researchers, investors, and developers, with short panels followed by live demos and an open networking session.",2026-10-09,2026-10-09T10:30:00-07:00,2026-10-09T16:00:00-07:00,Downtown (SF),,Tripo,Application,true,SoldOut,,build; meet,AI; Media & entertainment,Happy hours & drinks,https://partiful.com/e/FkmeaGg4Yghs1iH7etiN,12
00e476c1-4cee-42b7-9790-2ef3571b3d4b,RoboCon Physical AI Salon,RoboCon Physical AI Salon,"Join founders, robotics researchers, engineers, investors, industry partners, and frontier AI builders for a relaxed evening of drinks, robots, and conversations around the future of embodied intelligence.",2026-10-09,2026-10-09T19:00:00-07:00,,Palo Alto,,PrismaX,Application,true,,,meet,AI,Dinners; Happy hours & drinks,https://partiful.com/e/v3SFetdJTicILdEbO4um,1
0680ba12-3172-42a0-a483-b0caf33991f1,Idempotency in Hospitality Tech - Founders x Investors,Idempotency in Hospitality Tech - Founders x Investors,"Instead of formal panels or slide decks, we're keeping it casual: complimentary bites, drinks, and focused happy hour networking around system architecture, fault tolerance, and the realities of building rock-solid tech for hospitality…",2026-10-09,2026-10-09T15:00:00-07:00,,Russian Hill,,Tabmac Inc,Application,true,,90,raise; meet,Finance; AI,Happy hours & drinks,https://partiful.com/e/n36DkOnj9Ycw6JeEGoco,2
097fa24c-700e-4b9d-9285-bca7e1bf53dd,Beyond the Screen - AI Wearables Afterparty - Ondu x Eria Marina,Beyond the Screen - AI Wearables Afterparty - Ondu x Eria Marina,The screen era is over. The future of AI wearables is here.,2026-10-09,2026-10-09T16:00:00-07:00,2026-10-09T19:00:00-07:00,Marina,,Ondu.co,Unknown,false,,,meet,AI; Robotics & hardware,Happy hours & drinks; Networking & mixers,https://partiful.com/e/jd2Ihi9q3YzUzWvIT6RD,1
0e20bedf-2fbb-4673-bcf6-e6c72ebf9e6e,Hardware 101 for Software Founders,Hardware 101 for Software Founders,Everything we learned building an AI device between the Bay Area and Shenzhen,2026-10-09,2026-10-09T14:30:00-07:00,,Downtown (SF),,Waybox Inc,Application,true,,72,meet,Robotics & hardware; AI,Happy hours & drinks; Networking & mixers; Panels & firesides,https://partiful.com/e/zi74ttEhOF6WcxjlsFsm,1
145cde4f-86a5-4495-b676-afe12beca48f,House of AI — When AI Gets a Wallet,House of AI — When AI Gets a Wallet,"Join us for an evening of talks, networking, and all things AI.",2026-10-09,2026-10-09T18:00:00-07:00,,Downtown (SF),"1 Steuart Ln, San Francisco, CA",0G Labs,Application,true,,256,raise; build; meet,AI,Networking & mixers; Panels & firesides; Demos & pitches,https://partiful.com/e/yr40viIY6B70dWXv1bR8,1
1542ad74-d670-45c4-8546-62e7add901ea,The AI Said It Was Done - AI Agent Divergence Hackathon,The AI Said It Was Done - AI Agent Divergence Hackathon,The AI agent that built it reviewed its own work and declared it ready to ship.,2026-10-09,2026-10-09T17:00:00-07:00,2026-10-09T21:00:00-07:00,Downtown (SF),,"Morfa AI, Inc",Application,true,,43,build,AI,Hackathons & workshops,https://partiful.com/e/R6YZn1T4nalVJEwRxlY9,1
171221ac-166f-4167-8338-f60152108b56,Building Self-Improving AI Agents: From Loop to Deployment,Building Self-Improving AI Agents: From Loop to Deployment,#The Future of Agents: A panel discussion with academic and industry leaders on where self-improving systems are heading.,2026-10-09,2026-10-09T14:00:00-07:00,2026-10-09T16:00:00-07:00,Mission,,GRAIL,Application,true,,81,build,AI,Panels & firesides; Hackathons & workshops,https://partiful.com/e/kjGchjNe9n25GHihcHhY,2
18d52a4b-1dad-4759-aaf3-ced6fb78420d,AI Video Hackathon: Build with Qwen × Vizard Agent,AI Video Hackathon: Build with Qwen × Vizard Agent,"Join Qwen and Vizard during #SFTechWeek for a hands-on hackathon exploring new ways to create, edit, repurpose, and automate video with AI.",2026-10-09,2026-10-09T11:00:00-07:00,,Presidio Heights,,"Vizard.ai, Alibaba",Application,true,,277,build; meet,AI; Media & entertainment; GTM & sales,Hackathons & workshops,https://partiful.com/e/vNAXc4Qo8Nj45hPdKAyX,0
1c84ca2d-559a-4e81-b400-b14cfe5cb168,Geoguessr Tournament and Hang,Geoguessr Tournament and Hang,,2026-10-09,2026-10-09T19:00:00-07:00,2026-10-09T22:00:00-07:00,Downtown (SF),,Chally,Application,true,,,,,,https://partiful.com/e/0JEyNOqzPKoo2HFy9BeC,1
201f4170-2cbc-4eca-8a36-d740dfd9788a,"Founder Table: Bring One Bottleneck, Leave With Answers","Founder Table: Bring One Bottleneck, Leave With Answers","You'll hear the question you've been quietly avoiding get asked out loud to somebody else, and you get to watch how they handle it.",2026-10-09,2026-10-09T19:00:00-07:00,2026-10-09T21:30:00-07:00,Union Square (SF),"The Irish Bank, 10 Mark Ln, San Francisco, CA",Ascent Valley,RSVP,false,,92,meet,AI; Media & entertainment,Networking & mixers,https://partiful.com/e/Yv67iZezqkREHOcrJ6k9,1
2902a590-e5eb-4f86-a1cb-316971914999,Singles Only,Singles Only,"Never been this public about it, but I’m single.",2026-10-09,2026-10-09T20:00:00-07:00,2026-10-09T23:00:00-07:00,Embarcadero,"The Bank, 550 Montgomery St, San Francisco, CA",Axci Capital,Application,true,,,raise; meet,AI; Finance,Happy hours & drinks; Networking & mixers,https://partiful.com/e/9KaHnLTCtxhZhpBkXImL,1
297d7b09-ae57-4174-b84f-cabacbc04087,Samosas & Chai: IIT Alums Mixer,Samosas & Chai: IIT Alums Mixer,"Calling all IIT alums in the Bay—join us for an evening of chai, samosas, and good company.",2026-10-09,2026-10-09T15:00:00-07:00,2026-10-09T17:00:00-07:00,Rincon Hill,,NessoIQ,Application,true,,80,meet,AI,Networking & mixers; Happy hours & drinks,https://partiful.com/e/tJMpAFSzO0st1rIs0ili,2
2b1c05ed-2178-4cc1-99e5-0c417cadbf5a,Kindred Motorworks,Kindred Motorworks,"Tour the facility, get a firsthand look at our design and engineering process, experience of vehicles behind-the-wheel, and stay for a bite and a drink.",2026-10-09,2026-10-09T11:00:00-07:00,2026-10-09T13:00:00-07:00,Other,"685 Walnut Ave, Vallejo, CA",Kindred Motorworks,Application,true,,101,raise; build; meet,Robotics & hardware,Coffee & breakfast; Demos & pitches,https://partiful.com/e/27NgykYAKfD7OJYvTCpf,1
2d1f1418-f09d-49f4-9a69-914579a7e6fe,AI and BrainTech investing,AI and BrainTech investing,"Learn about the fantastic space of BrainTech, NeuroTech and how AI is advancing modern day disease treatment - Sleep disorders, Alzheimer's, Stroke, Diabetes, Pain, etc.",2026-10-09,2026-10-09T18:00:00-07:00,2026-10-09T21:00:00-07:00,Downtown (SF),,Chaanakya Capital,Application,true,,18,raise; meet,AI; Finance,Dinners,https://partiful.com/e/pM3yZ6HeyQBkQfNUQ2Zk,2
2dabea0f-d473-4b25-a3a5-d792bc2c02a2,What Should AI Remember?,What Should AI Remember?,,2026-10-09,2026-10-09T18:00:00-07:00,2026-10-09T21:00:00-07:00,Design District,"Design District, San Francisco, CA",Heritage Table,Application,true,,,build; meet,AI,Dinners; Hackathons & workshops,https://partiful.com/e/UOLficRN7jmfT6qxveSj,3
32f55b08-9c5b-4e31-8a05-58377319651d,"Capital After Hours: VIP Investor Dinner with startups,  corporate, tech professionals - #SF TechWeek","Capital After Hours: VIP Investor Dinner with startups,  corporate, tech professionals - #SF TechWeek","Enjoy VIP Investor Lounge for investors only, followed by larger networking mixer for everyone with delicious buffet dinner for deals, fund raising and partnerships.",2026-10-09,2026-10-09T16:30:00-07:00,,Palo Alto,"Note: Due to huge response, we have a new venue at  luxury office suite in San Mateo sent out one week before event., E Charleston Rd, Palo Alto, CA",Angel Launch,RSVP,false,,115,raise; meet,AI; Finance; Health & biotech,Dinners,https://partiful.com/e/ppDmXG7aw9xBqt5OWBf1,0
35a429fe-5052-4f28-ad85-1b8df708452d,"Private Fund CFO Breakfast — The AI-Enabled Fund: Reporting, Compliance & Tax Strategy (1 CPE)","Private Fund CFO Breakfast — The AI-Enabled Fund: Reporting, Compliance & Tax Strategy (1 CPE)","Designed specifically for private equity and venture capital fund managers, CFO’s and controllers, this joint event with KPMG and Suntera Fund Services delivers critical updates on AI adoption in financial reporting, compliance, and…",2026-10-09,2026-10-09T09:00:00-07:00,2026-10-09T11:00:00-07:00,SOMA,,"Suntera Fund Services, KPMG",Application,true,,,raise; meet,AI; Finance,Coffee & breakfast,https://partiful.com/e/83nmlIAvc9TDVp0V4v6A,2
365619b6-5d43-4f29-8228-d6d8cd34029a,What's the Startup Playbook for 2027? Join a lively meetup for global founders and investors.,What's the Startup Playbook for 2027? Join a lively meetup for global founders and investors.,Join us for a special evening of founders and investors discussing what’s next.,2026-10-09,2026-10-09T17:30:00-07:00,,Palo Alto,"Nordic Innovation House, 470 Ramona St, Palo Alto, CA","Bret Waters, Sand Hill Marketing",RSVP,false,,53,raise; build; meet,,Hackathons & workshops,https://partiful.com/e/D6y12zPl89ZQ8qbrCmpv,0
3cf38fec-2621-44ff-a43e-e0577e452f95,Fireside w/ Salmon Labs & Citizens for Startups,Fireside w/ Salmon Labs & Citizens for Startups,"Hosted by the USC Entrepreneurship and Venture Management Association in partnership with Troy Collective. A conversation with Kevin Liu, Co-founder and CEO of Salmon Labs, and Miles Deamer, Director of Citizens For Startups.",2026-10-09,2026-10-09T13:00:00-07:00,2026-10-09T15:00:00-07:00,FiDi (SF),,USC Entrepreneurship and Venture Management Association,Unknown,false,,,raise,AI; Finance; GTM & sales,Panels & firesides,https://partiful.com/e/RJODoOqYi9hlAC9Vq1sj,4
43491be6-328d-4ece-8ae6-e3a93a7a69fe,Tech Week Date Night - Red String OS,Tech Week Date Night - Red String OS,"Somewhere in the last five days you optimized burn, churn, and latency.",2026-10-09,2026-10-09T18:00:00-07:00,2026-10-09T20:00:00-07:00,Downtown (SF),,Red String,Application,true,,24,meet,AI; Health & biotech,Dinners; Happy hours & drinks; Networking & mixers,https://partiful.com/e/BNVNx9hquje723kH7Zlo,1
44a2ec96-9824-4b06-9fdd-ad01e195887b,a16z x Unicorner x Notion: The Official Afterparty,a16z x Unicorner x Notion: The Official Afterparty,"Join us for the official afterparty of SF Tech Week, hosted by Unicorner, a16z, and Notion.",2026-10-09,2026-10-09T20:00:00-07:00,,Lower Nob Hill,,"Unicorner, a16z",Application,true,,,raise; fun,AI; Finance,Parties & raves; Afterparties,https://partiful.com/e/B4aoD6pHjieqe40KRfl0,0
45479270-55e5-4958-a6fa-61d37d79814c,Personalizing Long-running Agents,Personalizing Long-running Agents,"The second half is a live demo: install the skills from NVIDIA's GitHub catalog with a single CLI command, then watch agents accelerate a pandas pipeline with cuDF, train a classifier with cuML, and build a nearest-neighbor index with…",2026-10-09,2026-10-09T16:00:00-07:00,2026-10-09T19:00:00-07:00,Other,"SOMO Cowork, 1500 Valley House Dr, Rohnert Park, CA","Sonoma AI, SOMO Cowork",RSVP,false,,229,raise; build; meet; fun,AI,Runs & walks; Networking & mixers; Demos & pitches; Hackathons & workshops,https://partiful.com/e/yu4jUXISkrpC9ULUvGnq,4
458eed30-b369-4a29-850b-24a5834d5698,What's the Next Interface for AI? Early-Stage AI Hardware Builder + Investor Mingle,What's the Next Interface for AI? Early-Stage AI Hardware Builder + Investor Mingle,"This is an in-person event in Mountain View, CA.",2026-10-09,2026-10-09T15:00:00-07:00,2026-10-09T17:00:00-07:00,Mountain View,,"Polipop, Circuit Launch",Application,true,,55,raise; build; meet,AI; Robotics & hardware; Finance,Happy hours & drinks; Networking & mixers,https://partiful.com/e/L3srgydRmlZR2Em3OzJg,1
482d2109-af6f-41a4-af8b-ec383b85f59d,Silicon to Scale: A Physical AI Summit,Silicon to Scale: A Physical AI Summit,"Leaders across semiconductors, AI infrastructure, and advanced manufacturing will discuss what it takes to deploy Physical AI reliably at scale—from hardware-software integration and infrastructure to enterprise adoption and global…",2026-10-09,2026-10-09T13:00:00-07:00,2026-10-09T16:00:00-07:00,Downtown (SF),,"SparkLabs Taiwan, Startup Island TAIWAN - Silicon Valley Hub",Application,true,,,raise; build; meet,AI; Robotics & hardware; Finance,Panels & firesides; Demos & pitches,https://partiful.com/e/3LUr6WRA4q7srYyJGmGO,6
489e2863-3202-487f-bee9-b599c6ab1fbf,Founder & Designer Speed Dating,Founder & Designer Speed Dating,"Join Design Meetup and Riffle for a curated, high-intent matchmaking event designed to pair top-tier Designers with Founders and their Hiring team.",2026-10-09,2026-10-09T19:00:00-07:00,,Dogpatch,,Design Meetup,Application,true,,13,,AI,,https://partiful.com/e/B8wY6jWjggnDI1y9AjDH,6
4b287f75-3d81-4a71-8203-270bec7689ff,I AM UNSEXY. AND I LIKE IT: The Passion Projects of Founders Who Build What They Love,I AM UNSEXY. AND I LIKE IT: The Passion Projects of Founders Who Build What They Love,"During a week drowning in AI, agents, SaaS and LLMs, we’re asking a different question:",2026-10-09,2026-10-09T16:00:00-07:00,2026-10-09T17:30:00-07:00,Other,,TiE Mumbai,Application,true,,32,build,,Panels & firesides,https://partiful.com/e/hEoNOFbx0vHwEtqT2T2I,1
4cd9986e-93f2-4323-a90b-390feab5c233,AI & The Future of Marketing,AI & The Future of Marketing,AI is rapidly transforming the way we approach marketing.,2026-10-09,2026-10-09T19:00:00-07:00,2026-10-09T22:00:00-07:00,Union Square (SF),,"REHATCH Inc,",Application,true,,169,sell,AI; GTM & sales; Media & entertainment,Panels & firesides,https://partiful.com/e/hLhuPMfNNfUr84toT5m5,4
4cd99e8b-4afe-4e66-b641-825943692a82,Sip & Startup with ProtoLive.xyz,Sip & Startup with ProtoLive.xyz,Be one of the first users to build something beautiful with ProtoLive.xyz.,2026-10-09,2026-10-09T16:00:00-07:00,2026-10-09T18:00:00-07:00,SOMA,"Mid-Market, San Francisco, CA",ProtoLive.xyz,RSVP,false,,41,build; meet,AI; Media & entertainment,Coffee & breakfast; Hackathons & workshops,https://partiful.com/e/5yzby81z8jHwItEt8tbU,0
4ed309bc-1b59-41f0-8068-af5cbbcc157d,EWOR Demo Day - Investors Only,EWOR Demo Day - Investors Only,We're bringing together our investor comunity for our first US-based Demo Day + happy hour.,2026-10-09,2026-10-09T15:30:00-07:00,2026-10-09T17:30:00-07:00,Jackson Square,,EWOR,Application,true,,,raise; build; meet,AI,Demos & pitches; Happy hours & drinks; Networking & mixers,https://partiful.com/e/iVRmbMz5TmTkRshMwk1m,1
505e8e41-5428-4f24-8dc4-ff0bf38bf5af,CAGR CLUB - San Francisco,CAGR CLUB - San Francisco,"Focus on Risk Presents: GAGR CLUB - Event Series: An Exclusive Networking Evening for Investors (GPs, FOs, LPs, Corp Dev, M&A)We are delighted to invite you to an exclusive, in-person event Friday, October 9th, 2026, at 5:00 PM at 1 Sansome St. , San Francisco, CA. At one of the …",2026-10-09,2026-10-09T17:00:00-07:00,2026-10-09T20:00:00-07:00,FiDi (SF),,Focus on Risk,Unknown,false,,,raise; build; meet,AI; Finance,Networking & mixers; Demos & pitches,https://partiful.com/e/zjZ6Ox5OzXQggglXJ06J,8
50d38cbb-a059-4449-9653-31a205ca14d4,Who Owns the Data? The New Diligence Checklist for AI in Healthcare,Learn what to check before backing a healthcare-AI company,For founders building AI-native healthcare & life science companies and the investors backing them.,2026-10-09,2026-10-09T14:00:00-07:00,2026-10-09T17:00:00-07:00,Salesforce Park,"Perkins Coie, 505 Howard St, Unit 1000, San Francisco, CA",Xela,Application,true,,195,,AI; Health & biotech,Panels & firesides,https://partiful.com/e/d8Mnsy9EKL8joAz8e7oi,7
51d261ee-6f09-4462-9233-844d7be05016,"Who Will Power the AI Economy? Saudi Arabia, Silicon Valley and the Race for Compute","Who Will Power the AI Economy? Saudi Arabia, Silicon Valley and the Race for Compute","Artificial intelligence is entering an infrastructure era. The next generation of AI will require not only better models, but unprecedented amounts of computing power, energy, data centers, advanced cooling, semiconductors, and capital.",2026-10-09,2026-10-09T18:00:00-07:00,,Stanford,,Saudi Arabian Association at Stanford,Application,true,,,meet,,Dinners; Networking & mixers; Panels & firesides,https://partiful.com/e/Fn20BZxgS7Vqjo4wM7So,0
55d221e9-89d3-44df-9030-692667ab68bf,Agent Economy Gala,Agent Economy Gala,"Join us for a Gatsby-inspired, black-tie evening at San Francisco’s iconic Redwood Room.",2026-10-09,2026-10-09T19:00:00-07:00,2026-10-09T22:00:00-07:00,Union Square (SF),,"Lemma, Anwar Enterprises, Maison Noir",Application,true,,184,build; meet,AI,Happy hours & drinks; Networking & mixers,https://partiful.com/e/ynm6aOPAPq4QeQlGuPOK,2
55f6bc78-6aba-4d23-bf80-1ea64e446eac,AI in Healthcare by MedPhone AI,AI in Healthcare by MedPhone AI,"Exploring AI in healthcare and connecting physicians, VCs and founders together.",2026-10-09,2026-10-09T14:00:00-07:00,,Virtual (SF),,MedPhone AI,Application,true,,150,raise; build,AI; Health & biotech,Demos & pitches,https://partiful.com/e/YVPPtPmkwNeul4X6MUdK,0
566715df-a099-4530-8649-de737d8e328f,"Japanese Government, Strategic Investors, LPs & Major Corporations × Global VCs & Startups","Japanese Government, Strategic Investors, LPs & Major Corporations × Global VCs & Startups",This event aims to serve as a bridge between the startup ecosystems of Japan and the US.,2026-10-09,2026-10-09T15:00:00-07:00,2026-10-09T18:30:00-07:00,Downtown (SF),,DG Daiwa Ventures,Application,true,,,raise; build; meet,Robotics & hardware; AI; Media & entertainment,Networking & mixers; Panels & firesides; Demos & pitches,https://partiful.com/e/KhCm90cwBquq4snndW3p,5
5668acf3-7eac-4cd7-adb6-4bd84def390a,CAD + AI SF,CAD + AI SF,"Come hang out with researchers, founders and engineers in the CAD space: 3d modeling, computer vision, computer aided manufacturing, and digital fabrication.",2026-10-09,2026-10-09T19:00:00-07:00,,Downtown (SF),TBA,CAD-ai.tech,Application,true,,72,meet,AI; Robotics & hardware,Happy hours & drinks,https://partiful.com/e/c2al3nSe5n9wJEPjaPlW,2
5a994a5f-5e1a-49f6-a51d-757758a58458,Inner Alignment: Experience Self-Trust in Navigating Complexity,Inner Alignment: Experience Self-Trust in Navigating Complexity,"In tech, we are trained to optimize: move faster, gather more data, and find the right answer.",2026-10-09,2026-10-09T14:00:00-07:00,2026-10-09T17:30:00-07:00,Presidio Heights,,Meridian Collective,Application,true,,35,build,Health & biotech,Hackathons & workshops,https://partiful.com/e/2hHxGunlTlJa6mXdzaDq,0
5d5d234f-d9c9-49e3-a375-6b4192b64122,O-1 Visa: Live Q&A + Mixer with an Immigration Attorney,O-1 Visa: Live Q&A + Mixer with an Immigration Attorney,"Join Jumpstart's immigration attorney, Chandler Carney, for an evening of real answers to your real questions. No slides, no sales pitch, just an honest conversation about your path to a US visa.",2026-10-09,2026-10-09T18:00:00-07:00,,Palo Alto,,Jumpstart Immigration,Unknown,false,,,meet,AI,Happy hours & drinks; Panels & firesides,https://partiful.com/e/Cl5J7sl3WF146xIG02Te,4
5e06a23e-7004-4464-bcb9-a5d1429894eb,"AI Paper Reading Club w/ NVIDIA, Red Hat & AlphaSignal","AI Paper Reading Club w/ NVIDIA, Red Hat & AlphaSignal","Papers go out a week ahead, so everyone walks in having read them and the discussion starts at the disagreement.",2026-10-09,2026-10-09T10:30:00-07:00,2026-10-09T12:00:00-07:00,Civic Center,,Leverage,Application,true,,105,,AI,Panels & firesides,https://partiful.com/e/dEPy0EPjr3H3ljSeovDM,1
6128a86e-87e2-493d-a724-2ceb1148e454,SF CREATORS AND MOVIE MAKERS,SF CREATORS AND MOVIE MAKERS,,2026-10-09,,,Dogpatch,,each::labs,Application,true,,,meet,AI; Media & entertainment,Happy hours & drinks; Networking & mixers,https://partiful.com/e/mnLKvJAoRzGv5J7h6cKd,2
6179eec0-9bc9-4839-812e-773e128cde9d,Oct 9- Pitch Slap Tech Comedy,Oct 9- Pitch Slap Tech Comedy,,2026-10-09,2026-10-09T19:00:00-07:00,,Mission,,Pitch Slap Comedy,RSVP,false,,106,raise,AI; Media & entertainment,Demos & pitches; Panels & firesides,https://partiful.com/e/43Cg6YqMHic6F9ElHMyX,1
630262eb-c0fc-4eaa-9780-c1e853ee87be,The Oasis @ SF Tech Week - Future of Work,The Oasis @ SF Tech Week - Future of Work,"Each one blends 'co-flow' drop-in time with curated collaborative programming: roundtable discussions, fireside chats, and mentor office hours, and seeds Flowstate Sparks, structured artifacts that keep the conversation going long after…",2026-10-09,2026-10-09T13:00:00-07:00,2026-10-09T17:00:00-07:00,FiDi (SF),,"Vibe Space, AI Collective, Flowstate",Application,true,,149,meet,AI,Networking & mixers; Panels & firesides,https://partiful.com/e/YjW4xR52BjjokXgufhWE,2
6325877a-f5ae-4598-b13e-9c41d8376209,Silicon Valley Idol,Silicon Valley Idol,Tech week is not supposed to be BORING!!!!!,2026-10-09,2026-10-09T19:00:00-07:00,,Mission,,Human Internet Project,Application,true,,,meet,AI; Media & entertainment,Networking & mixers,https://partiful.com/e/VmtG1fBNSZyZOlZeFDo7,6
6485ba6e-b2c5-43bd-b776-816d23b7961c,What does neuroscience teach about AI?,What does neuroscience teach about AI?,"Join us for a talk on how we are using neuroscience to pursue frontier AI research, alongside fireside chats with leading neuroscientists who have built AI research companies.",2026-10-09,2026-10-09T14:30:00-07:00,2026-10-09T16:30:00-07:00,SOMA,,Voaige,Application,true,,122,,AI,Panels & firesides,https://partiful.com/e/OX1KqseH1aOJijcL7u23,1
673c42fe-72bd-45c5-b00d-10c2568f9609,October Tech Rooftop Mixer,October Tech Rooftop Mixer,"This is a space where the gap between ""I have an idea"" and ""I'm building a company"" gets a lot smaller.",2026-10-09,2026-10-09T18:00:00-07:00,2026-10-09T21:00:00-07:00,South Beach,"San Francisco, San Francisco, CA","Door 3, Founder Social Club",Application,true,,,meet,,Networking & mixers,https://partiful.com/e/GPFxY2IuWM0LhU1UUgUu,2
67fb566b-912e-4e9c-982d-db9de125ee77,Bagels for Builders,Meet founders from around the world over bagels,"Join us for a casual morning of coffee, bagels, and good conversation with founders from all over the world and the GoUSA Silicon Valley 2026 cohort, a hand-picked group of Austrian startups making their mark in the Bay Area.",2026-10-09,2026-10-09T09:00:00-07:00,2026-10-09T11:00:00-07:00,SOMA,"OPEN AUSTRIA, 135 Main St, San Francisco, CA",OPEN AUSTRIA,Application,true,,192,build; sell; meet,AI; Health & biotech,Coffee & breakfast; Networking & mixers,https://partiful.com/e/DFlSnCMgV2d6A9S6yEfI,3
69825f45-8ab6-4643-aa55-ef52e49aa8f3,run 6miles @ 6am w/ verso.run,run 6miles @ 6am w/ verso.run,6 @ 6,2026-10-09,2026-10-09T06:00:00-07:00,2026-10-09T08:00:00-07:00,Dogpatch,,verso.run,Unknown,false,,,meet; fun,AI; Robotics & hardware,Networking & mixers,https://partiful.com/e/XvKEmt3ME1ALUh8AzEyd,0
6d918f11-e65a-40a7-bdd4-0c084321527e,Flex Capital Game Night,Flex Capital Game Night,"Flex is bringing together early-stage founders for board games, pizza, and good conversation.",2026-10-09,2026-10-09T15:00:00-07:00,2026-10-09T17:00:00-07:00,Dogpatch,,Flex Capital,Application,true,,29,raise; meet; fun,AI; Finance,Networking & mixers,https://partiful.com/e/qXmHuf4cdV1Qbxu9S1Tw,2
6e2948e0-e577-4f23-9639-3947f02655cc,Running on AI: Tech Week Run,Running on AI: Tech Week Run,"All paces welcome, this is a social run, not a race.",2026-10-09,2026-10-09T10:00:00-07:00,2026-10-09T13:00:00-07:00,Embarcadero,"Cupid's Span, 289 Steuart Ln, San Francisco, CA",SearchBeaute.ai,Application,true,,46,meet; fun,AI,Runs & walks,https://partiful.com/e/FAmsKY8b6nUskKd51tLl,1
70750ac4-237e-42a9-9b03-f9589abdae34,a16z speedrun AI Faire,a16z speedrun AI Faire,Meet dozens of founders and explore live demos of the AI tools they're building.,2026-10-09,2026-10-09T10:30:00-07:00,2026-10-09T17:00:00-07:00,Jackson Square,,a16z speedrun,Application,true,,,build; meet,AI; GTM & sales,Networking & mixers,https://partiful.com/e/WrF0Hv7cZLnp5fHzjYAC,0
71114bbd-fa79-4788-9f64-4cbf64ac18ff,Future of Work Hackathon: Building from the Farm @Stanford University,Future of Work Hackathon: Building from the Farm @Stanford University,"Highlights include Replit credits and swags for participating teams, hands-on support from Replit software engineers, and premium ElevenLabs plans for the winning projects.",2026-10-09,2026-10-09T16:00:00-07:00,2026-10-10T12:00:00-07:00,Stanford,"Stanford University, 450 Jane Stanford Way, Stanford, CA",Stanford GSB India Association,Application,true,,,build; meet,AI,Hackathons & workshops; Dinners; Networking & mixers,https://partiful.com/e/KQMn96XCewsPMX3AZ6p4,3
74261731-764b-4b92-acd7-58e1ad592acb,The Tech Week Flyover,The Tech Week Flyover,"Join Sentry, Neon by Databricks, and Exa at Kaiyo Rooftop for an afternoon above the city with cold drinks, good food, and front-row views of the Blue Angels over the Bay.",2026-10-09,2026-10-09T12:00:00-07:00,2026-10-09T16:00:00-07:00,SOMA,"Kaiyō Rooftop, 701 3rd St, FL 12, San Francisco, CA","Sentry, Exa.ai, Neon by Databricks",Application,true,,,meet,,Happy hours & drinks; Networking & mixers; Panels & firesides,https://partiful.com/e/yvoeWd6BJMUB12yutJLl,4
74280075-9d55-4a27-8f59-e5babb006e64,Croissants & the Real SF: A Morning Walk for People Ops,Croissants & the Real SF: A Morning Walk for People Ops,"For People Ops, the best connections at Tech Week happen away from the buzz, so let's step outside.",2026-10-09,2026-10-09T08:00:00-07:00,2026-10-09T09:30:00-07:00,Other,,Alma,Application,true,,,meet; fun,AI,Runs & walks; Coffee & breakfast; Networking & mixers,https://partiful.com/e/0nKRtTa3jTu39iljrs2K,0
756533ef-ed5b-4c0d-ae21-02df7711684a,Creating Your Minimum Viable Presence,Creating Your Minimum Viable Presence,"Minimum Viable Presence: Launch-Ready Video Assets for Founders, an SF Tech Week hands-on session hosted by Videoclaw.",2026-10-09,2026-10-09T10:00:00-07:00,2026-10-09T13:00:00-07:00,Mission Bay,,Videoclaw,Unknown,false,,,build,AI; GTM & sales,Hackathons & workshops,https://partiful.com/e/EcspC544j6gHMOVWOVJm,2
797493aa-2786-4c7b-8bf4-c4a516cd8f7b,AI Founders & Builders Poker Night,AI Founders & Builders Poker Night,"Join MongoDB, Google Cloud, Emergent & Mastra for an intimate night of poker, drinks, and high-signal conversations at Julia Morgan Ballroom.",2026-10-09,2026-10-09T18:30:00-07:00,2026-10-09T22:00:00-07:00,FiDi (SF),"Julia Morgan Ballroom, 465 California St, FL 15, San Francisco, CA","MongoDB, Emergent Labs",Application,true,,288,build; meet,AI,Happy hours & drinks; Networking & mixers,https://partiful.com/e/7uoq0lKV8IUvLD9UUupI,1
79cb6cab-ba15-4458-a385-a1d65821d431,Vibe Marketing in the Age of AI Agents — Live on Zoom,Watch AI agents build a multichannel marketing campaign live,LIVE ON ZOOM • Hands-on workshop • Link sent to confirmed guests,2026-10-09,2026-10-09T11:00:00-07:00,2026-10-09T12:00:00-07:00,Virtual (SF),,"Juliet AI, Inc.",Application,true,,146,build; sell,AI; GTM & sales,Hackathons & workshops,https://partiful.com/e/mY2Cguz4gWaBawN1L0i2,1
7a64696a-47c2-4647-ba6e-010e46adb0c6,AI Builders Summit,AI Builders Summit,"Join us during SF Tech Week for the AI Builders Summit, bringing together the people shaping the future of AI—from ambitious founders and engineers to investors, operators, and technology leaders.",2026-10-09,2026-10-09T18:00:00-07:00,2026-10-09T21:00:00-07:00,FiDi (SF),"655 Bryant St, San Francisco, CA 94107, USA",Founders Bay,Application,true,,257,raise; build; meet,AI; Finance,Panels & firesides,https://partiful.com/e/M8o8swbgQoidMEvbEgwR,8
7c1a0718-871b-4d02-a570-f3043a1a0f8c,Post Generation art opening @ TIAT,Post Generation art opening @ TIAT,"Post Generation invites three artists to turn an archive of early Veo experiments into new works spanning performance, textiles, and media art.",2026-10-09,2026-10-09T19:00:00-07:00,2026-10-09T21:00:00-07:00,Union Square (SF),,tiat,Unknown,false,,,meet,AI; Media & entertainment,Happy hours & drinks,https://partiful.com/e/zYYpAtWDAEHheLbKe7Q0,3
7c1a52ff-ed9a-4d6a-8b7e-54b6249c9c08,SF Techweek [GTM] after party 🌆,SF Techweek [GTM] after party 🌆,"The hottest tech week afterparty, bringing together GTM operators, creators, and founders, in the highest penthouse in the East Bay.",2026-10-09,2026-10-09T19:00:00-07:00,2026-10-09T23:00:00-07:00,East Bay,,Clubsocial Technologies Inc.,Application,true,,,sell; meet; fun,GTM & sales; AI,Parties & raves; Afterparties; Networking & mixers,https://partiful.com/e/iVP9SUDvaAeP8KrtoXhR,0
7cdab6e8-87dc-4a5a-b38d-d0b99eaba520,THE MONEY ROOM: What Actually Gets Funded Today,THE MONEY ROOM: What Actually Gets Funded Today,"Just investors telling you what gets a YES, what gets a NO — and why.",2026-10-09,2026-10-09T14:30:00-07:00,2026-10-09T16:00:00-07:00,Other,,TiE Mumbai,Application,true,,38,raise,AI; Finance,Panels & firesides,https://partiful.com/e/nrFwA98brLuJFib5mv5u,4
7cf4e466-8ea1-4060-875e-57abc7a96078,Robotics Founders Dinner · The Robot Contest,Robotics Founders Dinner · The Robot Contest,"​The night before the robots take the stage, we're bringing together the teams exhibiting at The SF Tech Week Robot Show, plus a small group of founders and people from the robotics ecosystem.",2026-10-09,2026-10-09T18:00:00-07:00,2026-10-09T21:00:00-07:00,SOMA,,Daidai Labs,Unknown,false,,,meet,Robotics & hardware,Dinners,https://partiful.com/e/eYyNSr4sqM7JCYZWVeHL,1
7f7dd660-9084-4f2e-b3ce-7416f635c727,A+ Mixer,A+ Mixer,"This gathering is for you if you’ve raised a round or 2, and you’re growing, you want to be around others in the same boat.",2026-10-09,2026-10-09T19:00:00-07:00,2026-10-09T21:00:00-07:00,SOMA,,Technology Founders of America,Application,true,,48,raise; meet,AI; Finance,Networking & mixers; Happy hours & drinks,https://partiful.com/e/grFJ6Qv17YgoHA7mEMyV,1
81e9135e-5790-41b4-b519-dce0e53c973f,OyBay x IsraValley Shabbat Dinner,OyBay x IsraValley Shabbat Dinner,"Long tables, candles, bread, and wine to close out Tech Week - whether you are SF-ardi or AI-shkenazi, you are welcome!",2026-10-09,2026-10-09T18:00:00-07:00,2026-10-09T21:00:00-07:00,Pacific Heights,,Leverage.work,Application,true,,89,meet,AI,Dinners,https://partiful.com/e/9dj5IM7YDlL0Bo5HSoMB,2
83daf7e9-6911-4055-81fe-c226e14e5d8b,AI Is Changing the Job. Who Are You Becoming?,AI Is Changing the Job. Who Are You Becoming?,"Join Zhennovate for an interactive reinvention salon for founders, technologists, product and engineering leaders, designers, researchers, and operators navigating AI-driven change.",2026-10-09,2026-10-09T16:00:00-07:00,2026-10-09T18:00:00-07:00,Hayes Valley,"The Commons SF, 550 Laguna St, San Francisco, CA",Zhennovate,Application,true,,4,build; hire; meet,AI,Hackathons & workshops,https://partiful.com/e/zg2J0jhN8NNwW1x4fZTd,0
84a3c981-8e08-4a58-aad7-7f420d88be46,THE SCIENCE WORKS. THE ECONOMICS DON’T.,THE SCIENCE WORKS. THE ECONOMICS DON’T.,"Join Bluezone Capital during SF Tech Week for a private conversation with founders, investors, and industry leaders exploring how deep tech innovations can fundamentally change the economics of advanced therapies—and unlock the next…",2026-10-09,2026-10-09T12:30:00-07:00,2026-10-09T14:30:00-07:00,Downtown (SF),,Bluezone Capital,Application,true,,,meet,Health & biotech,Coffee & breakfast; Panels & firesides,https://partiful.com/e/eXfeFcZd14cng8R4ZKyk,3
87d342d7-7905-4284-a9db-94b650f93a69,Pitch or NGMI: 20 Startups. 2 Minutes. One Winner.,Pitch or NGMI: 20 Startups. 2 Minutes. One Winner.,"Pitch or NGMI is a founder-first live pitch competition during SF Tech Week, built for startups applying AI to the physical world.",2026-10-09,2026-10-09T09:00:00-07:00,2026-10-09T11:30:00-07:00,SOMA,,"Boxsy, FLUIX AI, Mind the Bridge, Oppos Inc.",Application,true,,,raise; build; meet,AI; Finance,Demos & pitches; Coffee & breakfast; Networking & mixers,https://partiful.com/e/cl9Apcup1UShaavhbbmr,7
8945ddb9-466b-4279-9e5d-7263667cf97c,World Models & GPUs Coffee w/ Onyx & Bria,Compare what breaks when training and serving world models,"Teams training or serving world models on real GPUs, around one table over coffee.",2026-10-09,2026-10-09T08:30:00-07:00,2026-10-09T11:30:00-07:00,Civic Center,,"Leverage, Tesla",Application,true,,443,build; meet,AI; Robotics & hardware,Coffee & breakfast; Networking & mixers; Hackathons & workshops,https://partiful.com/e/pGty8rhaDygQofOYMovq,1
894f8034-6be3-482e-aeb2-3596cefe04f6,Builders House,Builders House,"Builders House, Tech Week SF",2026-10-09,2026-10-09T13:30:00-07:00,2026-10-09T16:30:00-07:00,Mountain View,,Buildify,Unknown,false,,,raise; build; meet,AI; Robotics & hardware,Networking & mixers; Demos & pitches,https://partiful.com/e/7BfNkX4oADI8R7Gh3RPy,1
8ab9828e-aace-4e29-bf4e-c4e97c1c94f8,rsvpmaxxing: the last RSVP of SF Tech Week 🪩,rsvpmaxxing: the last RSVP of SF Tech Week 🪩,"Time to cash out: DJ, drinks, and the people you meant to meet all week, finally in one room.",2026-10-09,2026-10-09T17:00:00-07:00,2026-10-09T21:00:00-07:00,SOMA,"C1, 620 Folsom St, San Francisco, CA","Efficient Frontier Labs, C1",Application,true,,103,meet,AI,Happy hours & drinks; Networking & mixers,https://partiful.com/e/DKJDTQfyiHkaQZyHNZsG,0
8b5672e5-5991-4e20-a4a0-b7510d000a49,How to Use AI to Build a Better Democracy,How to Use AI to Build a Better Democracy,"In this **interactive two-hour session**, we’ll explore practical ways ordinary people can use AI to become more informed, make government more transparent, organize communities, hold powerful institutions accountable, and make their voices…",2026-10-09,2026-10-09T16:30:00-07:00,,East Bay,"Sports Basement Community Room, 2727 Milvia St, Berkeley, CA",Action Labs,RSVP,false,,71,build,AI,Hackathons & workshops,https://partiful.com/e/5dj8gqFd9mKkBbfLKmX7,1
8df6a7a2-99fe-4943-9c3f-3a57b24894dd,The PULL x Macy’s Market Activation,The PULL x Macy’s Market Activation,"Join IIFW x Macy’s San Francisco for an evening where fashion, technology, innovation, and commerce collide.",2026-10-09,2026-10-09T14:00:00-07:00,2026-10-09T18:00:00-07:00,Downtown (SF),"Macy's Union Square, 170 O'Farrell St, San Francisco, CA",Introspective Innovations Fashion Week,RSVP,false,,83,raise; build,Media & entertainment,Demos & pitches,https://partiful.com/e/jAsfU6JGNW1Wul65yDb2,0
8fa982b6-233b-4147-8031-eac11e56a1fd,AI for Finance Summit 2026 SF,AI for Finance Summit 2026 SF,"No recording, no press, and conducted under the Chatham House Rule to encourage open and honest discussion among participants.",2026-10-09,2026-10-09T15:00:00-07:00,,FiDi (SF),,LinqAlpha,Application,true,,15,build; meet,AI; Finance,Networking & mixers; Panels & firesides,https://partiful.com/e/FHNMlBoBqRFhzvgpP8F1,4
901509e4-2cae-4d0a-9a51-115009024dd9,minimal tech week,minimal tech week,late night minimal tech. address drop the day before. This event is a part of #SFTechWeek—a week of events hosted by VCs and startups to bring together the tech ecosystem. Learn more at www.tech-week.com,2026-10-09,2026-10-09T23:00:00-07:00,2026-10-10T03:00:00-07:00,Other,,mxscmo,Unknown,false,,,,AI; GTM & sales,,https://partiful.com/e/KyksopfLF1L1ryXUnp32,0
94f083fb-4d70-4c8b-8288-aeafb9777f73,Waves & Breakfast w/ CodeRabbit,"Surf, cold plunge or just join CodeRabbit for breakfast on shore","Finish SF Tech Week the Bay Area way—with waves, breakfast, and good company.",2026-10-09,2026-10-09T08:00:00-07:00,,Ocean Beach,,CodeRabbit,Application,true,,,meet,AI,Coffee & breakfast; Networking & mixers,https://partiful.com/e/J618oGSk1kHzlncpKVxo,1
97d7d6ae-c8fd-4c9d-9ee9-169aa440e23a,AI x Medicine: Hackathon + Speaker Night,AI x Medicine: Hackathon + Speaker Night,"Food provided throughout, with a 45-minute networking block between the talk and the sprint so students and recent grads can form teams.",2026-10-09,2026-10-09T17:30:00-07:00,2026-10-09T22:00:00-07:00,Other,,Shravan Balaji,Application,true,,50,build; meet,AI; Health & biotech,Hackathons & workshops; Networking & mixers; Panels & firesides,https://partiful.com/e/x5xg03hJ5CsA7Pu5IhWD,3
9bbac29b-e71f-429f-a6b8-63952d29fd76,Raised & Acquired,Raised & Acquired,"There are two great outcomes for a venture backed company: going public, or being acquired.",2026-10-09,2026-10-09T12:00:00-07:00,2026-10-09T16:30:00-07:00,Mountain View,,Omnibay,Unknown,false,,115,raise,AI; Finance,Panels & firesides,https://partiful.com/e/gJMBb2pGhQTGpTvy0j1J,3
9d0f3c5b-6dd6-4b2a-941f-ceb6a1ad7e57,"Kairo Pickleball Tournament: $10,000 Giveaway","Kairo Pickleball Tournament: $10,000 Giveaway",We’ll kick things off with open pickleball games before moving into a winner-takes-all tournament.,2026-10-09,2026-10-09T18:00:00-07:00,,Union Square (SF),,Kairo,Application,true,,,meet,AI,Networking & mixers,https://partiful.com/e/kCt7uxz9ReNtOZEFQiZl,1
9dd8f3d0-4034-4722-8fbc-8f29559978f8,Production cloud on autopilot + food/drinks,Production cloud on autopilot + food/drinks,"Join Modelence (YC S25) along with the best early-stage founders in SF to level up your production cloud setup, network with founders and grab food & drinks.",2026-10-09,2026-10-09T17:00:00-07:00,2026-10-09T20:00:00-07:00,SOMA,"House of AI, 40 Boardman Pl, San Francisco, CA",Modelence,Application,true,,88,build; meet,,Happy hours & drinks; Networking & mixers; Hackathons & workshops,https://partiful.com/e/DTzNZNVopycvsHV4OGDQ,0
9f5eb3eb-0663-4bfe-8881-946c2c96c014,Ask a VP of Sales: Live GTM Office Hours for Early-Stage B2B Founders,Ask a VP of Sales: Live GTM Office Hours for Early-Stage B2B Founders,"Join Kat Rucker, Fractional VP of Sales and Marketing, for small-group office hours focused on early-stage go-to-market strategy.",2026-10-09,2026-10-09T09:00:00-07:00,2026-10-09T10:00:00-07:00,Virtual (SF),,Kat Rucker Consulting Group,Application,true,,126,build; sell,GTM & sales,Hackathons & workshops,https://partiful.com/e/jsAZimJ2j1bgyspYuioe,1
a2e89fca-9ee6-4e3e-989f-3ee6499993f5,$3k Flash Pitch Competition,$3k Flash Pitch Competition,"We've partnered with HubSpot for Startups and Forecastr to give founders a chance to do exactly that, with a $3,000 Flash Pitch Competition at San Francisco Tech Week on Friday, October 9th.",2026-10-09,2026-10-09T17:00:00-07:00,2026-10-09T20:00:00-07:00,Downtown (SF),,"Gust Labs Inc, Forecastr, Hubspot for Startups",Application,true,,233,raise; build; meet,AI; Finance,Demos & pitches,https://partiful.com/e/37Y1MBB5V7YH7yBcrOV6,2
a87bbf8e-ed3c-419c-bbb1-54b8a9b3beef,Fleet Week Rooftop Social: Mayer Brown,Fleet Week Rooftop Social: Mayer Brown,"Join us for cocktails, light bites, and front-row views of the Blue Angels during SF Tech Week at the stunning 1 Hotel San Francisco.",2026-10-09,2026-10-09T14:00:00-07:00,2026-10-09T18:00:00-07:00,Embarcadero,,Mayer Brown LLP,Application,true,,,meet,,Happy hours & drinks,https://partiful.com/e/cCFZvQqaMD3xKRGPi6We,3
a88869c2-5509-47de-b007-af890f9f9e35,Sushi & Sandbox-maxxing,Sushi & Sandbox-maxxing,SF Tech Week has no shortage of rooms where four hundred people stand around holding a drink.,2026-10-09,2026-10-09T17:00:00-07:00,2026-10-09T20:00:00-07:00,Salesforce Park,,Tenki Cloud,Application,true,,17,meet,AI,Dinners,https://partiful.com/e/BDyCKqDEuyoE103HZ1Oi,1
a9ddc40f-5261-4d50-b623-45a4bdbe38f5,Make Me Care: The 60-Second Story Slam,Make Me Care: The 60-Second Story Slam,"Then stick around for lunch, networking and one-on-one feedback from Big Valley’s storytelling experts on what landed, what didn’t — and how to make your story stronger.",2026-10-09,2026-10-09T12:00:00-07:00,2026-10-09T14:00:00-07:00,Union Square (SF),"Industrious (All Hands Room) @  77 Geary Street, 5th Floor, San Francisco  CA  94108",Big Valley Marketing,RSVP,false,LimitedAvailability,162,raise; build; meet,AI; Finance; GTM & sales,Coffee & breakfast; Demos & pitches; Hackathons & workshops,https://partiful.com/e/6mK2jtOD2ggQrsLgv7YI,5
ac1ad1ca-cc7a-4cb0-8ff4-29a2c89bd2f9,Angel Investors by the bar - #SF TechWeek,Angel Investors by the bar - #SF TechWeek,This is a gathering only for active Angel Investors and SFOs who are actively deploying capital into startups and funds.,2026-10-09,2026-10-09T18:30:00-07:00,,Palo Alto,"Dinah's Poolside Restaurant, 4261 El Camino Real, Palo Alto, CA",Winner Capital,Application,true,,21,raise; meet,AI; Finance,Happy hours & drinks,https://partiful.com/e/uyzcvwB5hMHTwEDrvXkc,1
ac8cb913-08d7-4143-a4ff-550e5b5eeb2b,Venture Vibes SF (Happy Hour Close Out),Venture Vibes SF (Happy Hour Close Out),"4PM - Panel discussion on AI infra/tokens, GTM strategies that work, culture killers, raising massive rounds, etc.",2026-10-09,2026-10-09T16:00:00-07:00,,Marina,"Rick and Roxy’s, 2131 Lombard St, San Francisco, CA",Kamp,Application,true,,,raise; meet,AI; GTM & sales,Happy hours & drinks,https://partiful.com/e/aJxFd1dzfoTqtt2lNfzr,3
ae02a927-0e79-4c11-8103-08ef8ef7d5b0,HR & PEOPLE LEADERS HAPPY HOUR. Leadership Signals,HR & PEOPLE LEADERS HAPPY HOUR. Leadership Signals,It turns the often-vague idea of executive presence into observable behaviors that are easier to recognize and discuss.,2026-10-09,2026-10-09T18:30:00-07:00,2026-10-09T20:30:00-07:00,Russian Hill,"Harmonic Brewing - Thrive City, 1 Warriors Way, San Francisco, CA",Speech & Mind,Application,true,,50,raise; meet,Media & entertainment; AI; Finance,Happy hours & drinks; Networking & mixers,https://partiful.com/e/9AaNHEZ0Ctp2KVIU1ngC,1
ae72fa07-3a87-4da8-8853-c8d47435d80d,South Asian Collective,South Asian Collective,"Whether you’re building, investing, working in tech, or exploring your next opportunity, this is a chance to connect with peers and leaders shaping the ecosystem.",2026-10-09,2026-10-09T18:30:00-07:00,2026-10-09T21:00:00-07:00,Downtown (SF),,american south asian network,Application,true,,78,meet,AI; Media & entertainment,Happy hours & drinks; Networking & mixers,https://partiful.com/e/0u4MmPWjgvwusMfixSvS,0
aef1011a-b971-4fd0-a123-c340648a0940,Building Paid Media AI In-House? Start Here.,Building Paid Media AI In-House? Start Here.,"The event focuses on the shift from traditional media buying, where humans manually operate platforms and analyze data, toward agentic media buying, where AI agents continuously analyze performance, make optimization decisions, and…",2026-10-09,2026-10-09T11:00:00-07:00,,FiDi (SF),,Adlyse,Application,true,,32,build,AI; Media & entertainment; GTM & sales,Panels & firesides; Hackathons & workshops,https://partiful.com/e/TUYQKAnQHnYejHVc2oKp,1
b0dc711b-aa28-4e99-92cd-200e4f6e4cd2,The AI Doctor Era by Lotus AI,The AI Doctor Era by Lotus AI,"Join Lotus AI for a networking night with the builders, engineers, clinicians, founders, and healthcare leaders creating the next generation of AI-powered care.",2026-10-09,2026-10-09T19:00:00-07:00,2026-10-09T22:00:00-07:00,Downtown (SF),,Lotus AI,Unknown,false,,,meet,AI; Health & biotech,Happy hours & drinks,https://partiful.com/e/GYYLMgeAgX31PA7XLwCq,0
b2389bcc-3702-4c13-8bcb-5d7d01e10b24,Ugly Talk: Founder Open Mic & Comedy,Ugly Talk: Founder Open Mic & Comedy,"This is a small, high-signal room for founders and founder-adjacent people with a sense of humor and a few scars.",2026-10-09,2026-10-09T18:00:00-07:00,,Downtown (SF),,Ugly Talk,RSVP,false,,124,meet,GTM & sales,Happy hours & drinks; Networking & mixers,https://partiful.com/e/Zc2QdFetungZZsOHD3h7,1
b2edb06d-15f6-4c7a-8d14-e5838cbeebdd,"Female Founders & Capital Allocators Lunch, hosted by Renegade & 3i Members","Female Founders & Capital Allocators Lunch, hosted by Renegade & 3i Members",3i Members and Renegade Partners are co-hosting a private lunch bringing together female founders and capital allocators during SF Tech Week.,2026-10-09,2026-10-09T12:00:00-07:00,2026-10-09T13:30:00-07:00,Jackson Square,"Renegade HQ, 570 Pacific Ave, Fl 2, San Francisco, CA 94133","3i Members, Renegade Partners",RSVP,false,,,raise; meet,AI; Finance,Coffee & breakfast; Networking & mixers,https://partiful.com/e/ROLbhXcjbtwfasbXqrU0,1
b31ee8ed-3d96-46f1-981c-2fd2bd363546,World of Tavily,World of Tavily,"You'll hear from experts pushing the space forward, meet the Tavily team, the builders using our technology, and the people helping shape what comes next.",2026-10-09,2026-10-09T12:00:00-07:00,2026-10-09T14:30:00-07:00,Other,"Venue in Mission District, Mission District, San Francisco, CA",Tavily,Application,true,,,meet,AI,Networking & mixers,https://partiful.com/e/4mN6cqkMvQg6I4ZiiVGQ,7
b57e9a61-f9a9-43d1-9e96-e4baa630a4c0,The After Close - Speakeasy,The After Close - Speakeasy,The books are closed. Tech Week is wrapping up. The bar is open with a password!,2026-10-09,2026-10-09T16:00:00-07:00,2026-10-09T19:00:00-07:00,Dogpatch,,"Deel , Rillet and Corgi Insur",Application,true,,,meet,AI; Finance,Happy hours & drinks; Networking & mixers,https://partiful.com/e/MNgD0Ir4CmpbvFRZ62VX,3
b9167f1e-d057-4305-8ae6-d08afe2b414f,IBM Sports Tech Startup Challenge Showcase co-hosted with a16z Speedrun,IBM Sports Tech Startup Challenge Showcase co-hosted with a16z Speedrun,Join IBM and a16z Speedrun for a first-of-its-kind startup pitch session on the latest and greatest in sports technology.,2026-10-09,2026-10-09T09:00:00-07:00,,Downtown (SF),,"IBM, a16z Speedrun",Application,true,,245,raise; build,AI; Finance; Media & entertainment,Demos & pitches,https://partiful.com/e/QZh9lyv8awyY0k32mYHq,4
bb137056-6c28-4010-9b8f-f0379b7ecaa9,Creator Gold LIVE,Creator Gold LIVE,"Whether you're building a creator-led company, turning an audience into a thriving business, investing in the creator economy, leading creator strategy for a brand, or developing technology for creators, this is a room designed to help…",2026-10-09,2026-10-09T11:00:00-07:00,2026-10-09T16:00:00-07:00,FiDi (SF),,Creator Gold,Application,true,,,meet,Media & entertainment; AI,Networking & mixers; Panels & firesides,https://partiful.com/e/5Kc3kr5FIBexPw0QFkiE,1
bba8cee8-fe1b-4009-991d-5e4461cfb57e,CoreWeave Forge: Live Blacksmithing,CoreWeave Forge: Live Blacksmithing,"The Crucible is bringing two blacksmiths, a real anvil, and live demonstrations running in short drop-in sessions throughout the day.",2026-10-09,2026-10-09T13:00:00-07:00,,Mission,,CoreWeave,Application,true,,168,,AI,,https://partiful.com/e/RqWSbc0B7ZyB4xSqHDVE,0
bd474c2f-371f-4e6e-9742-f2d9b6439071,Accountability That Actually Works: A Playbook for First-Time Founders,Accountability That Actually Works: A Playbook for First-Time Founders,Join us to build a system of accountability — not just theory.,2026-10-09,2026-10-09T12:00:00-07:00,2026-10-09T14:00:00-07:00,FiDi (SF),RSVP to see the full location,Mucker Capital,Application,true,,123,build,AI,Panels & firesides; Hackathons & workshops,https://partiful.com/e/YG4MCxLrq5A6VcaEdhfQ,3
bfce04ce-34d8-43ca-b868-43f3e839c3f9,Rooftop Happy Hour w/AfterQuery,Rooftop Happy Hour w/AfterQuery,Close out SF Tech Week with AfterQuery 🍸,2026-10-09,2026-10-09T18:30:00-07:00,2026-10-09T21:30:00-07:00,Union Square (SF),,AfterQuery,Unknown,false,,,meet,AI,Happy hours & drinks,https://partiful.com/e/3TzWTlybVTCzxDpgPLvD,1
c03c4873-8ca9-429f-bb49-d0a98a5d77d7,Surf Meetup for Founders and Investors with Forgepoint Capital and Ashurst Perkins Coie,Surf Meetup for Founders and Investors with Forgepoint Capital and Ashurst Perkins Coie,"☕️ After our session, we'll have breakfast burritos and coffee to warm up on the beach with plenty of good vibes.",2026-10-09,2026-10-09T07:30:00-07:00,,Ocean Beach,,Ashurst Perkins Coie,Application,true,,54,raise; meet,AI; Finance,Coffee & breakfast; Networking & mixers,https://partiful.com/e/KgOCzb8B31LExsRqozKw,0
c082d2c6-dafa-4b68-94f1-760e3e59f03f,Hands-on workshop: build your first MCP app.,Hands-on workshop: build your first MCP app.,SF Tech Week is full of founders talking about what they'll build.,2026-10-09,2026-10-09T10:00:00-07:00,2026-10-09T11:30:00-07:00,Downtown (SF),"SoMa Loft, 440 9th St, San Francisco, CA",Myop,Application,true,,,build; meet,AI,Hackathons & workshops; Coffee & breakfast,https://partiful.com/e/4qI4O5CY95jFIbmzu9Cb,1
c255d7ee-a796-4e64-9a29-f7d50eec80f1,GTM Engineering + Whisky & Cigars,GTM Engineering + Whisky & Cigars,Afternoon of open conversations over a whisky and a cigar; no pitches or demos to unwind after a packed week.,2026-10-09,2026-10-09T15:00:00-07:00,2026-10-09T17:00:00-07:00,North Beach,,The GTM Engineering Company,Unknown,false,,,sell; meet,GTM & sales,Happy hours & drinks; Networking & mixers,https://partiful.com/e/MgENTBP22BjvLiDZuAnQ,1
c4d9eac8-bc38-4290-863b-0aba84c5891b,Walk the Patient Journey,Walk the Patient Journey,"A morning walk for people rethinking healthcare from the patient's perspective.
Before SF Tech Week gets busy, let's take a morning to step away from the panels and pitches and talk about something that often gets lost in healthcare innovation:",2026-10-09,2026-10-09T08:00:00-07:00,2026-10-09T09:30:00-07:00,Embarcadero,,BuildForward,Unknown,false,,,meet; fun,Health & biotech,Networking & mixers,https://partiful.com/e/ME2In9ivaqonZer9taMv,0
c5753cdb-ec8d-4b47-91b9-31a056f9bbf2,The Science of Speed | Tech Week Meets Fleet Week,The Science of Speed | Tech Week Meets Fleet Week,"Join Together AI, DTCP and NVIDIA front row to watch the Fleet Week Blue Angels air show and aerial performances over the bay.",2026-10-09,2026-10-09T11:00:00-07:00,2026-10-09T16:00:00-07:00,Marina,"Chalet at Marina Green, 200 Marina Blvd, San Francisco, CA",Together AI,Application,true,,,meet,AI,Coffee & breakfast; Happy hours & drinks,https://partiful.com/e/JddSOGkpUobJd3MxVzaV,7
c6bfb9cf-14a2-4b86-bf55-97d18261a35a,From Agents to Production — Founder Exchange & After Hours,From Agents to Production — Founder Exchange & After Hours,,2026-10-09,,,Palo Alto,,FounderCoHo Community,Unknown,false,,,build,AI; GTM & sales,Panels & firesides,https://partiful.com/e/tqX7BGeGKHpIg005UD85,2
c99c0923-0a38-4fd5-b91c-7ebc1cca5775,"ESE’s First Birthday, Rooftop party Founders x Investors #SF TechWeek","ESE’s First Birthday, Rooftop party Founders x Investors #SF TechWeek","To join the more than 300K entrepreneurs that trust Mercury, visit mercury.com.",2026-10-09,2026-10-09T18:30:00-07:00,2026-10-09T23:45:00-07:00,SOMA,,European Startup Embassy,Application,true,,333,raise; meet; fun,AI; Finance,Parties & raves; Happy hours & drinks; Networking & mixers,https://partiful.com/e/1NQbTztlfECerMbzBKtt,4
ca15d44a-656d-46ed-8505-9b49c967a57e,Inception Studio - The Founder Game ARG,Inception Studio - The Founder Game ARG,Come join us for the world's first AI Alternate Reality Game where you take on the role of a budding founder building your very first billion dollar business.,2026-10-09,2026-10-09T11:00:00-07:00,2026-10-09T15:00:00-07:00,SOMA,,Inception Studio,Application,true,,61,build; fun,AI,Hackathons & workshops,https://partiful.com/e/poTDlXo6PaktFWmEVY78,3
caa82197-005d-4147-8805-0d1191155d29,"Women in AI Coffee, Breakfast, & Fireside Chat",Meet women in AI over breakfast and a fireside chat,"Join us for a high-energy morning of coffee, conversation, and community.",2026-10-09,2026-10-09T09:00:00-07:00,2026-10-09T13:00:00-07:00,Mission Bay,"Mission Rock, Mission Rock, San Francisco, CA",InstaLILY AI,Application,true,,,meet,AI,Coffee & breakfast; Panels & firesides,https://partiful.com/e/2tl2aKE6bS8D5L1ZRyAX,2
ccab76c7-0dba-4288-b9f5-0269e2d62b4c,Product Leader Dinner,Product Leader Dinner,"Join Eric Boduch, CEO of Define and past co-founder of Pendo and Dan Olsen, author of Lean Product Playbook for an exclusive dinner with other chief product officers.",2026-10-09,2026-10-09T18:00:00-07:00,2026-10-09T20:00:00-07:00,Pacific Heights,,Define,Application,true,,5,meet,AI,Dinners,https://partiful.com/e/jXYPKkGUv6LCo0EtvGiM,2
ccdbe8f6-2e67-490a-a54e-0029cfa31aa4,The New Business Stack: Blockchain x AI,The New Business Stack: Blockchain x AI,Welcome to the Team1 x S F Tech Week | The New Business Stack: Blockchain × AI,2026-10-09,2026-10-09T14:00:00-07:00,2026-10-09T17:00:00-07:00,SOMA,,Avalanche Team1,Unknown,false,,,meet,AI,Networking & mixers; Panels & firesides,https://partiful.com/e/QgGG8daEy11iCIU7THI8,1
cd3de917-79a0-48b3-bd1b-19ebc3d5ba95,AI Agents After Hours: Tech Leaders Mixer,AI Agents After Hours: Tech Leaders Mixer,"Join founders, engineers, researchers, security professionals and investors for an evening of keynotes, panel discussions and networking exploring what it takes to build AI people can rely on.",2026-10-09,2026-10-09T17:30:00-07:00,2026-10-09T20:30:00-07:00,Downtown (SF),"San Francisco, San Francisco, CA",pop pop tech,Application,true,,112,raise; build; meet,AI,Panels & firesides; Demos & pitches,https://partiful.com/e/fydKEQfpntZAzzQtbN85,6
cd838c1f-f568-4044-9e90-f664999b8c18,Pitch Decks That Raise Money,Pitch Decks That Raise Money,"Join Matt Gore, Founder of OPTIO, for a practical breakdown of how to build a pitch deck that gets investors' attention and moves fundraising conversations forward.",2026-10-09,2026-10-09T10:00:00-07:00,2026-10-09T12:00:00-07:00,FiDi (SF),RSVP to see the full location,Mucker Capital,Application,true,,308,raise; build,AI; Finance,Demos & pitches; Panels & firesides; Hackathons & workshops,https://partiful.com/e/OI60Kbx93bYOxTJlG1QB,3
cf73188f-8014-46d2-a600-21635dd6b092,Flex VC Dinner,Flex VC Dinner,"A private dinner designed for General Partners, venture investors, and exceptional ecosystem leaders, hosted by Flex.",2026-10-09,2026-10-09T18:00:00-07:00,,Downtown (SF),,Flex,Application,true,,,raise; meet,AI; Finance,Dinners,https://partiful.com/e/8BF13i45QUWpLg2CbmZr,1
d20a9385-0eb9-4afb-8d1e-1d58b05ea021,How does AI change product management?,Discuss how AI changes the product manager’s job,"Join Dan Olsen, author of Lean Product Playbook and Eric Boduch, CEO of Define and past founder of Pendo, and a special guest as they discuss how AI has impact product management.",2026-10-09,2026-10-09T14:00:00-07:00,2026-10-09T16:00:00-07:00,Downtown (SF),,Define,Application,true,,106,meet,AI,Panels & firesides,https://partiful.com/e/mrcsL5ranJVvkeNhrtVM,2
d2c8899e-a59b-46f2-b835-260f48761fcf,Pickleball & Breakfast for Physical AI,Play pickleball and meet physical-AI builders over breakfast,"Pickleball and breakfast for the people building the physical economy—construction, real estate, data centers, energy, and robotics.",2026-10-09,2026-10-09T09:00:00-07:00,2026-10-09T11:00:00-07:00,Unknown,,DivcoWest Ventures,Application,true,,,meet,AI; Robotics & hardware,Coffee & breakfast,https://partiful.com/e/zKFIbA2jbGAfoL3eGLwd,5
d2e74a41-bf90-4c62-8b0f-f74da40512de,SF AI Summit — The Infrastructure Era,SF AI Summit — The Infrastructure Era,Keynotes · Fireside Chats · Panels · Startup Pitch Competition · Networking · VIP Dinner,2026-10-09,2026-10-09T09:00:00-07:00,2026-10-09T21:00:00-07:00,Downtown (SF),"W Hotel San Francisco, 181 3rd St, San Francisco, CA",B.E.L.L.E,Application,true,,,raise; build; meet,AI; Finance,Dinners; Panels & firesides; Demos & pitches,https://partiful.com/e/Jj9mUaOuc7vqK1IiWaWt,3
d3b93907-49cd-4654-bdf4-690e973481fb,"The Golden Hour: LPs, GPs and Family Offices Gathering","The Golden Hour: LPs, GPs and Family Offices Gathering","The Golden Hour will convene a carefully curated group of established GPs, sophisticated LPs, family office principals, asset managers, and private-market leaders for an intimate evening high above San Francisco at Salesforce Tower.",2026-10-09,2026-10-09T17:00:00-07:00,2026-10-09T21:00:00-07:00,Downtown (SF),,Golden Bay Ventures,Application,true,,153,raise; meet,AI; Finance,Happy hours & drinks,https://partiful.com/e/gCqZJLbMSZsmObtKEo0S,1
d4d3a22b-36d3-4808-874e-65498bf84454,Murder Mystery  - #SF TechWeek,Murder Mystery  - #SF TechWeek,What to expect: drinks · murder · questionable alibis · people worth meeting,2026-10-09,2026-10-09T19:00:00-07:00,,Downtown (SF),,Qualia AI,Application,true,,,meet,AI; Media & entertainment,Dinners; Networking & mixers,https://partiful.com/e/q51jPJ7alAzfsk4FGw7R,1
d65834ac-0c56-4895-ba28-165478884e21,SF Tech Week Tennis with Goodwin,SF Tech Week Tennis with Goodwin,Goodwin tech partners Andrew Sparks and Brian McPeake are hosting a fun and casual morning of tennis and networking during SF Tech Week.,2026-10-09,2026-10-09T09:00:00-07:00,2026-10-09T11:00:00-07:00,Golden Gate Park,"Goldman Tennis Center, 50 Bowling Green Dr, San Francisco, CA",Goodwin,Application,true,,38,meet,,Networking & mixers,https://partiful.com/e/7MMfcCBeVQ1Ky9dfPljt,4
d8739005-3eac-4f33-84b0-1eb1a4265e1e,Private Evening for Series A+ Founders,Private Evening for Series A+ Founders,Madweek curates your perfect TechWeek in 30 seconds — free.,2026-10-09,2026-10-09T17:00:00-07:00,2026-10-09T19:00:00-07:00,Union Square (SF),"Starlite, 450 Powell St, FL 21, San Francisco, CA","Madeline & Co., Lingopal, Numix, XTrace",Application,true,,,raise; meet,AI; Finance,Happy hours & drinks,https://partiful.com/e/MjYo7Z8vhcJfQHFEnZL0,2
d8b85fe8-fa05-412e-89d7-6a43e2107ad2,Durable execution needs a face: human-in-the-loop for AI agents,See how to add human approvals to long-running AI agents,"Architecture, the signal/timer plumbing, and a live demo, including what broke.",2026-10-09,2026-10-09T18:00:00-07:00,,Downtown (SF),,Workflow Builder,Application,true,,81,build; meet,AI,Networking & mixers; Panels & firesides,https://partiful.com/e/yvSUWBu9i3qLK5I5GsDX,2
da41d4c4-5b94-4f78-aab3-cff59948f430,Consumer Founder Michelin Dinner,Consumer Founder Michelin Dinner,join Photon for a dinner gathering of founders building the next generation of consumer apps.,2026-10-09,2026-10-09T19:00:00-07:00,2026-10-09T22:00:00-07:00,Downtown (SF),,Photon,Application,true,,,meet,AI,Dinners,https://partiful.com/e/4m8UH5no1RazI7NPeXju,1
db0ae95b-01d5-464e-ae83-00ec2df5bb47,Financial Model Teardown,Financial Model Teardown,Two brave founders are about to have their financial model taken apart in front of a room full of people.,2026-10-09,2026-10-09T14:30:00-07:00,2026-10-09T16:00:00-07:00,Pacific Heights,,"Gust Labs Inc, Forecastr",Application,true,,138,raise; build; meet,Finance; AI; GTM & sales,Happy hours & drinks; Panels & firesides; Hackathons & workshops,https://partiful.com/e/i9BpiQKOXnxXEezmdh7Z,5
dea594bd-19e1-4d98-a821-f310bec4dcb2,OOO — The Techno Sound,OOO — The Techno Sound,,2026-10-09,2026-10-09T21:00:00-07:00,2026-10-10T02:00:00-07:00,Mission Bay,,"Hellyeah AI, Eragon",Application,true,,,meet; fun,GTM & sales,Parties & raves; Afterparties; Happy hours & drinks; Networking & mixers,https://partiful.com/e/UVJ5gVaeo5EfF29j2hs2,8
dfc3e181-afeb-4805-82c0-5291496ce4c8,COFFEE + CONNECT: Intentional Mixer for Founders & Investors,"Hear Dave Garland’s fireside chat, then meet founders over coffee",COFFEE + CONNECT is an intentional networking event for founders and investors who want real conversations + connections.,2026-10-09,2026-10-09T08:30:00-07:00,2026-10-09T10:30:00-07:00,Downtown (SF),"Mindspace Market Street, 575 Market St, San Francisco, CA",Somarae,Application,true,,354,raise; meet,AI; Finance,Coffee & breakfast; Networking & mixers,https://partiful.com/e/BAqQrn6jhvh4zQ6Odr0J,5
e088f1e5-33c0-433e-9dea-8089bb3f49e5,The Happy Padel🎾,The Happy Padel🎾,Give your Garmin something to brag about for once!,2026-10-09,2026-10-09T17:00:00-07:00,2026-10-09T20:00:00-07:00,Dogpatch,,HappyRobot,Application,true,,22,,AI,,https://partiful.com/e/Q0gz7HnLW8EAfZfYgzWP,2
e150326f-a317-4467-a8fe-0b9b94479064,Build a Marketplace in 3 Hours - A Hands-On  Lab,Build a Marketplace in 3 Hours - A Hands-On  Lab,Join Exonome for a hands-on SF Tech Week Marketplace Launch Lab.,2026-10-09,2026-10-09T13:00:00-07:00,2026-10-09T16:00:00-07:00,Chinatown,,Exonome,Application,true,,50,build,Media & entertainment,Hackathons & workshops,https://partiful.com/e/8EFNmcADF1WvLKrEt6ML,1
e38ed20a-c2da-49e9-a998-d885d11f734a,🌍🔥 African Diaspora Mixer,🌍🔥 African Diaspora Mixer,"An evening for the African diaspora to connect - no pitches, no panels, just good food, good afrobeats, and great people. Whether you're a founder, an investor, an ecosystem builder, or simply part of the community - this one's for you.",2026-10-09,2026-10-09T17:30:00-07:00,2026-10-09T21:00:00-07:00,Telegraph Hill,,Venture Bridge Hub,Unknown,false,,,raise; meet,AI; Finance,Networking & mixers,https://partiful.com/e/c8gGemZJ8QGrL5FAaYfH,0
e6c556e9-9355-4afb-9620-e863561c29b9,Marketing Plan for Tech Startups 26/27 Edition - Book Launch,Marketing Plan for Tech Startups 26/27 Edition - Book Launch,"Getting people to come celebrate with us, drink bubbles, and talk tech should be easy.",2026-10-09,2026-10-09T16:00:00-07:00,,SOMA,,TechSurprises LLC,RSVP,false,,121,sell; meet,GTM & sales,Happy hours & drinks,https://partiful.com/e/XNYzr5d6mPJc5HLbukzM,2
e8197f52-dc5d-4ce1-951d-29c8c487455b,EPIC Connector Afterparty — SF Tech Week Closing Night,EPIC Connector Afterparty — SF Tech Week Closing Night,"For founders, it’s a chance to show your work and discuss what comes next.",2026-10-09,2026-10-09T15:00:00-07:00,2026-10-09T17:00:00-07:00,San Mateo,"Frontier Tower, 995 Market St, San Francisco, CA",EPIC Connector Pte. Ltd.,Application,true,,,meet; fun,AI; Robotics & hardware,Parties & raves; Afterparties; Networking & mixers,https://partiful.com/e/lXcmIFSWSvc6kyScP0OJ,2
e8381001-4588-4fd2-9c2d-2d09a0840fc0,"Intelligence on the Network | with Personal AI, NVIDIA, AT&T, Cisco, and Rafay","Intelligence on the Network | with Personal AI, NVIDIA, AT&T, Cisco, and Rafay","Join Personal AI for an exclusive Tech Week gathering exploring the future of AI, delivered on the network's edge.",2026-10-09,2026-10-09T11:00:00-07:00,2026-10-09T13:00:00-07:00,SOMA,,Personal AI,Unknown,false,,,meet,AI,Coffee & breakfast; Panels & firesides,https://partiful.com/e/ICkfIXl9mcGwCuFxTJO2,6
e9b63ece-352b-435e-8424-ad0608f79eff,"Your AE is failing, but the hire isn't the Problem. It's the Handoff. #SF TechWeek","Your AE is failing, but the hire isn't the Problem. It's the Handoff. #SF TechWeek",,2026-10-09,,,Virtual (SF),,DragonflyAI,Application,true,,,hire,AI,Panels & firesides,https://partiful.com/e/geEmQwcfB157ZRC4QsUx,0
e9ff49b8-3478-4889-a567-ead605b000b6,Jeffersonian Salon for Investors,Jeffersonian Salon for Investors,The opposite of small talk and the 300-person mixer noise.,2026-10-09,2026-10-09T17:00:00-07:00,2026-10-09T19:00:00-07:00,Downtown (SF),,Rooms,Unknown,false,,,raise; build; meet,AI; Finance,Dinners; Happy hours & drinks; Hackathons & workshops,https://partiful.com/e/zH8IjJZf5YINKcyPLNMR,0
eeac8689-858a-414c-93bf-515a1b2ba02f,Deel x Rod Wave: Founders' Celebration w/ Deel & AWS,Deel x Rod Wave: Founders' Celebration w/ Deel & AWS,,2026-10-09,2026-10-09T18:00:00-07:00,,SOMA,,Deel,Application,true,,,raise; meet,AI; Finance,Happy hours & drinks; Networking & mixers,https://partiful.com/e/IPTJfiILpYHY9pmVH28P,1
ef044e34-f669-4136-88ed-2b165ea8801f,Cofounder Speed Dating,Cofounder Speed Dating,Worst case you had 8 good conversations instead of standing in a corner nursing a warm seltzer at another networking event that went nowhere.,2026-10-09,2026-10-09T19:00:00-07:00,,SOMA,,Cipher,Application,true,,188,hire; meet,,Networking & mixers,https://partiful.com/e/BOVQL1dm6XQBzI2qAaDW,1
f070353e-4569-4cfe-a1a1-3f61f61b49a2,Salsa Night,Salsa Night,"Join us for an evening of networking, tapas, and rhythm during SF Tech Week! Coinciding with Hispanic Heritage Month, we're bringing some salsa and dancing to the SF Tech Week schedule.",2026-10-09,2026-10-09T18:00:00-07:00,2026-10-09T21:00:00-07:00,North Beach,,Nearshore and SVB,Application,true,,,raise; meet,AI; Finance,Happy hours & drinks; Networking & mixers,https://partiful.com/e/GVhY6V6PWflIAfPlJyRa,4
f29f7a35-02ec-46dc-bd74-25057fee4209,Angel Investors Coffee & Breakfast,Compare deal flow and co-investing ideas with fellow angels,"Investors Coffee & Breakfast is a casual gathering for Angel Investors, SFOs, and active investors who are deploying capital across startups and funds.",2026-10-09,2026-10-09T08:30:00-07:00,,Palo Alto,"Coffeebar Menlo Park, 1149 Chestnut St, Menlo Park, CA",Winner Capital,Application,true,,25,raise; sell; meet,AI; Finance,Coffee & breakfast; Networking & mixers,https://partiful.com/e/3kMgFy9SKY2zplpLM6pv,1
f2c49b98-2d6a-4b2e-aad8-67e9f7aabb00,"Be honest. You're not really doing evals, are you?","Be honest. You're not really doing evals, are you?","This is a technical evening - built for the platform engineers, AI engineers and tech leads who are running agents against real production traffic.",2026-10-09,2026-10-09T11:00:00-07:00,,Mission,,ZenML GmbH,Application,true,,,meet,AI,Coffee & breakfast; Networking & mixers; Panels & firesides,https://partiful.com/e/MIicrYpiWuanNRyGiiTH,2
f2f44433-a204-4e98-a346-8cd17a7b97b6,Cyberdefense Hackathon,Cyberdefense Hackathon,"As AI gets more capable, so do the threats.",2026-10-09,2026-10-09T09:30:00-07:00,2026-10-09T19:30:00-07:00,FiDi (SF),,tokens&,Unknown,false,,,build,AI,Hackathons & workshops,https://partiful.com/e/Np4oGraOAdod2mjcSfyN,0
f3001112-0930-4a97-800d-41ca0b9b8d1b,Qualified Purchaser AI Debriefing Coffee 📈🔒,Join an AI debrief over coffee for qualified purchasers,"Join an intimate, closed-door morning coffee debriefing curated for Qualified Purchasers.",2026-10-09,2026-10-09T10:00:00-07:00,2026-10-09T12:00:00-07:00,Downtown (SF),"Financial District, San Francisco, CA","Equity X Investments, LLC",Application,true,,,raise; meet,AI; Finance,Coffee & breakfast; Networking & mixers,https://partiful.com/e/fZpPmWFR5NB4rCOY0qhr,1
f4cf4c48-4ea4-4754-bb3e-46a7c6373d8c,SF AWS User Group - Community Demo & Sushi 🍣,SF AWS User Group - Community Demo & Sushi 🍣,"Join the SF AWS User Group for an evening of community demos, and sushi! 🍣",2026-10-09,2026-10-09T17:30:00-07:00,,FiDi (SF),,AWS,Unknown,false,,,meet,AI,Networking & mixers,https://partiful.com/e/IrdnzxynJxAypndl71yG,1
f640c09e-68cc-4afc-81a6-a4433c662765,Women in Tech Coffee & Breakfast Networking! - Hosted by Spring Fertility,Discuss career and family-building with women in tech over breakfast,"You’ll hear first-hand from Spring Fertility’s Fertility Specialist, Dr.",2026-10-09,2026-10-09T09:00:00-07:00,2026-10-09T11:00:00-07:00,Mission,,Spring Fertility,Application,true,,107,meet,Health & biotech,Coffee & breakfast; Networking & mixers,https://partiful.com/e/YzF3eqGZxQwwBoYxQudr,2
f6d29159-ded6-4e9c-afc6-985d28c0ddfa,Vault Fashion X Tech Launch 💻🪩,Vault Fashion X Tech Launch 💻🪩,"Join us during SF Tech Week for the launch of Vault, a fashiontech platform reimagining how we discover, share, and access fashion through our communities.",2026-10-09,2026-10-09T19:00:00-07:00,2026-10-09T22:00:00-07:00,East Bay,,Vault,Application,true,,13,raise; build; meet,Media & entertainment,Happy hours & drinks; Panels & firesides; Demos & pitches,https://partiful.com/e/eMUeJOYEoOtITOYuxI37,1
f753d6d6-54b6-48b3-88a5-34a017d84e72,Women X Foundation: Women Shaping The Next Wave of AI,Women X Foundation: Women Shaping The Next Wave of AI,This panel brings together founders from leading and emerging startups alongside senior leaders across the technology industry to discuss what they are seeing from inside the ecosystem.,2026-10-09,2026-10-09T15:00:00-07:00,2026-10-09T18:00:00-07:00,Downtown (SF),"San Francisco, CA (venue TBA)",Women X Foundation,Application,true,,193,raise; build; meet,AI,Networking & mixers; Panels & firesides; Demos & pitches,https://partiful.com/e/GznQNq9VxgOYmDSnEbBZ,0
f788596d-7b82-4225-97e6-112843f3b410,"Pixels After Dark: Art, Music & Computer Use Agents","Pixels After Dark: Art, Music & Computer Use Agents","Join Simular for an evening bringing together former OpenAI talent, leading AI researchers, founders, and investors to discuss where computer-use agents are heading—and what breakthroughs still stand between today’s agents and truly…",2026-10-09,2026-10-09T17:00:00-07:00,,Downtown (SF),,SIMULAR,Application,true,,,build,AI,Panels & firesides,https://partiful.com/e/YUKBbGuv0GuGMQgCVxZB,1
f80d7fc5-3487-4db6-b8b0-a413b9095506,"AI Frontier Summit - Intelligence at Scale: Agents, Physical AI & Chips","AI Frontier Summit - Intelligence at Scale: Agents, Physical AI & Chips","11:00–11:30 AM | Registration, networking and demo showcase",2026-10-09,2026-10-09T10:30:00-07:00,2026-10-09T16:30:00-07:00,Mountain View,Santa Clara （Detailed address will be disclosed to approved onsite audience),"AI Pioneer Club, UC Santa Cruz Gen AI Center",Application,true,,637,build; meet,AI; Robotics & hardware,Coffee & breakfast; Panels & firesides,https://partiful.com/e/yFLBq1ig9Mu3UXvAAc1X,18
fe34ee3c-da02-41ad-b761-3759beb3b0b1,[Audrey Chou. Studio.] - # SFTechWeek - Movement & Media Community Meet Up,[Audrey Chou. Studio.] - # SFTechWeek - Movement & Media Community Meet Up,This event is a part of #[San Fransisco]TechWeek—a week of events hosted by VCs and startups to bring together the tech ecosystem.,2026-10-09,2026-10-09T18:00:00-07:00,2026-10-09T19:00:00-07:00,Virtual (SF),,ARESPHERE,Application,true,,33,raise; build; meet,Media & entertainment,Networking & mixers; Demos & pitches,https://partiful.com/e/EjjACgAy2a5eQOZ7HN9U,1
ff67c9f9-6bb3-46e8-87e7-35c753c003ff,Make Content Hackathon,Make Content Hackathon,I promise this time will be different :) You're finally going to post that reel you've been thinking about.,2026-10-09,2026-10-09T11:00:00-07:00,2026-10-09T14:30:00-07:00,Lower Nob Hill,,founderledmedia.com,Unknown,false,,,build,AI; Media & entertainment; GTM & sales,Hackathons & workshops,https://partiful.com/e/Nx5qyeoprhZJ6NvxRtyT,0
00462047-5c59-4851-8f6c-18580d3205fd,Waybox Car Wash,Waybox Car Wash,"We're building Miles, an AI passenger for your car — the hardware ships later this year.",2026-10-10,2026-10-10T13:00:00-07:00,,Stanford,Los Altos,Waybox Inc,Application,true,,33,meet,AI; GTM & sales,Happy hours & drinks,https://partiful.com/e/ma821w70HqpSiFiHyeQf,0
0a6d4153-20bd-489b-bbd4-cc69b953c9ce,What Should AI Leave Untouched? An Anti-Networking Salon on the Human Moat,What Should AI Leave Untouched? An Anti-Networking Salon on the Human Moat,"We’re bringing together an intimate gathering of curious owners and operators, researchers and engineers across technology, education, design, and community to talk about it.",2026-10-10,2026-10-10T17:00:00-07:00,2026-10-10T21:00:00-07:00,SOMA,,Trellis,Application,true,,,meet,AI; Media & entertainment,Networking & mixers,https://partiful.com/e/iaMmaTHRZDImM551mPIA,1
0e2a2278-d557-4652-9e44-0639f3cc9db5,Build For Her,Build For Her,BUILD FOR HER is a one-day Women’s Social Impact Hackathon presented by RoamHer.,2026-10-10,2026-10-10T09:00:00-07:00,2026-10-10T17:00:00-07:00,Other,,RoamHer and Glow Girl Social Club,Unknown,false,,,raise; build,AI; Health & biotech,Hackathons & workshops; Demos & pitches,https://partiful.com/e/YZxUe2n2J63HD57dVsOA?c=rP1KrfXX,1
0fd36a9a-410e-4a8c-ab1f-4f290e9d1c76,When off-the-shelf doesn't fit: owning your schematic tooling,When off-the-shelf doesn't fit: owning your schematic tooling,"A talk and live demo for senior engineering leaders in electrical, PCB, and hardware design.",2026-10-10,2026-10-10T18:00:00-07:00,,Downtown (SF),,Workflow Builder,Application,true,,8,raise; build; meet,,Networking & mixers; Panels & firesides; Demos & pitches,https://partiful.com/e/X2TijNAunDeyhvApcfQM,2
1bae81af-61c5-4285-bd89-6a9c9d722169,AI x Pre-Construction Hackathon,AI x Pre-Construction Hackathon,Join Blueprints AI during SF Tech Week for a weekend hackathon at the intersection of AI and pre-construction.,2026-10-10,2026-10-10T09:30:00-07:00,2026-10-10T17:30:00-07:00,SOMA,,Blueprints AI,Application,true,,,build,AI,Hackathons & workshops,https://partiful.com/e/LrP0CRpP78s082KsGciu,1
1e4bd0a4-3b03-4064-a766-ce16f6105597,Human-in-the-loop for AI agents and automated workflows,Human-in-the-loop for AI agents and automated workflows,"Your agentic workflow runs for days on Temporal. It retries, waits, resumes across failures, reliably. But when it's about to do something irreversible, who approves it, and on what surface?",2026-10-10,2026-10-10T18:00:00-07:00,,Fisherman's Wharf,,Workflow Builder,Application,true,,,raise; build; meet,,Networking & mixers; Panels & firesides; Demos & pitches,https://partiful.com/e/2WbsWzjnZJ95qy8liAH2,2
1ebc84d0-0201-403b-9736-51d250d64555,AAC Presents - Impact Room: Building The Future We Want,AAC Presents - Impact Room: Building The Future We Want,"After the discussion, join us for the Impact Room Mixer with great drinks, great food, and the chance to connect with some of the most innovative minds at NY Tech Week.",2026-10-10,2026-10-10T16:00:00-07:00,,Downtown (SF),,"AAC, TheAgentic",Application,true,,39,build; meet,AI,,https://partiful.com/e/FMe6QuPmb06PSdqOGIW0,1
240b62c7-664b-4cae-9c12-07b6f24eb2d9,Knovel Literary Club,Knovel Literary Club,"This event will be full of suprises join our book swap activation curated by Knovel Protocol, bringing readers together to trade stories, ideas, and perspectives face-to-face.",2026-10-10,2026-10-10T14:00:00-07:00,2026-10-10T16:00:00-07:00,Civic Center,,Knovel Protocol,Unknown,false,,101,build,Media & entertainment,Hackathons & workshops,https://partiful.com/e/vGNc5Lt3irOsNotIIaOP,0
264758c1-4d40-4fae-b889-f9c585e3b039,Physical AI founders and investors,Physical AI founders and investors,"Wrap up SF Tech Week with a little friendly competition and a lot of popsicle sticks. Come build, test, and see what you can make while meeting people working on physical AI. Whether your creation holds up or falls apart spectacularly, there’s plenty to talk about.",2026-10-10,2026-10-10T14:00:00-07:00,,SOMA,,Instance Labs,Unknown,false,,,raise; meet,AI; Robotics & hardware,Networking & mixers,https://partiful.com/e/ckKD460Z3EGiJJcpgND9,0
2a6f272a-72d2-43f5-a031-fa7836c7b1f7,"Get Your Company Featured to 1,000 Builders","Get Your Company Featured to 1,000 Builders","Have an opportunity to give - early hires, internships, a product people should try, a program, a partnership? Get your company featured to PilotCity's network of 1,000+ builders.",2026-10-10,2026-10-10T09:00:00-07:00,2026-10-10T21:00:00-07:00,SOMA,,PilotCity,Unknown,false,,,build,AI; Media & entertainment,Panels & firesides,https://partiful.com/e/xP8n4irULfN0SWS22JjR,0
2aaf3862-27ec-4f89-9d6d-972e6da4cf9b,Making the Agentic Web OPEN for business,Making the Agentic Web OPEN for business,In this session we address the fundamentals of what tech is needed to cross organizational boundaries so that we build an open agentic web that is truly open for business.,2026-10-10,2026-10-10T13:30:00-07:00,2026-10-10T16:30:00-07:00,Downtown (SF),,Foundation for Agentic Networks,Application,true,,141,meet,AI,Coffee & breakfast; Networking & mixers; Panels & firesides,https://partiful.com/e/szuJ4O82HwPxBKLIuITV,1
2ea9ffb9-d4c2-410f-b45c-94eab588be96,Talk to Users Hackathon,Talk to Users Hackathon,Most hackathons end with a demo to judges who've never touched your product.,2026-10-10,2026-10-10T09:00:00-07:00,2026-10-10T22:00:00-07:00,SOMA,"House of AI, 40 Boardman Pl, San Francisco, CA","Stripe, Base44, Cognition, Sense AI, Daytona, FishAudio, MongoDB, BrightData, Clerk",Application,true,,,raise; build,AI,Hackathons & workshops; Demos & pitches,https://partiful.com/e/0FqprP2FJcBX3ogGRJmd,11
315289f7-fbcd-47a7-a68c-58c2b73a38e5,"Devs, Games & Pizza","Devs, Games & Pizza","Close out SF Tech Week 2026 with a cozy night of games. No panels, no pitches just come through and wind down with some pizza, games, and chill vibes.",2026-10-10,2026-10-10T17:30:00-07:00,2026-10-10T20:30:00-07:00,Dogpatch,,Upriver,Unknown,false,,,build; meet; fun,AI,Dinners; Happy hours & drinks; Networking & mixers,https://partiful.com/e/gQO8WRelWMu9cls1ZmwX,1
32228db4-9900-4214-9964-63cf33d758b3,Oyster Bake 2026,Oyster Bake 2026,Come join us at the #SFTechWeek Oyster Bake for a shuckin' good time!,2026-10-10,2026-10-10T12:00:00-07:00,2026-10-10T18:00:00-07:00,Other,,Starlite VC,Application,true,,,raise; meet,AI; Finance,Coffee & breakfast; Happy hours & drinks,https://partiful.com/e/B1HKY3iS4ChgAbTFZ4Vf,2
34a15801-55f0-4f64-918d-71dfea68aa7b,Vecty: The Balance Sheet Ride,Vecty: The Balance Sheet Ride,,2026-10-10,2026-10-10T08:00:00-07:00,,Golden Gate Park,,Vecty,Application,true,,45,meet,AI; Finance,Networking & mixers,https://partiful.com/e/wURfxAwzIOt45wvNkIle,1
38038f43-5c39-4626-95f9-7e301f8f3c6a,AI in Real Estate Investing,"Explore AI tools for valuation, underwriting and real-estate portfolios",Content Highlights: The program features a panel discussion and tool demos on:,2026-10-10,2026-10-10T18:30:00-07:00,2026-10-10T20:30:00-07:00,Lower Nob Hill,,AI in Real Estate Investing,Unknown,false,,143,build; sell; meet,AI,Panels & firesides,https://partiful.com/e/Lid1B9WHMbC9AH9QkQLg,6
42d69013-f345-45e4-a7bf-70c866d08216,Context Party x Interf,Context Party x Interf,"Expect a demo, healthy food, conversations on making agents work with context, building Knowledge Graphs, and context-first operating systems.",2026-10-10,2026-10-10T17:00:00-07:00,2026-10-10T19:00:00-07:00,Rincon Hill,,Interf,Application,true,,24,raise; build; meet; fun,AI,Parties & raves; Dinners; Happy hours & drinks; Demos & pitches,https://partiful.com/e/Y5bpPhTd2CoIHaiqfmAC,1
43ac93db-0868-4e09-b531-adf536a5293d,Health Tech Run,Health Tech Run,"We’re bringing together founders, operators, investors, clinicians, researchers, and anyone interested in healthcare and technology for a casual Saturday morning run along the waterfront, followed by coffee.",2026-10-10,2026-10-10T09:00:00-07:00,,Marina,"Little Marina Green Picnic Area, 3950 Scott St, San Francisco, CA",Berkeley Haas,Application,true,,,meet; fun,Health & biotech,Runs & walks,https://partiful.com/e/flBPpnBtJVsg6OvtZwCG,1
45806170-5a4c-404e-ad35-92ef9967e196,"The Next Big Name in Painting — Live, In a Living Room","The Next Big Name in Painting — Live, In a Living Room",Join us for an intimate salon evening inside Dr.,2026-10-10,2026-10-10T16:30:00-07:00,2026-10-10T18:00:00-07:00,Palo Alto,"Los Altos, Los Altos, CA","Unfram_d, Deutsche Bank",Application,true,,,raise; build; meet,AI; Finance; Media & entertainment,Networking & mixers; Panels & firesides; Hackathons & workshops,https://partiful.com/e/veXbBVb4QYUaQbMUq3fA,5
53a1276d-2b02-4faf-9b81-4887998a6d4c,Wellness Mixer for High Performers and Corporate Teams: by TAYWay & Velle,Wellness Mixer for High Performers and Corporate Teams: by TAYWay & Velle,"We’ll begin with an energizing workout led by Taylor Hall of TAYWay, followed by recovery, refreshments, intentional introductions, and a short live demo of PrepChef AI—a personalized meal-planning platform founded by Velle’s Anika…",2026-10-10,2026-10-10T10:00:00-07:00,2026-10-10T12:00:00-07:00,Embarcadero,,Velle,Application,true,,92,build; meet; fun,AI; Health & biotech,Networking & mixers,https://partiful.com/e/aIlUvNYZ9tBmOtktsNLE,2
542a7958-c50f-49ab-8582-7642d16e6981,The 10x Engineer Showed Up. The 10x Organization Didn't.,The 10x Engineer Showed Up. The 10x Organization Didn't.,A private breakfast for engineering leaders · #SFTechWeek Presented by Workflow Builder (by Synergy Codes) and Tentaro,2026-10-10,2026-10-10T11:00:00-07:00,,Fisherman's Wharf,,"Workflow Builder, Tentaro",Application,true,,10,build; meet,,Coffee & breakfast,https://partiful.com/e/zwbGNqHSOURU3cAxMVBa,5
5d1da472-a930-46dd-9840-82b08a10acbe,AI Wearables | Flexible Biosensors,AI Wearables | Flexible Biosensors,"A session on AI and flexible biosensors during SF Tech Week, hosted by Catalyst Bay.",2026-10-10,2026-10-10T11:00:00-07:00,2026-10-10T13:30:00-07:00,FiDi (SF),"181 2nd St, San Francisco, CA",Catalyst Bay,Application,true,,239,meet,AI; Robotics & hardware; Health & biotech,Coffee & breakfast; Networking & mixers; Panels & firesides,https://partiful.com/e/mYGS6wUpaPlN9kijg6yv,7
5deb7d95-3481-4d1e-a86b-65126cca359a,From Reviews to Intelligence: The Next Generation of Beauty Discovery.,From Reviews to Intelligence: The Next Generation of Beauty Discovery.,"Beauty discovery is moving beyond star ratings, generic recommendations, and one-size-fits-all algorithms.",2026-10-10,2026-10-10T15:00:00-07:00,,Design District,,WaxPrint Media,Application,true,,47,raise; meet,AI; Finance,Networking & mixers; Panels & firesides,https://partiful.com/e/VkfyNbmVnEMqWK9Dpg57,0
6034eb61-e13f-40d4-b679-c2d342def921,Decision-Grade AI @ Stanford ⚡️ A Buildathon on LLM Trust,Prototype ways to verify LLM outputs and make agents more trustworthy,Decision-Grade AI is a Stanford-based panel discussion + buildathon bringing together technical builders to prototype that missing layer.,2026-10-10,2026-10-10T10:30:00-07:00,2026-10-10T15:30:00-07:00,Stanford,1881 Page Mill Rd - Industrious Palo Alto Page Mill,"Ezio, TokenRouter",Unknown,false,,,build,AI,Hackathons & workshops; Panels & firesides,https://partiful.com/e/VVaPHqxrY0UYMInN3HZY,9
64e7a451-d7a4-41c6-89d7-cf31802d3a88,In Her Timing: Women Founders & Investors Connecting,In Her Timing: Women Founders & Investors Connecting,"Then we’ll move into a light, fast paced matchmaking experience designed to help everyone meet more people in the room without the awkwardness of traditional networking.",2026-10-10,2026-10-10T13:00:00-07:00,,SOMA,,Timing,Application,true,,177,raise; meet,AI; Finance,Happy hours & drinks; Networking & mixers,https://partiful.com/e/xZ6A2953w3Q7aSqfTcce,1
673b2b19-8362-45db-b6ee-2f31e2635ae9,Tech Parents & Founders: Donuts & Dolores Park Social 🍩,Tech Parents & Founders: Donuts & Dolores Park Social 🍩,"Balancing startup growth or a tech career while supporting your kids' academic success is a massive hurdle. Let’s wind down the weekend together! Join us for a completely casual Saturday afternoon hang at Dolores Park to network with other tech professionals, People Ops leaders, …",2026-10-10,2026-10-10T15:30:00-07:00,,Mission,,Office Hours Consulting,Unknown,false,,,raise; meet,AI; Finance,Coffee & breakfast; Networking & mixers,https://partiful.com/e/oD0yFgQHyeGJ2869qNSw,1
68527b84-fac7-4d1f-9b5d-9a78e57097aa,GCSx SF 2026,GCSx SF 2026,"GCSx the city-based networking format under the GCS series, designed to bring together founders, investors, industry experts, media, and business partners in a more intimate and high-quality setting.",2026-10-10,2026-10-10T15:00:00-07:00,2026-10-10T18:00:00-07:00,Downtown (SF),,American Ecosystem Institute Inc,Application,true,,113,meet,AI; Robotics & hardware,Networking & mixers; Panels & firesides,https://partiful.com/e/FLjtX2paT7237rigE6VY,3
70cd2265-0c56-45f8-85d9-c742101cd9c7,DATA IN MOTION - COHARTS #SF Tech Week,DATA IN MOTION - COHARTS #SF Tech Week,,2026-10-10,2026-10-10T17:00:00-07:00,2026-10-10T20:00:00-07:00,East Bay,"Fremont, California",Coharts,Application,true,,64,meet,AI; Health & biotech,Networking & mixers,https://partiful.com/e/Xdr6qCVyvM7b3b8F1d1T,0
71e4f513-2c6c-4af3-a3c5-f76a322af8b8,Maritime (YC F26) Launch Party at Corgi Cafe,Maritime (YC F26) Launch Party at Corgi Cafe,"Join Maritime (YC F26) for the hottest launch party of SF Tech Week, hosted at Corgi Cafe",2026-10-10,2026-10-10T17:00:00-07:00,2026-10-10T20:30:00-07:00,Civic Center,"Corgi Cafe, 9 Claude Ln, San Francisco, CA",Maritime,Application,true,,,build; fun,AI,Parties & raves; Hackathons & workshops,https://partiful.com/e/7mBJK6qkKf09A8PaBMKf,1
7d8c05d8-a87d-4346-abd5-df2a5d95fdd0,Investor-Founder Connect,Investor-Founder Connect,"Join asan during SF Tech Week for an Investor Founder Connect, a panel bringing together South Asian founders and investors for candid, high-signal conversation.",2026-10-10,2026-10-10T14:30:00-07:00,2026-10-10T17:00:00-07:00,Downtown (SF),,american south asian network,Application,true,,49,raise; build; meet,AI; Finance; GTM & sales,Panels & firesides; Demos & pitches,https://partiful.com/e/d7AZNpgOWsuhNvlccUES,0
7f8484eb-0f23-4943-aade-862ffd4bd184,The Robot Contest + Afterparty,The Robot Contest + Afterparty,Silicon Valley's newest robots compete live and YOU pick the winner.,2026-10-10,2026-10-10T17:30:00-07:00,2026-10-10T19:30:00-07:00,SOMA,,Daidai Labs and Fontaine Founders,Unknown,false,,,build,Robotics & hardware,Hackathons & workshops,https://partiful.com/e/BIshLI09kD7gJ3py1JLW,7
86125ab1-a65c-4ea6-8726-c422a6cf3e0f,Build a BankGPT,Build a BankGPT,One afternoon to build the AI agent that fixes your most important money problem.,2026-10-10,2026-10-10T13:00:00-07:00,2026-10-10T18:00:00-07:00,FiDi (SF),"interface.ai HQ, 44 Montgomery St, San Francisco, CA",interface.ai,Application,true,,,build,AI; Finance,Hackathons & workshops,https://partiful.com/e/4rLfbkxeEzzjePbKFTqp,1
8761e121-c7d7-48bd-924d-9de4424093a3,Speak Easy: Pitch Lab Social,Speak Easy: Pitch Lab Social,✦ Optional pitch practice with feedback from Dr.,2026-10-10,2026-10-10T17:00:00-07:00,2026-10-10T19:00:00-07:00,Russian Hill,"Novela, 662 Mission St, San Francisco, CA",Speech & Mind,Application,true,,55,raise; meet,Media & entertainment; AI; Finance,Demos & pitches; Happy hours & drinks; Networking & mixers,https://partiful.com/e/iad1vwBQBOvTcpWUxc2S,1
8bb32a87-2055-44a1-80cf-c423f49d2b63,New Friendship Tech Week,New Friendship Tech Week,Address Released to Approved & Registered Guests.,2026-10-10,2026-10-10T18:00:00-07:00,2026-10-11T02:00:00-07:00,Other,,New Friendship Tech,Unknown,false,,100,meet,Media & entertainment; AI,Happy hours & drinks; Networking & mixers,https://partiful.com/e/ce0YzCcxk9RbdqqKWDyN,1
8daef8c0-0ae4-478a-b052-bef47aedd314,5K Run with Founders Running Club x MongoDB,5K Run with Founders Running Club x MongoDB,Join our super chill Running + Networking Special Edition at #SFTechWeek 🏃☕✨,2026-10-10,2026-10-10T09:30:00-07:00,2026-10-10T12:00:00-07:00,Panhandle,,Founder Running Club,Unknown,false,,132,raise; meet; fun,Media & entertainment; AI; Finance,Runs & walks; Coffee & breakfast; Networking & mixers,https://partiful.com/e/Tgl8hYcqeDm11sG7SAm4,1
8e4851c2-90ba-46a0-a4b9-84e6a50cec10,Eatopia Dinner Lab @ Stanford University: Personalized Nutrition Protocol,Eatopia Dinner Lab @ Stanford University: Personalized Nutrition Protocol,"Join Eatopia.ai and the Stanford Entrepreneurship Club for a hands-on SF Tech Week Dinner Lab exploring nutrition, wearable data, and the decisions that data alone can’t make for you.",2026-10-10,2026-10-10T17:30:00-07:00,2026-10-10T20:30:00-07:00,Palo Alto,,Eatopia,Application,true,,125,build; meet,AI; Health & biotech,Dinners,https://partiful.com/e/cj75MHwkRejMYwBdIwRL,1
8fe538bd-390b-4e18-969c-29a8d15e91f2,Deep Tech Founder's Retreat,Deep Tech Founder's Retreat,"Join us for a hidden gem in nature to recharge your batteries after one week of networking, partying and meeting new people.",2026-10-10,2026-10-10T13:00:00-07:00,2026-10-10T18:00:00-07:00,Other,,Omni Ventures,Application,true,,94,meet,AI,Networking & mixers; Panels & firesides,https://partiful.com/e/Ei7saDh4ngw5RLMAd6kY,1
8feca166-f84c-4f41-b3f5-0054c319e71a,Behind the Angel Check: A Fireside Chaat,Behind the Angel Check: A Fireside Chaat,"Join Bhargavi, Founder of Brown Girl Angels, and Anika, Co-Host at Get the Check Podcast, during San Francisco Tech Week for a chai and chaat with Jaya Gupta (Partner at Foundation Capital).",2026-10-10,2026-10-10T11:00:00-07:00,,Hayes Valley,,"Get the Check Podcast, Brown Girl Angels",Application,true,,,raise; meet,AI; Finance,Panels & firesides; Coffee & breakfast; Networking & mixers,https://partiful.com/e/I8onz31CBvjneMxV9qY0,6
91790b43-be59-4c27-adda-59d18e1614e9,PrincipiumX: The First Principles Way to Find the Next 10X Opportunity Hiding in Your Product.,PrincipiumX: The First Principles Way to Find the Next 10X Opportunity Hiding in Your Product.,"Join us for an interactive breakfast workshop where we will introduce PX Thinking and its two movements: Reversion and Genesis, through a real business case tackling some of the toughest challenges faced by founders everyday.",2026-10-10,2026-10-10T09:00:00-07:00,2026-10-10T11:00:00-07:00,Downtown (SF),"SOMA, San Francisco, CA",PrincipiumX,Application,true,,83,build; meet,AI,Coffee & breakfast; Hackathons & workshops,https://partiful.com/e/QK0IzhhRb1yO68X3WOIU,2
96333460-14d7-407a-b278-e6988dce672d,Ask a VP of Sales: Live GTM Office Hours for Early-Stage B2B Founders,Ask a VP of Sales: Live GTM Office Hours for Early-Stage B2B Founders,"Join Kat Rucker, Fractional VP of Sales and Marketing, for small-group office hours focused on early-stage go-to-market strategy.",2026-10-10,2026-10-10T09:00:00-07:00,2026-10-10T10:00:00-07:00,Virtual (SF),,Kat Rucker Consulting Group,Application,true,,105,build; sell,GTM & sales,Hackathons & workshops,https://partiful.com/e/WoTqO8knJHjHcaf1OaP1,2
9824c839-1524-4eb4-904b-14bfbb2efa05,the Route. a Tech Week run and walk,the Route. a Tech Week run and walk,"Three miles, Saturday morning, before the week catches up with anyone.",2026-10-10,2026-10-10T08:00:00-07:00,,Other,"Golden Gate Park, 501 Stanyan St, San Francisco, CA",Skye Air Mobility,Application,true,,13,raise; meet; fun,AI; Finance,Runs & walks; Networking & mixers,https://partiful.com/e/gFnqLh7SkT3rcsFWkioT,1
9a3fee93-0c7d-4f71-be43-47b365e9be7b,Make Your Store ChatGPT-Famous,Make Your Store ChatGPT-Famous,"Spend Saturday afternoon working on exactly that, hands-on.",2026-10-10,2026-10-10T12:00:00-07:00,2026-10-10T20:00:00-07:00,SOMA,,Mervia AI,Application,true,,15,build; meet,AI; GTM & sales,Dinners; Hackathons & workshops,https://partiful.com/e/mBcigql3ElnmayngEByH,1
a272457d-8f95-4456-8816-59272fff86cf,What Should Stay Human?,What Should Stay Human?,"​We have been through many changes as people and as a species, and something has always carried us through. This session is a chance to look at that honestly, together.",2026-10-10,2026-10-10T14:00:00-07:00,2026-10-10T16:30:00-07:00,Hayes Valley,,Insightsout,Unknown,false,,,build,AI,Hackathons & workshops,https://partiful.com/e/wzUazN1wpCTG55JxFhed,1
a4d98973-9e1a-4bd5-955c-397498e4598a,Let Your Funding Take Flight!,Let Your Funding Take Flight!,"Exceptional startups are invited to join us atop Russian Hill to enjoy food, beverages, networking and great views!",2026-10-10,2026-10-10T14:00:00-07:00,2026-10-10T17:00:00-07:00,Russian Hill,"Sharon Vosmek, 2164 Hyde St 714, San Francisco, CA",Astia,Application,true,,76,raise; meet,AI; Finance; Health & biotech,Networking & mixers,https://partiful.com/e/R3qCnsWOZCClN3ysRpwt,8
a53ce76a-5d5e-48fc-940e-8c68e6ec635d,Meshy × Chrona: Build Multiplayer 3D Worlds With AI,Meshy × Chrona: Build Multiplayer 3D Worlds With AI,"On Saturday, October 10, Meshy × Chrona bring 3D artists, game builders, vibe coders, filmmakers, founders and investors into one room to find out — live demos, hands-on co-building and fireside chats at SF Tech Week 2026.",2026-10-10,2026-10-10T13:30:00-07:00,2026-10-10T17:00:00-07:00,FiDi (SF),Downtown San Francisco,"alterverse.tech, bytedance",Application,true,,229,raise; build,AI; Media & entertainment,Panels & firesides; Demos & pitches; Hackathons & workshops,https://partiful.com/e/hgyN4UiBL4s3vA0ATTbr,2
ab5f73aa-557c-490a-97e0-d46e47a5c2d3,AI on Trial: The Liability Moot Court by Ollive,AI on Trial: The Liability Moot Court by Ollive,"Join AI founders, insurers, general counsels, litigators for a live moot court that puts an AI agent failure on trial.",2026-10-10,2026-10-10T10:00:00-07:00,2026-10-10T20:00:00-07:00,Union Square (SF),,Ollive AI,Application,true,,13,meet,AI; Health & biotech,Coffee & breakfast; Happy hours & drinks,https://partiful.com/e/7SREO9BJoZt27SRZqqo6,1
acf562a7-64bb-4246-b829-abf416f14a56,PlantWave Listening Lounge,PlantWave Listening Lounge,Step away from the noise of Tech Week and tune into nature.,2026-10-10,2026-10-10T16:00:00-07:00,2026-10-10T19:00:00-07:00,SOMA,,Data Garden,Unknown,false,,,,Media & entertainment; Robotics & hardware,,https://partiful.com/e/2Cvr3TnZ1r6XWYUSk0vL,0
ad78474b-b1ab-4411-a298-eb2ff9b8d6b1,Sip & Ship: The Un-Hackathon,Sip & Ship: The Un-Hackathon,"Watch modern tools and workflows turn ideas into real, testable products—and build along, LIVE!",2026-10-10,2026-10-10T11:00:00-07:00,2026-10-10T13:00:00-07:00,Virtual (SF),,Your Next Win,Application,true,,,raise; build,AI,Hackathons & workshops; Demos & pitches,https://partiful.com/e/NQP3sGlQyiCl4TiujIcX,2
adbe9905-fe68-4db4-855e-c13f8d2c4bfa,Exited Founders and QP Allocators: Coastal Walk and Coffee 👟🤝,Take a coastal walk with exited founders and QP allocators,Join a highly curated group of AI founders with exit experience and Qualified Purchaser allocators for a scenic waterfront walk and coffee to close out SF Tech Week.,2026-10-10,2026-10-10T10:00:00-07:00,2026-10-10T12:00:00-07:00,Marina,"Coastal Area, San Francisco","Equity X Investments, LLC",Application,true,,,raise; meet; fun,AI; Finance,Coffee & breakfast; Runs & walks; Networking & mixers,https://partiful.com/e/49vffuDjwlXrztaBu4Gh,0
afac43d7-1c9a-4016-a330-52ec5aa11245,INTERFACE: Hack the Space Between,INTERFACE: Hack the Space Between,"INTERFACE is a 24-hour hackathon that challenges the best devs to reinvent how humans interface with machines, the world, and each other.",2026-10-10,2026-10-10T11:00:00-07:00,2026-10-11T17:00:00-07:00,SOMA,"2 Marina Blvd, San Francisco, CA",Field Lab,Application,true,,27,build; meet,AI; Media & entertainment,Hackathons & workshops; Networking & mixers,https://partiful.com/e/AkfcAYRQeMprRyPklVKe,2
b6a052b3-9ff6-47cc-97e8-23010b459ea8,"Forward Deployed Engineer: Hear From Experts, Then Try It","Forward Deployed Engineer: Hear From Experts, Then Try It","The Forward Deployed Engineer is the role every AI company is suddenly hiring for -- technical, fast-moving, and embedded directly with customers.",2026-10-10,2026-10-10T16:00:00-07:00,,Palo Alto,"Stanford University, Palo Alto, CA",Stanford University,Application,true,,82,raise; build,AI,Panels & firesides; Demos & pitches; Hackathons & workshops,https://partiful.com/e/ngZCgIwIkuNT1ekTG74j,3
bad937ec-1951-47af-8134-a737803ff5a0,Canyon Wrap Party,Canyon Wrap Party,"Celebrate the finale of SF Tech Week with the Canyon team, global brand ambassadors, and the local Bay Area tech community! We’re taking over The Motoring Club for a high-energy night featuring music, drinks, light bites. Beyond the party, this is your final opportunity for a han…",2026-10-10,2026-10-10T18:00:00-07:00,2026-10-10T21:00:00-07:00,Cow Hollow,,Canyon Bicycles,Unknown,false,,,meet; fun,AI; Robotics & hardware,Happy hours & drinks; Networking & mixers,https://www.grouprides.cc/dashboard/canyon-predict-open-house-2026-10-11,0
bf2b7d0a-7c19-41e4-b4a2-c7017af26a8b,PlantWave Listening Lounge,PlantWave Listening Lounge,Step away from the noise of Tech Week and tune into nature.,2026-10-10,2026-10-10T10:00:00-07:00,2026-10-10T14:00:00-07:00,SOMA,,Data Garden,Unknown,false,,,,Media & entertainment; Robotics & hardware,,https://partiful.com/e/p8pKFBagPoKN8ETRCx1d,0
cc1667e5-c6bd-4cdd-987b-4ed1cbcd7593,Backlog to PR- An Evening with Vorflux,Backlog to PR- An Evening with Vorflux,"Come hang!
We're hosting a casual evening with founders, engineers, and builders during SF Tech Week. Good people, good food and drinks. If you're curious, a live look at what happens when you hand your engineering backlog to an AI agent that actually ships.",2026-10-10,2026-10-10T18:00:00-07:00,,SOMA,,Vorflux,Application,true,,,raise; build; meet,AI,Happy hours & drinks; Networking & mixers; Demos & pitches; Hackathons & workshops,https://partiful.com/e/MfchyWbPwcU9ay1rwLGK,1
ce55419a-acd1-4427-a668-e1d592780d3c,Design in the age of AI,Design in the age of AI,"The event will also include dedicated networking and discussion time, giving attendees the opportunity to connect, exchange ideas, and explore how AI is influencing design practice across both digital and physical products.",2026-10-10,2026-10-10T14:00:00-07:00,2026-10-10T17:00:00-07:00,Mission,"The Producer's Loft Studio, 2773 Folsom St, Ste 101, San Francisco, CA","UXPie, Industrial Designers Society of America, San Francisco",RSVP,false,LimitedAvailability,100,meet,AI; Media & entertainment,Networking & mixers,https://partiful.com/e/SWYE5SbpdaBXFZGZ8RZQ,3
d4a0d533-e927-4140-9949-a6b5193531b2,Tech n Techno Breakfast Rave,Tech n Techno Breakfast Rave,Special DJ from the nightclubs of Berlin + breakfast and coffee! Let loose after a full week of SF Tech week.,2026-10-10,2026-10-10T10:30:00-07:00,2026-10-10T12:30:00-07:00,SOMA,,BlueAlpha,Unknown,false,,,meet; fun,,Coffee & breakfast; Happy hours & drinks,https://partiful.com/e/43PEuhssrkkUelS3fKcs,0
db966769-5fa5-42af-8455-f333d29d2fb6,Computer-Use Research Salon,Computer-Use Research Salon,Agents can pass the bar exam and still get stuck on a dropdown menu.,2026-10-10,2026-10-10T13:00:00-07:00,,Downtown (SF),,Quetta Labs,Unknown,false,,,build; meet,AI,Coffee & breakfast; Hackathons & workshops,https://partiful.com/e/JoetWd5pgrNHPhTU2pyZ,4
ddfbf057-83a2-4191-a358-217cd462a8e4,Canyon Group Ride,Canyon Group Ride,"25-mile no-drop community road ride hosted by Canyon ambassadors and featured athletes (ride leaders announced closer to the event). Doors open at The Motoring Club, San Francisco at 8:00 AM for pre-ride complimentary coffee and fresh local pastries, with wheels rolling at 8:45 A…",2026-10-10,2026-10-10T08:00:00-07:00,2026-10-10T11:00:00-07:00,Cow Hollow,,Canyon Bicycles,Unknown,false,,,meet,AI; Media & entertainment,Networking & mixers,https://www.grouprides.cc/rides/canyon-sf-tech-week-group-ride-2026-10-10,0
e24f7d3b-5bd7-42c2-8f53-a7476c56b9a3,Walk & Talk: Founders & VCs Stroll Through Golden Gate Park,Walk & Talk: Founders & VCs Stroll Through Golden Gate Park,"Bring your legal questions and join us for a stroll through Golden Gate Park to Strawberry Hill and back — a relaxed, no-pitch-deck way to talk startup and VC law.",2026-10-10,2026-10-10T10:00:00-07:00,,Golden Gate Park,,Venture Point Legal P.C.,Application,true,,132,raise; meet; fun,AI; Finance,Runs & walks; Coffee & breakfast,https://partiful.com/e/rqhHIizMG8ip7T2GPNle,2
e2f37889-5984-4423-9b10-c609c4931e6e,CreatorThon,CreatorThon,This event is a part of #[San Francisco]TechWeek—a week of events hosted by VCs and startups to bring together the tech ecosystem.,2026-10-10,2026-10-10T10:30:00-07:00,2026-10-10T13:30:00-07:00,Palo Alto,,"Intuition Intelligence, Inc.",Application,true,,45,build; meet,Media & entertainment; AI,Hackathons & workshops; Networking & mixers,https://partiful.com/e/CTB86Knx8hMdweP8yc8t,1
e3d0c97a-8719-490f-89f1-2d488c769878,NGEN Student Founder Summit: Only Student Founder Event @ SFTW,NGEN Student Founder Summit: Only Student Founder Event @ SFTW,- $10K pitch competition hosted by Blue & Gold Ventures,2026-10-10,2026-10-10T11:00:00-07:00,2026-10-10T16:00:00-07:00,FiDi (SF),"420 Bryant St, San Francisco, CA",NextGen Entrepreneurial Network (NGEN),Application,true,,184,raise; build; meet,AI; Finance,Networking & mixers; Panels & firesides; Demos & pitches,https://partiful.com/e/AHTvSZmLrILsG9xn5cMC,9
e602a8ff-18ca-4071-a2b9-622c50fa3860,CarShowAndWine,CarShowAndWine,"Ferraris, Lamborghinis, Porsches, and a glass of wine in your hand.",2026-10-10,2026-10-10T11:00:00-07:00,2026-10-10T14:00:00-07:00,Mission,,OnlyExit Ventures,Application,true,,146,raise,AI; Finance,,https://partiful.com/e/gbrzbkq3jIn2vZF9AlXm,3
e6a114d3-c8ff-4127-bd49-f1724245dcac,Frontier in Action: Physical AI Demo Day,Frontier in Action: Physical AI Demo Day,"Co-hosted with NXTVC (San Francisco Chapter), a national community for pre-partner venture capital investors, together with 500 Global, Sixty Degree, Spatial Frontier Club, and Mission Robotics, the gathering connects next-generation…",2026-10-10,2026-10-10T13:00:00-07:00,2026-10-10T17:00:00-07:00,Mission,,fig studio,Application,true,,121,raise; build; meet,AI; Robotics & hardware,Demos & pitches; Networking & mixers; Panels & firesides,https://partiful.com/e/7XM8nAxogCgC4onY5eA1,0
e701e7d6-4f92-44bb-bf1f-620ff6e2496e,Multiplayer Hackathon by Party,Multiplayer Hackathon by Party,Multiplayer Building is here.,2026-10-10,2026-10-10T09:30:00-07:00,2026-10-10T18:00:00-07:00,Palo Alto,,"Maitai, Inc.",Unknown,false,,,build; meet; fun,AI,Dinners; Hackathons & workshops; Networking & mixers,https://partiful.com/e/Yli5RTuTNef8W1sIOzYN,1
e9edd3fe-1cf5-48b6-a89c-0d566e42d269,Engineered Serendipity Party,Engineered Serendipity Party,Most great connections still happen by chance.,2026-10-10,2026-10-10T18:00:00-07:00,2026-10-10T21:00:00-07:00,Mission,,Purpose:Labs,Application,true,,125,meet; fun,AI; Media & entertainment,Parties & raves; Networking & mixers,https://partiful.com/e/QAafuIpRXubOX4wXcOqg,0
ec9da888-037b-484d-abe4-1ab2be5ce899,Creative Data Hackathon,Creative Data Hackathon,One goal: find the most creative way to showcase data.,2026-10-10,2026-10-10T12:00:00-07:00,2026-10-10T18:00:00-07:00,Mission,,Cala,Application,true,,19,build,AI; Media & entertainment,Hackathons & workshops,https://partiful.com/e/4Nry0dbtCjTQvjewRNx3,0
ef82ea23-ed9e-411a-a34e-07851cb6fd52,Cocktail Networking,Cocktail Networking,Black tie cocktail networking.,2026-10-10,2026-10-10T19:00:00-07:00,2026-10-10T22:00:00-07:00,Downtown (SF),,Flex,Application,true,,,raise; meet,AI; Finance,Networking & mixers; Happy hours & drinks,https://partiful.com/e/8TAZomB9rOZVfZkEJS7k,1
f1c22f93-1ad0-4359-bf37-092476c8e566,"Care at a Distance: AI, Sensors & the Future of Aging","Care at a Distance: AI, Sensors & the Future of Aging","Through short talks, panel discussions, and audience Q&A, we’ll explore how these systems can offer families useful insight and reassurance while respecting older adults’ privacy and autonomy.",2026-10-10,2026-10-10T14:00:00-07:00,2026-10-10T17:00:00-07:00,Palo Alto,"Stanford University EVGR-B Room 144, Palo Alto, CA",Stanford students (Crane Huang and Xiaojing Xing),Application,true,,200,meet,AI; Health & biotech,Networking & mixers; Panels & firesides,https://partiful.com/e/IdewRQj8ffxtXnEOkgyu,12
f3e5f8be-31d0-4999-9654-bd7d6bf132c4,[The Second Act: Post-Exit Strategy & 0-to-1 Blueprint for Serial Founders],[The Second Act: Post-Exit Strategy & 0-to-1 Blueprint for Serial Founders],An Exclusive Off-the-Record Roundtable for Exited Founders Planning Their Next Big Venture,2026-10-10,2026-10-10T20:00:00-07:00,2026-10-10T21:00:00-07:00,SOMA,"DM, 2 New Montgomery St DM, San Francisco, CA",Fund Bridge,Application,true,,,build; meet,AI; Robotics & hardware,Dinners,https://partiful.com/e/4sFCEahxeoZMUX0fWKZC,2
f524e371-1996-42c0-b308-42df47286bec,Vibe Coding the AI-Native Organization,Vibe Coding the AI-Native Organization,"In this session, we’ll explore what it means to create an AI-native organization—one where people collaborate with AI to turn intent into action, rapidly prototype new workflows, automate repetitive work, and continuously redesign how…",2026-10-10,2026-10-10T11:00:00-07:00,,Palo Alto,,Frevana (Finpeak Inc),Application,true,,99,build; meet,AI,Coffee & breakfast; Hackathons & workshops,https://partiful.com/e/vXjKt4VW7agqzxBv0yXs,4
f85a2009-8d27-40a6-817d-cde1fd97f986,Oasis Multi-Agent Hackathon,Oasis Multi-Agent Hackathon,"A full-day hackathon for engineers, researchers, and builders who want to ship something real with AI agents.",2026-10-10,2026-10-10T09:00:00-07:00,2026-10-10T21:00:00-07:00,FiDi (SF),,Oasis,Application,true,,,build,AI,Hackathons & workshops,https://partiful.com/e/5y1cutDBiOHnkmngq1Y2,1
f8762930-3491-46da-b741-87746663e107,Raisable Founders & Investors Night,Raisable Founders & Investors Night,"By Saturday you'll have been through a full week of meetups, panels, mixers and parties.",2026-10-10,2026-10-10T17:00:00-07:00,,Downtown (SF),,Raisable,Application,true,,,raise; meet,AI; Finance,Networking & mixers; Panels & firesides,https://partiful.com/e/3BZkPE3Z6tiJiurNeLqK,2
f9dad556-7d86-48c0-ad37-125f72014492,AI Infra & Frontier Builders BBQ | Powered by Flatkey & Realset,AI Infra & Frontier Builders BBQ | Powered by Flatkey & Realset,"Calling all AI Founders, Researchers, Compute Providers, and Model Builders in the Bay Area! Join us for a high-signal evening of BBQ, drinks, and deep-tech discussions in San Jose.",2026-10-10,2026-10-10T12:00:00-07:00,,Other,,flatkey.ai,Application,true,,,build; meet,AI,Coffee & breakfast,https://partiful.com/e/EspFu7bq2rb56HkQGwJK,1
fa988d40-881a-4452-b325-01f35ea7e6cb,FASHION TECH,FASHION TECH,"Join us for an inspiring evening celebrating innovation, empowerment, and style , where fashion meets technology.",2026-10-10,2026-10-10T17:00:00-07:00,2026-10-10T19:00:00-07:00,Marina,"BAKANA, 3063 Fillmore St, San Francisco, CA",BAKANA EVENTS,Application,true,,132,meet,Media & entertainment; AI,Happy hours & drinks; Networking & mixers,https://partiful.com/e/WPTzGWUtUpLlYR3FEf0J,0
fe2bb9fc-8457-4277-b288-5b7f77ecb21d,Harness in Frontier AI systems,Watch live system-prompt audits and learn to evaluate your own,Every AI product runs on a system prompt you never get to read.,2026-10-10,,,Downtown (SF),,SystemPromptIndex,Application,true,,175,raise; build; meet,AI,Networking & mixers; Panels & firesides; Demos & pitches; Hackathons & workshops,https://partiful.com/e/IkyRSQi9wVNy4OmVheNY,3
0997942e-bd36-486e-aad1-613f1b020504,A Quarter of Founder Content in 1 hr + The Swag Makeover,A Quarter of Founder Content in 1 hr + The Swag Makeover,"Founder-led marketing drives the highest organic conversion on LinkedIn and X, but most founders don't have hours to stage photo shoots or design apparel people actually want to wear.",2026-10-11,2026-10-11T10:00:00-07:00,2026-10-11T11:30:00-07:00,FiDi (SF),,StylesIQ,Unknown,false,,,,AI,,https://partiful.com/e/x9JFNcMlU1DVqeZBwkAw,0
10fadd6c-a090-4ddc-b4f9-428bce950968,Climate Tech Mixer,Climate Tech Mixer,"The networking mixer is designed to bring together climate tech founders, investors, builders, and operators in a friendly gathering place.",2026-10-11,2026-10-11T07:00:00-07:00,2026-10-11T08:00:00-07:00,Virtual (SF),,Optivide,Application,true,,53,raise; build; meet,AI; Finance,Networking & mixers; Coffee & breakfast,https://partiful.com/e/AJhZAWo96MvazEXswHEU,0
177aaa7e-b2d1-4fcb-b73c-46ddbd2a1ed5,Musical Hack Night,Musical Hack Night,An intentionally low-stakes mini hackathon for anything involving sound.,2026-10-11,2026-10-11T19:00:00-07:00,2026-10-11T21:30:00-07:00,SOMA,,Eli Willis Music,Application,true,,,build,AI; Media & entertainment,Hackathons & workshops,https://partiful.com/e/o3TycEu5OgGn8jTnVoKm,1
1aa3beea-03e6-4cae-83c1-f731dfa509d5,Shopping 3.0: the AI Commerce Hackathon with Arcade,Shopping 3.0: the AI Commerce Hackathon with Arcade,But almost no AI can make the thing that goes in the box.,2026-10-11,2026-10-11T10:00:00-07:00,2026-10-11T18:00:00-07:00,Union Square (SF),"TIAT: The Intersection of Art and Technology, 151 Powell St, San Francisco, CA",Arcade AI,Application,true,,65,build,AI; Media & entertainment,Hackathons & workshops,https://partiful.com/e/GmB2RWwfd99JotCPG2C3,6
24c02020-e862-4f35-8af7-f69ef6a44493,Charity Miles Run Club with Social Impact SF,Charity Miles Run Club with Social Impact SF,"Join Social Impact SF during SF Tech Week for a 2-mile community run along Crissy Field, starting and ending at Sports Basement Presidio.",2026-10-11,2026-10-11T09:00:00-07:00,,Presidio Heights,,Social Impact SF / RemotelyGood.us,Application,true,,74,meet; fun,AI,Runs & walks; Coffee & breakfast; Networking & mixers,https://partiful.com/e/u5g1ZeFcHHz1QlyBVFlL,1
30c239a4-638a-4bd6-8d51-e15259668f51,SpeedHacks: The Official speedrun Hackathon,SpeedHacks: The Official speedrun Hackathon,speedhacks is the official closing hackathon of SF Hack Week!,2026-10-11,2026-10-11T09:00:00-07:00,2026-10-11T21:00:00-07:00,Jackson Square,,speedrun + speedrun Alpha,Unknown,false,,,build,AI,Hackathons & workshops,https://partiful.com/e/tthQk11QYKKZJRKvLGBQ,0
346a3586-055d-44b1-8ac6-b62158204d75,Raisable Founders & Investors Hike,Raisable Founders & Investors Hike,"After a week of packed calendars, we're ending SF Tech Week outside.",2026-10-11,2026-10-11T10:00:00-07:00,,Stanford,California,Raisable,Application,true,,,raise; meet; fun,AI; Finance,Coffee & breakfast,https://partiful.com/e/6gkWkl17DZIpVMe2dhLP,2
34e29213-8711-4f45-9d8e-5552785b5a37,After Abundance: What Makes AI Content Worth Making,After Abundance: What Makes AI Content Worth Making,"Anyone can generate a video now. That part is solved. The harder question is what makes something worth watching, remembering, and paying for once production costs almost nothing.",2026-10-11,2026-10-11T13:30:00-07:00,2026-10-11T16:30:00-07:00,SOMA,,Pollo.ai,Unknown,false,,,build; meet,AI; Media & entertainment,Networking & mixers; Panels & firesides; Hackathons & workshops,https://partiful.com/e/ML6DJQrOIs42uydjgEKJ,2
3e62858c-4273-4e34-b0d7-62adeac47875,Sunset and Tacos on Mount Tam,Sunset and Tacos on Mount Tam,"The closing event of the week: carpool up Mount Tam, tacos at the top, and beautiful sunset.",2026-10-11,2026-10-11T18:30:00-07:00,2026-10-11T21:00:00-07:00,Panhandle,,Leverage.work,Application,true,,191,meet; fun,AI,Dinners,https://partiful.com/e/ils9nfmabIbWqBRDEYVY,2
3e68275d-051e-47a3-b8aa-7a8ed9cd06cf,VRIFYD Live Hiring Lab Demo 2.0,VRIFYD Live Hiring Lab Demo 2.0,Getting hired shouldn't mean tricking an algorithm.,2026-10-11,2026-10-11T14:00:00-07:00,,Civic Center,"Paris Cafe, 142 McAllister St, San Francisco, CA",Vrifyd,Unknown,false,,75,raise; build; hire; meet,AI,Demos & pitches; Hackathons & workshops,https://partiful.com/e/bWbPCio6CaNMPN5Zb0G5,0
4a099b67-2c3c-4343-a04d-6a84caa6591c,From Data Collection to Real-Time Impact: A Demo of Metriproof for Nonprofits,From Data Collection to Real-Time Impact: A Demo of Metriproof for Nonprofits,This session will be a practical look at how nonprofits can leverage real-time data without requiring massive technology teams or complex infrastructure.,2026-10-11,2026-10-11T10:00:00-07:00,,Other,,WizeTrak,Application,true,,44,raise; build,,Demos & pitches,https://partiful.com/e/pxzI5Ce4SjhiCBj0vICB,0
4f13af78-adc9-405f-bca4-d2348efd5208,PlantWave Listening Lounge,PlantWave Listening Lounge,Step away from the noise of Tech Week and tune into nature.,2026-10-11,2026-10-11T16:00:00-07:00,2026-10-11T19:00:00-07:00,SOMA,,Data Garden,Unknown,false,,,,Media & entertainment; Robotics & hardware,,https://partiful.com/e/V84hVbVueqRM0bislWyA,0
549535eb-e0db-4d3e-9a1a-8cebd6e3f600,Pets of Tech Week,Pets of Tech Week,"A morning walk for pet parents, founders, and their pets no pitches, no panels, just Dolores Park, coffee, and good company.",2026-10-11,2026-10-11T08:30:00-07:00,,Mission,"Meet at Dolores Park, walk a loop, finish at coffee on Valencia. Dense pet culture, 10 minutes from the SoMa event core.",Omelo Inc,Application,true,,52,meet,AI; Health & biotech,Coffee & breakfast,https://partiful.com/e/hwuJQiaVZp5hj5h7f5Ec,1
590c7daa-231b-4c00-b038-e93d5630db79,`touch ./GRASS` the Outdoor Voice Coding Hackathon 🌿,`touch ./GRASS` the Outdoor Voice Coding Hackathon 🌿,Join us for a full-day build sprint exploring the future of AI agents.,2026-10-11,2026-10-11T09:45:00-07:00,2026-10-11T18:30:00-07:00,Palo Alto,,"Openbase, Maritime, Sundai Club",Application,true,,144,build; meet,AI,Hackathons & workshops,https://partiful.com/e/9LIzPkFXp0xQpzjqryNJ,4
5b7f0b42-7807-4445-99c0-753692eacaa5,[Community Wellness Retreat],[Community Wellness Retreat],"A day of wellness, wisdom and community during SF Tech Week",2026-10-11,2026-10-11T09:00:00-07:00,2026-10-11T14:00:00-07:00,Downtown (SF),,Engineered to Live,Application,true,,87,build; meet; fun,Health & biotech,,https://partiful.com/e/HxGffb0kIyB67oRYXTHx,1
64d5c54f-8128-4d8b-913a-5fcbd9bcc14e,The Afterparty for Your Nervous System,The Afterparty for Your Nervous System,"After a week of panels, dinners, pitch decks, introductions, and being ""on,” this is a place to come back to yourself.",2026-10-11,2026-10-11T13:30:00-07:00,,Mission,"Equinox Sports Club San Francisco, 747 Market St, San Francisco, CA",Infinity Angels 777,Application,true,,88,meet; fun,Health & biotech,Parties & raves; Afterparties; Networking & mixers,https://partiful.com/e/mcwbUvvhY0RMBqOTJNZ5,1
850c6640-0321-4bd4-8650-87f7275fa044,"Sunday Signals: AI, Risk & Real Estate","Sunday Signals: AI, Risk & Real Estate","Join VeriCasa and LSEG for an intimate Sunday brunch during San Francisco Tech Week, bringing together leaders across AI, RegTech, PropTech, financial services and real estate.",2026-10-11,2026-10-11T13:00:00-07:00,,Mission,,VERICASA,Application,true,,130,meet,AI,Coffee & breakfast,https://partiful.com/e/ovzVaWYQaouiaxK3efp1,1
88af9295-2ccc-4bf8-bbc5-1eb223817051,The Harness Engineering & Model Wrangling Hackathon,The Harness Engineering & Model Wrangling Hackathon,We'll have engineers from MongoDB and partner teams on-site for hands-on support throughout the day.,2026-10-11,,,Embarcadero,"Shack15, 1 Ferry Building, Suite 201, San Francisco, CA",MongoDB,Application,true,,,build,AI,Hackathons & workshops,https://partiful.com/e/SLKAGzRbpQ3d3TGM8pAU,4
8eb5ce7c-7aee-4336-8c98-88b73c4ac796,PlantWave Listening Lounge,PlantWave Listening Lounge,Step away from the noise of Tech Week and tune into nature.,2026-10-11,2026-10-11T10:00:00-07:00,2026-10-11T14:00:00-07:00,SOMA,,Data Garden,Unknown,false,,,,Media & entertainment; Robotics & hardware,,https://partiful.com/e/WG7UTJny13AjOYG9vbtm,0
98a92450-36a6-4ec8-bff3-ddf70dc92398,Goals & Wine Tasting for People Leaders,Goals & Wine Tasting for People Leaders,Join this intimate gathering of People Leaders where we'll talk HRtech and #goals over a 5-course wine and homemade food tasting.,2026-10-11,2026-10-11T14:30:00-07:00,2026-10-11T17:30:00-07:00,East Bay,"876 Bronson Lane, Walnut Creek, CA",Valutare,Application,true,,16,meet,,Coffee & breakfast; Happy hours & drinks,https://partiful.com/e/GtEYtRrfr4KdCJFLjdXd,1
9d45348f-7a48-481b-bfcf-9eb3653f6e62,UC Berkeley Innovation Intelligence Hackathon,UC Berkeley Innovation Intelligence Hackathon,"Join us for a hands-on, innovation focused hackathon hosted by the UC Berkeley SCET Innovators-in-Residence program and DECODE, the largest founder community co-hosted across UC Berkeley and Stanford.",2026-10-11,2026-10-11T13:00:00-07:00,2026-10-11T16:00:00-07:00,East Bay,,UC Berkeley SCET Innovators in Residence Program,Application,true,,,build; meet,AI,Hackathons & workshops; Networking & mixers,https://partiful.com/e/RooXgfy6sLQdTwi53NXi,4
a3b10fc3-68d9-4e4a-b03e-68fe1bc29cfe,"The Next Frontier: AI, Capital & Scale","The Next Frontier: AI, Capital & Scale",Join us during SF Tech Week for a technical evening focused on what it takes to build and deploy AI at scale.,2026-10-11,2026-10-11T19:00:00-07:00,2026-10-11T22:45:00-07:00,Stanford,,Humain and Diwan,Application,true,,,raise; meet,AI,Networking & mixers; Panels & firesides,https://partiful.com/e/mTbH6ySnpY7HXwtSPUTJ,0
a5883fcf-2757-4523-91ea-251e4accbabd,🤍Sunday Service & Brunch,Spend Sunday at a service and brunch with Hype Network,"Join us for Sunday service at VIVE Church San Francisco (free coffee on us), followed by post church brunch to reflect on and close out SF Tech week together.",2026-10-11,2026-10-11T10:15:00-07:00,2026-10-11T16:00:00-07:00,Mission Bay,"VIVE Church, 655 De Haro St, San Francisco, CA",Hype Network,RSVP,false,,68,build; meet,AI,Coffee & breakfast; Networking & mixers; Hackathons & workshops,https://partiful.com/e/Hsc4RUdszCPRoLfglJ49,0
a64055bd-cc4c-4397-be3d-bdd167026d8f,Recursive Self Improvement Hack: Evals,Recursive Self Improvement Hack: Evals,By joining this event you agree to take care & vigilance of the following:,2026-10-11,2026-10-11T10:00:00-07:00,2026-10-11T20:00:00-07:00,Civic Center,,Autolab.ai,Application,true,,,build,AI,Hackathons & workshops,https://partiful.com/e/1lLMxvbQTi8A4xbLBQv6,2
afd749e0-7c9b-494f-8071-2103b998cfdd,Physical AI Research Breakthroughs,Physical AI Research Breakthroughs,"Jury
Speakers from Physical Intelligence, Skild AI, Lux Capital, Hugging Face, Agility Robotics, and Apptronik— TBA.",2026-10-11,2026-10-11T12:00:00-07:00,,Downtown (SF),,Sobremesa,Application,true,,,raise; build; meet,AI; Robotics & hardware,Networking & mixers; Demos & pitches; Hackathons & workshops,https://partiful.com/e/0V6hDzgLY5eiodbugteB,0
b9993c52-f05b-464d-a74f-f7dab154743b,AI Founders & Investors Silicon Valley Event (Riviera x IntelliPro x Tech Week),AI Founders & Investors Silicon Valley Event (Riviera x IntelliPro x Tech Week),"Networking (30 mins): Connect with founders, partners, and investors",2026-10-11,2026-10-11T13:00:00-07:00,2026-10-11T17:00:00-07:00,Other,,"Riviera Holdings Venture Capital, IntelliPro",Application,true,,6,raise; sell; meet,AI; Finance,Panels & firesides,https://partiful.com/e/c2x4pdoTTupa0edrrNyk,0
bf023f68-830c-42c1-971d-37903278930b,Human-in-the-Loop: Run Smarter Small Businesses with trust,Human-in-the-Loop: Run Smarter Small Businesses with trust,"The core thesis: AI and automation can dramatically improve how small businesses operate, but the goal shouldn’t be to remove people from the process.",2026-10-11,2026-10-11T11:00:00-07:00,,Other,,WizeTrak,Application,true,,77,raise; build; fun,,Runs & walks; Demos & pitches,https://partiful.com/e/B0Qgt9YcrKJBuZNr0Aen,0
bfb6fa98-dde1-43d6-af54-fae311789244,Brain optimization summit 2026,Brain optimization summit 2026,"This all day event illuminates the cutting edge of new technology to make us sharper, and slow down, prevent, reverse, or engineer solutions for peak brain performance and neurological diseases.",2026-10-11,2026-10-11T09:30:00-07:00,2026-10-11T17:30:00-07:00,Dogpatch,"135 Mississippi St, San Francisco, CA",NeuroAge Therapeutics,Unknown,false,,,,AI,Panels & firesides,https://partiful.com/e/PILcXc8bpt6AwQJxMrUZ,9
ce57fb9a-8785-408c-b016-307c272e6e6e,Talk On The Hill,Talk On The Hill,Talk On The Hill is a part of #SFTechWeek—a week of events hosted by VCs and startups to bring together the tech ecosystem.,2026-10-11,2026-10-11T14:00:00-07:00,2026-10-11T16:00:00-07:00,Mission,"Bernal Heights Park, 10 Bernal Heights Blvd, San Francisco, CA",Horizon House,Application,true,,105,meet,Media & entertainment; AI,Networking & mixers,https://partiful.com/e/LNwDocRvYRHUbYy48Zb8,1
d52041c1-b3b9-4071-8963-47ffe182f643,15th Pakistan Tech Summit,15th Pakistan Tech Summit,"Since its founding in Oslo in 2019, the Pakistan Tech Summit has traveled across Silicon Valley, Riyadh, Istanbul, Dubai, Berlin and beyond — uniting thousands of high-profile delegates and forging partnerships that have reshaped how…",2026-10-11,2026-10-11T12:00:00-07:00,,Civic Center,"Saluhall SF, 945 Market St, San Francisco, CA",Ejad Labs,RSVP,false,,121,,GTM & sales,Panels & firesides,https://partiful.com/e/kVhaLktWJTM19P3nUSI8,4
eca8c380-bb81-4f5a-bc1a-5a2ea49f50e3,B@BHacks 2.0 ($10k+ in prizes),B@BHacks 2.0 ($10k+ in prizes),B@BHacks 2.0. $10k+ cash prizes.,2026-10-11,2026-10-11T10:00:00-07:00,2026-10-11T20:00:00-07:00,East Bay,,Hackathon Company,Application,true,,19,build,AI; Media & entertainment,Hackathons & workshops,https://partiful.com/e/FESXDGMiAnHSWMztsBHP,1
